"DateTime";"[Diag Pack][QAI - Capteur 1][Humidité] %"
"2022-03-15 02:12:30";43
"2022-03-15 03:12:30";42
"2022-03-15 17:12:30";43
"2022-03-15 18:12:30";42
"2022-03-15 19:12:30";41
"2022-03-16 01:12:30";42
"2022-03-16 09:12:30";43
"2022-03-16 11:12:30";44
"2022-03-16 12:12:30";43
"2022-03-16 13:12:30";42
"2022-03-16 14:12:30";43
"2022-03-16 15:12:30";45
"2022-03-16 16:12:30";44
"2022-03-16 17:12:30";43
"2022-03-16 18:12:30";44
"2022-03-16 19:12:30";45
"2022-03-16 20:12:30";47
"2022-03-16 21:12:30";43
"2022-03-17 02:12:30";44
"2022-03-17 05:12:30";45
"2022-03-17 09:12:30";48
"2022-03-17 10:12:30";52
"2022-03-17 11:12:30";49
"2022-03-17 12:12:30";47
"2022-03-17 13:12:30";46
"2022-03-17 14:12:30";45
"2022-03-17 17:12:30";47
"2022-03-17 19:12:30";48
"2022-03-17 21:12:30";46
"2022-03-17 22:12:30";44
"2022-03-17 23:12:30";42
"2022-03-18 02:12:30";41
"2022-03-18 06:35:00";41,999877929688
"2022-03-18 06:45:00";41,5
"2022-03-18 06:50:00";41,99951171875
"2022-03-18 07:30:00";42,25
"2022-03-18 07:45:00";42,9375
"2022-03-18 07:50:00";42,359375
"2022-03-18 07:55:00";42,999755859375
"2022-03-18 08:30:00";43,99609375
"2022-03-18 08:35:00";45,874877929688
"2022-03-18 08:55:00";46,9375
"2022-03-18 09:55:00";46,0625
"2022-03-18 10:00:00";47
"2022-03-18 10:05:00";46,03125
"2022-03-18 10:08:32";47
"2022-03-18 10:11:33";46
"2022-03-18 10:20:36";48
"2022-03-18 10:21:21";49
"2022-03-18 10:21:44";48
"2022-03-18 10:22:06";47
"2022-03-18 10:22:29";46
"2022-03-18 10:23:37";47
"2022-03-18 10:23:59";46
"2022-03-18 10:35:18";45
"2022-03-18 10:36:26";46
"2022-03-18 10:36:48";45
"2022-03-18 11:18:40";44
"2022-03-18 11:19:03";45
"2022-03-18 11:56:23";44
"2022-03-18 11:57:30";45
"2022-03-18 11:57:53";44
"2022-03-18 12:00:31";45
"2022-03-18 12:01:17";44
"2022-03-18 12:26:10";45
"2022-03-18 12:27:18";44
"2022-03-18 12:34:28";45
"2022-03-18 12:34:50";44
"2022-03-18 13:54:24";43
"2022-03-18 13:56:17";44
"2022-03-18 13:57:48";43
"2022-03-18 14:27:35";44
"2022-03-18 14:35:08";45
"2022-03-18 14:35:53";44
"2022-03-18 14:41:55";45
"2022-03-18 14:42:17";44
"2022-03-18 14:46:03";43
"2022-03-18 14:46:48";44
"2022-03-18 14:47:56";43
"2022-03-18 15:24:31";42
"2022-03-18 15:25:17";43
"2022-03-18 15:36:58";42
"2022-03-18 15:42:37";43
"2022-03-18 15:46:46";42
"2022-03-18 15:49:02";43
"2022-03-18 18:34:57";42
"2022-03-18 18:36:28";43
"2022-03-18 18:40:14";42
"2022-03-18 18:45:30";43
"2022-03-18 18:48:54";42
"2022-03-18 18:57:57";43
"2022-03-18 19:00:59";42
"2022-03-18 19:23:14";43
"2022-03-18 19:37:11";42
"2022-03-18 19:37:34";43
"2022-03-18 19:38:19";42
"2022-03-18 19:43:58";43
"2022-03-18 19:47:22";42
"2022-03-18 20:12:15";43
"2022-03-18 20:13:23";42
"2022-03-18 20:17:09";43
"2022-03-19 01:53:13";44
"2022-03-19 03:25:35";43
"2022-03-19 03:25:57";44
"2022-03-19 03:26:43";43
"2022-03-19 03:29:44";44
"2022-03-19 03:32:22";43
"2022-03-19 03:32:45";44
"2022-03-19 03:33:30";43
"2022-03-19 03:36:31";44
"2022-03-19 03:37:39";43
"2022-03-19 03:38:01";44
"2022-03-19 03:38:24";43
"2022-03-19 03:38:46";44
"2022-03-19 03:39:32";43
"2022-03-19 03:41:47";44
"2022-03-19 03:53:28";43
"2022-03-19 03:54:14";44
"2022-03-19 03:55:45";43
"2022-03-19 03:57:15";44
"2022-03-19 03:58:23";43
"2022-03-19 03:59:31";44
"2022-03-19 04:04:02";43
"2022-03-19 04:04:25";44
"2022-03-19 04:04:47";43
"2022-03-19 04:05:33";44
"2022-03-19 04:05:55";43
"2022-03-19 04:06:40";44
"2022-03-19 04:07:26";43
"2022-03-19 04:07:48";44
"2022-03-19 04:09:42";43
"2022-03-19 04:11:12";44
"2022-03-19 04:12:42";43
"2022-03-19 04:19:52";44
"2022-03-19 04:20:15";43
"2022-03-19 05:43:58";42
"2022-03-19 06:06:58";43
"2022-03-19 06:07:21";42
"2022-03-19 06:07:44";43
"2022-03-19 06:08:06";42
"2022-03-19 06:08:29";43
"2022-03-19 06:08:52";42
"2022-03-19 06:09:14";43
"2022-03-19 06:12:15";42
"2022-03-19 06:12:38";43
"2022-03-19 06:20:33";42
"2022-03-19 06:21:18";43
"2022-03-19 06:22:48";42
"2022-03-19 07:17:08";41
"2022-03-19 07:17:31";40
"2022-03-19 07:19:24";41
"2022-03-19 07:20:32";40
"2022-03-19 07:22:47";41
"2022-03-19 07:23:55";40
"2022-03-19 07:26:11";41
"2022-03-19 07:28:27";42
"2022-03-19 07:31:05";41
"2022-03-19 07:31:50";42
"2022-03-19 07:32:58";41
"2022-03-19 07:35:59";42
"2022-03-19 07:39:23";41
"2022-03-19 07:46:55";42
"2022-03-19 07:48:26";41
"2022-03-19 07:48:48";42
"2022-03-19 07:49:11";41
"2022-03-19 08:30:18";40
"2022-03-19 08:32:57";41
"2022-03-19 08:33:19";40
"2022-03-19 08:34:05";41
"2022-03-19 12:00:03";40
"2022-03-19 12:13:38";41
"2022-03-19 12:14:24";40
"2022-03-19 12:16:17";41
"2022-03-19 12:16:39";40
"2022-03-19 12:40:48";41
"2022-03-19 12:42:41";40
"2022-03-19 12:43:04";41
"2022-03-19 12:45:20";40
"2022-03-19 12:59:40";39
"2022-03-19 13:00:02";40
"2022-03-19 13:03:26";39
"2022-03-19 13:04:11";40
"2022-03-19 13:04:34";39
"2022-03-19 13:23:03";38
"2022-03-19 13:23:49";39
"2022-03-19 13:24:57";38
"2022-03-19 13:25:19";39
"2022-03-19 13:26:04";38
"2022-03-19 13:27:13";39
"2022-03-19 13:27:35";38
"2022-03-19 13:27:58";39
"2022-03-19 13:28:21";38
"2022-03-19 13:29:28";39
"2022-03-19 13:30:59";38
"2022-03-19 13:41:10";37
"2022-03-19 13:42:18";38
"2022-03-19 13:42:41";37
"2022-03-19 13:46:27";36
"2022-03-19 13:46:50";37
"2022-03-19 13:55:08";36
"2022-03-19 13:55:30";37
"2022-03-19 13:55:53";36
"2022-03-19 13:57:01";37
"2022-03-19 13:57:24";36
"2022-03-19 13:58:32";37
"2022-03-19 14:00:25";36
"2022-03-19 14:35:07";35
"2022-03-19 14:35:52";36
"2022-03-19 14:36:15";35
"2022-03-19 14:37:23";36
"2022-03-19 14:38:53";35
"2022-03-19 14:42:17";36
"2022-03-19 14:44:33";35
"2022-03-19 15:12:05";34
"2022-03-19 15:13:59";35
"2022-03-19 15:14:44";34
"2022-03-19 15:26:03";33
"2022-03-19 15:26:48";34
"2022-03-19 15:29:27";33
"2022-03-19 15:33:35";34
"2022-03-19 15:34:43";33
"2022-03-19 15:35:06";34
"2022-03-19 15:35:51";33
"2022-03-19 15:37:44";32
"2022-03-19 15:38:30";33
"2022-03-19 15:45:17";32
"2022-03-19 15:46:02";33
"2022-03-19 15:52:04";32
"2022-03-19 15:54:42";33
"2022-03-19 15:55:27";32
"2022-03-19 15:58:29";33
"2022-03-19 16:00:22";32
"2022-03-19 16:02:15";33
"2022-03-19 16:05:16";32
"2022-03-19 16:06:47";33
"2022-03-19 16:09:48";32
"2022-03-19 16:10:33";33
"2022-03-19 16:10:56";32
"2022-03-19 16:15:27";33
"2022-03-19 16:16:12";32
"2022-03-19 16:25:38";33
"2022-03-19 16:26:01";32
"2022-03-19 16:37:20";31
"2022-03-19 16:37:43";32
"2022-03-19 16:44:07";31
"2022-03-19 16:44:30";32
"2022-03-19 16:47:08";31
"2022-03-19 16:47:54";32
"2022-03-19 16:50:55";31
"2022-03-19 16:53:10";32
"2022-03-19 16:53:33";31
"2022-03-19 16:59:58";32
"2022-03-19 17:01:51";31
"2022-03-19 17:02:59";32
"2022-03-19 17:12:47";31
"2022-03-19 17:13:10";32
"2022-03-19 17:14:41";31
"2022-03-19 17:15:03";32
"2022-03-19 17:15:49";31
"2022-03-19 17:16:34";32
"2022-03-19 17:16:56";31
"2022-03-19 17:17:19";32
"2022-03-19 17:19:12";31
"2022-03-19 17:19:35";32
"2022-03-19 17:19:58";31
"2022-03-19 17:22:13";32
"2022-03-19 17:23:21";31
"2022-03-19 17:25:37";32
"2022-03-19 17:36:33";31
"2022-03-19 17:37:18";32
"2022-03-19 17:41:05";31
"2022-03-19 17:42:12";32
"2022-03-19 17:42:35";31
"2022-03-19 17:42:58";32
"2022-03-19 17:47:07";31
"2022-03-19 17:47:29";32
"2022-03-19 17:51:16";31
"2022-03-19 17:51:38";30
"2022-03-19 17:52:24";31
"2022-03-19 17:54:39";30
"2022-03-19 17:55:25";31
"2022-03-19 17:56:33";30
"2022-03-19 17:58:03";31
"2022-03-19 17:58:26";30
"2022-03-19 17:58:48";31
"2022-03-19 17:59:11";30
"2022-03-19 18:05:13";29
"2022-03-19 18:14:39";28
"2022-03-19 18:15:01";29
"2022-03-19 18:16:54";28
"2022-03-19 18:20:18";29
"2022-03-19 18:20:40";28
"2022-03-19 18:35:23";29
"2022-03-19 18:36:31";28
"2022-03-19 18:36:54";29
"2022-03-19 18:38:24";28
"2022-03-19 18:40:40";27
"2022-03-19 18:51:14";26
"2022-03-19 18:51:37";27
"2022-03-19 18:51:59";26
"2022-03-19 18:53:07";27
"2022-03-19 18:53:30";26
"2022-03-19 18:54:15";27
"2022-03-19 18:54:38";26
"2022-03-19 18:55:00";27
"2022-03-19 18:55:45";26
"2022-03-19 18:56:08";27
"2022-03-19 18:56:31";26
"2022-03-19 18:56:53";27
"2022-03-19 18:58:01";26
"2022-03-19 18:58:24";27
"2022-03-19 19:08:35";26
"2022-03-19 19:08:58";27
"2022-03-19 19:10:50";28
"2022-03-19 19:12:21";27
"2022-03-19 19:21:24";26
"2022-03-19 19:21:47";27
"2022-03-19 19:22:32";28
"2022-03-19 19:22:54";27
"2022-03-19 19:25:55";26
"2022-03-19 19:28:34";27
"2022-03-19 19:28:56";26
"2022-03-19 19:32:21";27
"2022-03-19 19:32:43";26
"2022-03-19 19:33:06";27
"2022-03-19 20:24:46";28
"2022-03-19 20:25:08";27
"2022-03-19 20:25:53";28
"2022-03-19 20:26:16";27
"2022-03-19 20:30:48";28
"2022-03-19 20:31:10";27
"2022-03-19 20:31:33";28
"2022-03-19 20:31:55";27
"2022-03-19 20:33:49";28
"2022-03-19 20:34:11";27
"2022-03-19 20:39:28";28
"2022-03-19 20:40:36";27
"2022-03-19 20:41:44";28
"2022-03-19 20:42:07";27
"2022-03-19 20:43:14";28
"2022-03-19 20:45:08";27
"2022-03-19 20:45:30";28
"2022-03-19 20:46:16";27
"2022-03-19 20:47:01";28
"2022-03-19 20:47:23";27
"2022-03-19 20:47:46";28
"2022-03-19 20:48:09";27
"2022-03-19 20:48:31";28
"2022-03-19 20:48:54";27
"2022-03-19 20:49:16";28
"2022-03-19 20:51:09";27
"2022-03-19 20:51:32";28
"2022-03-19 21:21:19";29
"2022-03-19 22:05:04";30
"2022-03-19 22:06:12";29
"2022-03-19 22:06:35";30
"2022-03-19 22:08:28";29
"2022-03-19 22:08:51";30
"2022-03-19 22:56:22";29
"2022-03-19 22:56:45";30
"2022-03-19 22:57:07";29
"2022-03-19 22:57:30";30
"2022-03-19 22:58:15";29
"2022-03-19 22:59:46";30
"2022-03-19 23:00:08";29
"2022-03-19 23:00:53";30
"2022-03-19 23:16:22";29
"2022-03-19 23:16:44";30
"2022-03-19 23:18:37";29
"2022-03-19 23:20:53";30
"2022-03-19 23:37:29";29
"2022-03-19 23:38:14";30
"2022-03-19 23:42:23";29
"2022-03-20 01:27:59";30
"2022-03-20 02:37:46";31
"2022-03-20 02:38:31";30
"2022-03-20 02:40:24";31
"2022-03-20 02:41:10";30
"2022-03-20 02:42:40";31
"2022-03-20 02:43:26";30
"2022-03-20 02:44:56";31
"2022-03-20 02:45:19";30
"2022-03-20 02:48:42";31
"2022-03-20 02:49:05";30
"2022-03-20 02:52:06";31
"2022-03-20 02:52:28";30
"2022-03-20 02:54:21";31
"2022-03-20 02:54:44";30
"2022-03-20 02:55:06";31
"2022-03-20 02:55:29";30
"2022-03-20 02:56:37";31
"2022-03-20 02:58:07";30
"2022-03-20 02:59:38";31
"2022-03-20 03:01:08";30
"2022-03-20 03:01:31";31
"2022-03-20 03:02:16";30
"2022-03-20 03:02:38";31
"2022-03-20 03:03:24";30
"2022-03-20 03:04:54";31
"2022-03-20 03:05:17";30
"2022-03-20 03:06:47";31
"2022-03-20 03:07:10";30
"2022-03-20 03:09:03";31
"2022-03-20 03:09:48";30
"2022-03-20 03:10:11";31
"2022-03-20 03:10:33";30
"2022-03-20 03:11:19";31
"2022-03-20 03:11:41";30
"2022-03-20 03:12:27";31
"2022-03-20 03:12:49";30
"2022-03-20 03:13:12";31
"2022-03-20 03:13:35";30
"2022-03-20 03:13:57";31
"2022-03-20 03:14:20";30
"2022-03-20 03:15:28";31
"2022-03-20 03:16:35";30
"2022-03-20 03:17:43";31
"2022-03-20 03:27:09";30
"2022-03-20 03:33:34";31
"2022-03-20 03:33:56";30
"2022-03-20 03:35:27";31
"2022-03-20 03:37:43";30
"2022-03-20 03:38:05";31
"2022-03-20 03:39:59";30
"2022-03-20 03:41:29";31
"2022-03-20 03:41:52";30
"2022-03-20 03:52:48";31
"2022-03-20 03:53:11";30
"2022-03-20 03:53:33";31
"2022-03-20 03:53:56";30
"2022-03-20 03:55:04";31
"2022-03-20 03:55:26";30
"2022-03-20 03:56:12";31
"2022-03-20 03:56:34";30
"2022-03-20 03:56:57";31
"2022-03-20 03:57:19";30
"2022-03-20 03:57:42";31
"2022-03-20 03:58:05";30
"2022-03-20 03:58:27";31
"2022-03-20 03:58:50";30
"2022-03-20 03:59:58";31
"2022-03-20 04:00:21";30
"2022-03-20 04:26:00";29
"2022-03-20 04:27:30";30
"2022-03-20 04:27:53";29
"2022-03-20 05:36:09";30
"2022-03-20 05:36:54";29
"2022-03-20 05:37:17";30
"2022-03-20 06:11:14";31
"2022-03-20 06:39:09";32
"2022-03-20 07:09:41";33
"2022-03-20 07:35:42";34
"2022-03-20 07:37:12";33
"2022-03-20 07:37:58";34
"2022-03-20 07:38:20";33
"2022-03-20 07:39:05";34
"2022-03-20 08:12:39";35
"2022-03-20 08:14:55";34
"2022-03-20 08:15:18";35
"2022-03-20 08:15:40";34
"2022-03-20 08:16:03";35
"2022-03-20 08:16:48";34
"2022-03-20 08:17:33";35
"2022-03-20 08:56:02";36
"2022-03-20 08:59:03";35
"2022-03-20 09:01:42";36
"2022-03-20 09:02:27";35
"2022-03-20 09:02:50";36
"2022-03-20 09:29:59";37
"2022-03-20 10:03:11";38
"2022-03-20 11:09:55";37
"2022-03-20 11:10:18";38
"2022-03-20 11:11:26";37
"2022-03-20 11:12:11";38
"2022-03-20 11:12:56";37
"2022-03-20 11:13:19";38
"2022-03-20 11:14:04";37
"2022-03-20 11:14:27";38
"2022-03-20 11:32:10";37
"2022-03-20 11:34:03";38
"2022-03-20 11:34:26";37
"2022-03-20 11:34:49";38
"2022-03-20 11:35:34";37
"2022-03-20 12:11:46";38
"2022-03-20 12:12:08";37
"2022-03-20 12:38:10";38
"2022-03-20 12:38:55";37
"2022-03-20 12:40:25";38
"2022-03-20 12:41:56";37
"2022-03-20 13:08:43";38
"2022-03-20 13:09:51";37
"2022-03-20 13:10:14";38
"2022-03-20 13:35:53";37
"2022-03-20 13:41:10";38
"2022-03-20 13:41:33";37
"2022-03-20 13:50:13";38
"2022-03-20 13:58:31";37
"2022-03-20 13:59:16";38
"2022-03-20 14:02:40";37
"2022-03-20 14:06:03";38
"2022-03-20 14:06:26";37
"2022-03-20 14:39:14";36
"2022-03-20 14:42:38";37
"2022-03-20 15:33:09";36
"2022-03-20 15:34:40";37
"2022-03-20 15:35:25";36
"2022-03-20 15:50:31";37
"2022-03-20 17:10:06";36
"2022-03-20 17:10:29";37
"2022-03-20 17:29:43";36
"2022-03-20 17:30:28";37
"2022-03-20 18:19:07";38
"2022-03-20 18:19:29";37
"2022-03-20 20:47:42";38
"2022-03-20 20:48:05";37
"2022-03-20 21:06:34";38
"2022-03-20 21:06:56";37
"2022-03-20 21:13:44";38
"2022-03-20 21:14:06";37
"2022-03-20 21:15:37";38
"2022-03-20 21:16:00";37
"2022-03-20 21:26:11";38
"2022-03-20 21:26:34";37
"2022-03-20 21:26:56";38
"2022-03-20 21:27:19";37
"2022-03-21 00:05:01";38
"2022-03-21 00:05:23";37
"2022-03-21 00:06:31";38
"2022-03-21 00:06:54";37
"2022-03-21 00:12:33";38
"2022-03-21 00:12:56";37
"2022-03-21 01:50:39";38
"2022-03-21 01:52:55";37
"2022-03-21 01:54:03";38
"2022-03-21 02:03:51";37
"2022-03-21 02:04:37";38
"2022-03-21 02:04:59";37
"2022-03-21 02:07:15";38
"2022-03-21 02:08:45";37
"2022-03-21 02:43:50";38
"2022-03-21 02:44:35";37
"2022-03-21 02:48:22";38
"2022-03-21 02:49:07";37
"2022-03-21 02:54:01";38
"2022-03-21 03:10:14";37
"2022-03-21 03:10:37";38
"2022-03-21 04:10:14";37
"2022-03-21 04:10:37";38
"2022-03-21 04:17:24";37
"2022-03-21 04:17:47";38
"2022-03-21 04:21:56";37
"2022-03-21 04:24:56";38
"2022-03-21 04:26:27";37
"2022-03-21 04:53:36";38
"2022-03-21 04:53:59";37
"2022-03-21 04:54:22";38
"2022-03-21 07:39:15";39
"2022-03-21 07:41:31";40
"2022-03-21 07:42:16";39
"2022-03-21 07:44:32";38
"2022-03-21 07:56:36";39
"2022-03-21 07:57:21";38
"2022-03-21 08:17:43";39
"2022-03-21 08:18:05";38
"2022-03-21 08:19:35";39
"2022-03-21 08:19:58";38
"2022-03-21 08:20:21";39
"2022-03-21 08:20:43";38
"2022-03-21 08:31:40";39
"2022-03-21 08:32:02";38
"2022-03-21 08:34:41";39
"2022-03-21 08:43:43";38
"2022-03-21 08:44:06";39
"2022-03-21 08:46:22";38
"2022-03-21 08:46:45";39
"2022-03-21 08:47:07";38
"2022-03-21 08:48:15";39
"2022-03-21 08:48:38";38
"2022-03-21 08:51:16";39
"2022-03-21 08:52:24";38
"2022-03-21 08:54:17";39
"2022-03-21 09:25:58";38
"2022-03-21 09:51:37";39
"2022-03-21 09:51:59";38
"2022-03-21 09:53:52";39
"2022-03-21 09:54:15";38
"2022-03-21 10:08:35";37
"2022-03-21 10:08:57";38
"2022-03-21 10:24:25";39
"2022-03-21 10:25:33";38
"2022-03-21 10:29:19";37
"2022-03-21 10:34:58";38
"2022-03-21 10:36:06";37
"2022-03-21 10:39:07";38
"2022-03-21 10:39:53";37
"2022-03-21 10:41:01";38
"2022-03-21 10:41:46";37
"2022-03-21 11:07:02";36
"2022-03-21 11:08:10";37
"2022-03-21 11:09:18";36
"2022-03-21 11:10:03";37
"2022-03-21 11:12:41";36
"2022-03-21 11:22:52";37
"2022-03-21 11:25:53";36
"2022-03-21 11:50:47";35
"2022-03-21 13:00:56";36
"2022-03-21 13:01:18";35
"2022-03-21 13:10:21";36
"2022-03-21 13:10:44";35
"2022-03-21 14:10:20";36
"2022-03-21 14:16:22";35
"2022-03-21 14:25:25";36
"2022-03-21 14:25:47";35
"2022-03-21 14:28:49";36
"2022-03-21 14:35:13";35
"2022-03-21 14:49:11";34
"2022-03-21 14:50:19";35
"2022-03-21 15:14:05";34
"2022-03-21 15:29:56";33
"2022-03-21 15:30:41";34
"2022-03-21 15:31:04";33
"2022-03-21 15:31:26";34
"2022-03-21 16:20:50";35
"2022-03-21 16:23:29";34
"2022-03-21 16:23:51";35
"2022-03-21 16:24:14";34
"2022-03-21 16:24:36";35
"2022-03-21 16:24:59";34
"2022-03-21 16:26:07";35
"2022-03-21 16:29:08";34
"2022-03-21 16:31:46";35
"2022-03-21 16:34:47";34
"2022-03-21 16:35:10";35
"2022-03-21 16:35:55";34
"2022-03-21 16:36:40";35
"2022-03-21 16:42:20";34
"2022-03-21 16:42:42";35
"2022-03-21 16:43:05";34
"2022-03-21 16:45:43";35
"2022-03-21 16:46:51";34
"2022-03-21 17:39:17";33
"2022-03-21 17:57:23";32
"2022-03-21 17:58:53";33
"2022-03-21 17:59:38";32
"2022-03-21 18:17:46";31
"2022-03-21 18:19:16";30
"2022-03-21 18:22:17";31
"2022-03-21 18:23:02";30
"2022-03-21 18:24:10";31
"2022-03-21 18:29:50";30
"2022-03-21 18:34:21";29
"2022-03-21 18:46:03";28
"2022-03-21 18:46:26";29
"2022-03-21 18:47:34";28
"2022-03-21 18:47:56";29
"2022-03-21 19:03:47";28
"2022-03-21 19:04:10";29
"2022-03-21 19:06:26";28
"2022-03-21 19:06:48";29
"2022-03-21 19:07:11";28
"2022-03-21 19:07:56";29
"2022-03-21 19:08:41";28
"2022-03-21 19:09:04";29
"2022-03-21 19:10:35";28
"2022-03-21 19:12:50";29
"2022-03-21 19:13:35";28
"2022-03-21 19:13:58";27
"2022-03-21 19:14:21";26
"2022-03-21 19:15:52";27
"2022-03-21 19:19:38";28
"2022-03-21 19:32:50";25
"2022-03-21 19:33:35";24
"2022-03-21 19:33:58";25
"2022-03-21 19:36:13";26
"2022-03-21 19:38:52";27
"2022-03-21 19:49:03";28
"2022-03-21 19:49:25";27
"2022-03-21 19:49:48";28
"2022-03-21 20:22:37";27
"2022-03-21 20:23:45";28
"2022-03-21 20:51:16";27
"2022-03-21 20:53:54";28
"2022-03-21 20:59:34";27
"2022-03-21 21:00:19";28
"2022-03-21 21:00:42";27
"2022-03-21 21:01:49";28
"2022-03-21 21:04:50";27
"2022-03-21 21:05:13";28
"2022-03-21 21:06:21";27
"2022-03-21 21:07:29";28
"2022-03-21 21:07:51";27
"2022-03-21 21:08:37";28
"2022-03-21 21:46:19";27
"2022-03-21 21:48:58";28
"2022-03-21 21:49:43";27
"2022-03-21 21:58:01";26
"2022-03-21 22:07:49";27
"2022-03-21 22:08:34";26
"2022-03-21 22:11:12";27
"2022-03-21 22:38:22";28
"2022-03-21 22:39:08";27
"2022-03-21 22:39:30";28
"2022-03-21 22:48:33";27
"2022-03-21 22:50:27";28
"2022-03-21 22:52:20";27
"2022-03-21 22:54:36";28
"2022-03-21 22:54:59";27
"2022-03-21 23:02:54";28
"2022-03-21 23:03:39";27
"2022-03-21 23:05:55";28
"2022-03-21 23:12:42";27
"2022-03-21 23:13:05";28
"2022-03-21 23:13:50";27
"2022-03-21 23:14:13";28
"2022-03-21 23:20:15";27
"2022-03-21 23:25:10";28
"2022-03-21 23:26:17";27
"2022-03-21 23:26:40";28
"2022-03-21 23:29:19";27
"2022-03-21 23:30:26";28
"2022-03-21 23:31:12";27
"2022-03-21 23:31:57";28
"2022-03-21 23:33:05";27
"2022-03-21 23:35:20";28
"2022-03-21 23:35:43";27
"2022-03-21 23:37:36";28
"2022-03-21 23:37:59";27
"2022-03-21 23:40:37";28
"2022-03-21 23:41:00";27
"2022-03-21 23:41:45";28
"2022-03-21 23:42:08";27
"2022-03-21 23:42:30";28
"2022-03-21 23:44:24";27
"2022-03-21 23:46:39";28
"2022-03-21 23:47:02";27
"2022-03-21 23:47:47";28
"2022-03-21 23:48:33";27
"2022-03-21 23:51:11";28
"2022-03-21 23:51:33";27
"2022-03-22 00:17:35";28
"2022-03-22 00:17:58";27
"2022-03-22 00:19:06";28
"2022-03-22 00:19:28";27
"2022-03-22 00:19:51";28
"2022-03-22 00:20:36";27
"2022-03-22 00:24:45";28
"2022-03-22 00:25:30";27
"2022-03-22 00:26:38";28
"2022-03-22 00:31:10";27
"2022-03-22 00:31:55";28
"2022-03-22 00:33:03";27
"2022-03-22 00:33:26";28
"2022-03-22 00:36:04";27
"2022-03-22 00:36:27";28
"2022-03-22 00:37:34";27
"2022-03-22 00:38:20";28
"2022-03-22 00:41:21";27
"2022-03-22 00:42:29";28
"2022-03-22 00:42:51";27
"2022-03-22 00:43:14";28
"2022-03-22 00:43:59";27
"2022-03-22 00:44:22";28
"2022-03-22 00:45:07";27
"2022-03-22 00:47:23";28
"2022-03-22 00:48:30";27
"2022-03-22 00:48:53";28
"2022-03-22 00:50:24";27
"2022-03-22 00:51:09";28
"2022-03-22 00:51:32";27
"2022-03-22 00:51:54";28
"2022-03-22 00:52:17";27
"2022-03-22 00:53:02";28
"2022-03-22 01:02:51";27
"2022-03-22 01:03:13";28
"2022-03-22 01:03:58";27
"2022-03-22 01:04:21";28
"2022-03-22 02:47:19";29
"2022-03-22 02:47:41";28
"2022-03-22 02:52:36";29
"2022-03-22 02:52:59";28
"2022-03-22 02:53:44";29
"2022-03-22 02:54:07";28
"2022-03-22 02:54:29";29
"2022-03-22 02:55:15";28
"2022-03-22 02:56:23";29
"2022-03-22 02:56:45";28
"2022-03-22 02:59:01";29
"2022-03-22 02:59:46";28
"2022-03-22 03:00:09";29
"2022-03-22 03:03:33";28
"2022-03-22 03:03:55";29
"2022-03-22 03:04:40";28
"2022-03-22 03:05:03";29
"2022-03-22 03:05:48";28
"2022-03-22 03:06:33";29
"2022-03-22 03:07:19";28
"2022-03-22 03:07:41";29
"2022-03-22 03:08:04";28
"2022-03-22 03:08:27";29
"2022-03-22 03:09:57";28
"2022-03-22 03:10:20";29
"2022-03-22 05:31:25";30
"2022-03-22 05:31:48";29
"2022-03-22 05:33:41";30
"2022-03-22 05:34:26";29
"2022-03-22 05:35:11";30
"2022-03-22 05:36:19";29
"2022-03-22 05:38:35";30
"2022-03-22 05:38:58";29
"2022-03-22 05:39:20";30
"2022-03-22 05:40:06";29
"2022-03-22 05:41:36";30
"2022-03-22 05:43:07";29
"2022-03-22 05:43:29";30
"2022-03-22 05:43:52";29
"2022-03-22 05:44:15";30
"2022-03-22 05:48:24";29
"2022-03-22 05:48:46";30
"2022-03-22 06:32:55";29
"2022-03-22 06:33:17";30
"2022-03-22 06:34:48";29
"2022-03-22 06:35:10";30
"2022-03-22 06:39:19";29
"2022-03-22 06:40:04";30
"2022-03-22 06:41:58";29
"2022-03-22 06:42:20";30
"2022-03-22 06:49:30";29
"2022-03-22 07:18:56";30
"2022-03-22 07:19:42";29
"2022-03-22 07:20:04";30
"2022-03-22 07:23:50";29
"2022-03-22 07:37:02";28
"2022-03-22 07:39:18";29
"2022-03-22 08:03:04";28
"2022-03-22 08:10:58";29
"2022-03-22 08:52:29";28
"2022-03-22 09:42:38";29
"2022-03-22 09:43:24";28
"2022-03-22 09:46:25";29
"2022-03-22 09:48:18";28
"2022-03-22 09:49:04";29
"2022-03-22 09:50:12";28
"2022-03-22 09:53:58";29
"2022-03-22 09:55:06";28
"2022-03-22 09:55:51";29
"2022-03-22 09:57:22";28
"2022-03-22 09:57:44";29
"2022-03-22 09:58:52";28
"2022-03-22 09:59:38";29
"2022-03-22 10:00:00";28
"2022-03-22 10:02:16";29
"2022-03-22 10:02:38";28
"2022-03-22 10:28:40";29
"2022-03-22 10:29:48";28
"2022-03-22 10:35:05";29
"2022-03-22 10:35:27";28
"2022-03-22 10:36:58";29
"2022-03-22 10:37:20";28
"2022-03-22 10:39:59";29
"2022-03-22 10:42:37";28
"2022-03-22 11:54:17";27
"2022-03-22 11:56:33";28
"2022-03-22 11:56:55";27
"2022-03-22 12:28:14";28
"2022-03-22 12:30:52";27
"2022-03-22 12:35:24";28
"2022-03-22 12:35:46";27
"2022-03-22 12:37:39";28
"2022-03-22 12:41:49";27
"2022-03-22 12:42:11";28
"2022-03-22 12:42:34";27
"2022-03-22 12:43:42";28
"2022-03-22 13:17:15";27
"2022-03-22 13:18:23";28
"2022-03-22 13:19:08";27
"2022-03-22 13:22:32";28
"2022-03-22 13:26:19";27
"2022-03-22 13:26:41";28
"2022-03-22 13:27:49";27
"2022-03-22 13:31:12";28
"2022-03-22 13:31:58";27
"2022-03-22 13:33:28";28
"2022-03-22 13:33:51";27
"2022-03-22 13:37:14";28
"2022-03-22 13:37:37";27
"2022-03-22 13:37:59";28
"2022-03-22 13:38:22";27
"2022-03-22 13:39:53";28
"2022-03-22 13:41:46";27
"2022-03-22 13:43:17";28
"2022-03-22 13:43:39";27
"2022-03-22 13:44:47";28
"2022-03-22 13:45:09";27
"2022-03-22 13:58:44";28
"2022-03-22 13:59:07";27
"2022-03-22 14:39:06";26
"2022-03-22 14:40:13";27
"2022-03-22 14:42:52";26
"2022-03-22 14:43:14";27
"2022-03-22 14:48:54";28
"2022-03-22 14:53:26";27
"2022-03-22 14:55:41";28
"2022-03-22 14:58:43";27
"2022-03-22 14:59:50";28
"2022-03-22 15:00:36";27
"2022-03-22 15:05:07";26
"2022-03-22 15:08:53";27
"2022-03-22 15:09:16";26
"2022-03-22 15:10:24";27
"2022-03-22 15:11:09";26
"2022-03-22 15:12:40";27
"2022-03-22 15:13:02";26
"2022-03-22 15:14:33";27
"2022-03-22 15:14:56";26
"2022-03-22 15:17:34";27
"2022-03-22 15:18:19";26
"2022-03-22 15:48:51";25
"2022-03-22 15:53:46";26
"2022-03-22 16:12:37";27
"2022-03-22 16:13:00";26
"2022-03-22 16:16:46";27
"2022-03-22 16:17:09";26
"2022-03-22 16:18:17";27
"2022-03-22 16:18:40";26
"2022-03-22 16:24:20";25
"2022-03-22 16:51:52";24
"2022-03-22 16:53:00";25
"2022-03-22 16:54:53";24
"2022-03-22 17:00:10";23
"2022-03-22 17:00:33";24
"2022-03-22 17:00:55";23
"2022-03-22 17:02:48";24
"2022-03-22 17:03:56";23
"2022-03-22 17:16:22";24
"2022-03-22 17:23:32";23
"2022-03-22 17:23:55";24
"2022-03-22 17:25:02";23
"2022-03-22 17:26:56";24
"2022-03-22 17:31:05";23
"2022-03-22 17:34:28";24
"2022-03-22 17:54:28";25
"2022-03-22 17:55:35";24
"2022-03-22 17:56:21";25
"2022-03-22 17:59:22";24
"2022-03-22 18:32:11";25
"2022-03-22 18:35:57";24
"2022-03-22 18:37:28";25
"2022-03-22 18:38:36";24
"2022-03-22 18:38:59";23
"2022-03-22 18:42:22";24
"2022-03-22 18:49:55";23
"2022-03-22 18:51:48";24
"2022-03-22 19:55:56";25
"2022-03-22 19:57:26";24
"2022-03-22 19:57:49";25
"2022-03-22 19:58:12";24
"2022-03-22 20:00:05";25
"2022-03-22 20:02:43";24
"2022-03-22 20:04:37";25
"2022-03-22 20:05:22";24
"2022-03-22 20:06:52";25
"2022-03-22 20:55:55";24
"2022-03-22 20:56:18";25
"2022-03-22 21:10:15";24
"2022-03-22 21:10:38";25
"2022-03-22 21:15:55";24
"2022-03-22 21:17:25";25
"2022-03-22 21:18:11";24
"2022-03-22 21:21:12";25
"2022-03-22 21:46:28";24
"2022-03-22 21:48:21";25
"2022-03-22 22:06:51";26
"2022-03-22 22:07:13";25
"2022-03-22 22:21:33";26
"2022-03-22 22:22:19";25
"2022-03-22 22:25:20";26
"2022-03-22 22:26:28";25
"2022-03-22 22:26:50";26
"2022-03-22 22:28:44";25
"2022-03-22 22:29:06";26
"2022-03-22 22:30:37";25
"2022-03-22 22:30:59";26
"2022-03-22 22:56:17";25
"2022-03-22 22:56:39";26
"2022-03-23 01:37:20";27
"2022-03-23 01:37:43";26
"2022-03-23 01:39:59";27
"2022-03-23 01:40:21";26
"2022-03-23 01:41:07";27
"2022-03-23 01:41:52";26
"2022-03-23 01:42:14";27
"2022-03-23 01:43:00";26
"2022-03-23 01:43:45";27
"2022-03-23 01:47:09";26
"2022-03-23 01:47:32";27
"2022-03-23 01:50:32";26
"2022-03-23 01:51:18";27
"2022-03-23 06:13:30";28
"2022-03-23 06:13:52";27
"2022-03-23 07:28:56";28
"2022-03-23 07:29:19";27
"2022-03-23 07:30:04";26
"2022-03-23 07:30:27";27
"2022-03-23 07:31:12";26
"2022-03-23 07:31:34";27
"2022-03-23 07:37:37";28
"2022-03-23 07:48:55";27
"2022-03-23 07:50:49";28
"2022-03-23 08:52:41";27
"2022-03-23 08:54:34";28
"2022-03-23 08:54:56";27
"2022-03-23 08:56:27";28
"2022-03-23 09:08:09";27
"2022-03-23 09:10:25";28
"2022-03-23 09:39:06";27
"2022-03-23 10:08:53";26
"2022-03-23 10:13:02";27
"2022-03-23 10:13:47";26
"2022-03-23 10:20:34";25
"2022-03-23 10:20:57";26
"2022-03-23 10:22:50";25
"2022-03-23 10:24:43";26
"2022-03-23 10:25:28";27
"2022-03-23 10:26:36";26
"2022-03-23 10:26:59";25
"2022-03-23 10:34:09";24
"2022-03-23 11:49:34";23
"2022-03-23 11:50:42";24
"2022-03-23 11:51:28";23
"2022-03-23 11:51:50";24
"2022-03-23 11:52:13";23
"2022-03-23 12:00:53";24
"2022-03-23 12:25:01";23
"2022-03-23 12:25:24";24
"2022-03-23 12:26:31";23
"2022-03-23 12:29:10";24
"2022-03-23 12:58:12";25
"2022-03-23 13:00:28";24
"2022-03-23 13:00:51";25
"2022-03-23 13:08:23";24
"2022-03-23 13:22:43";25
"2022-03-23 13:31:46";24
"2022-03-23 13:33:39";25
"2022-03-23 13:34:02";24
"2022-03-23 13:36:41";25
"2022-03-23 13:38:34";24
"2022-03-23 13:38:57";25
"2022-03-23 13:50:16";24
"2022-03-23 14:14:24";25
"2022-03-23 14:14:47";24
"2022-03-23 14:22:42";25
"2022-03-23 14:23:04";24
"2022-03-23 14:26:28";25
"2022-03-23 14:29:07";24
"2022-03-23 14:30:37";25
"2022-03-23 14:31:00";24
"2022-03-23 14:34:01";25
"2022-03-23 14:34:24";24
"2022-03-23 14:44:35";25
"2022-03-23 14:44:58";24
"2022-03-23 14:46:50";25
"2022-03-23 14:54:23";24
"2022-03-23 14:54:46";25
"2022-03-23 14:55:54";24
"2022-03-23 15:03:03";25
"2022-03-23 15:03:26";24
"2022-03-23 15:07:35";25
"2022-03-23 15:08:20";24
"2022-03-23 15:09:50";25
"2022-03-23 15:10:36";24
"2022-03-23 15:10:59";25
"2022-03-23 15:14:22";24
"2022-03-23 15:43:25";23
"2022-03-23 15:46:26";22
"2022-03-23 15:46:48";23
"2022-03-23 15:51:20";22
"2022-03-23 15:54:21";23
"2022-03-23 15:54:44";22
"2022-03-23 16:35:28";21
"2022-03-23 16:35:50";22
"2022-03-23 16:36:13";21
"2022-03-23 16:36:58";22
"2022-03-23 16:37:21";21
"2022-03-23 16:41:07";22
"2022-03-23 16:42:37";21
"2022-03-23 16:43:00";22
"2022-03-23 16:43:45";21
"2022-03-23 17:06:23";20
"2022-03-23 17:08:16";21
"2022-03-23 17:08:39";20
"2022-03-23 17:12:25";21
"2022-03-23 17:28:15";20
"2022-03-23 17:29:46";21
"2022-03-23 17:35:03";20
"2022-03-23 17:35:25";21
"2022-03-23 17:36:10";20
"2022-03-23 17:38:49";21
"2022-03-23 17:39:57";20
"2022-03-23 17:41:05";21
"2022-03-23 17:42:13";20
"2022-03-23 17:42:36";21
"2022-03-23 17:43:21";20
"2022-03-23 17:49:23";21
"2022-03-23 17:50:31";20
"2022-03-23 18:07:06";21
"2022-03-23 18:07:29";20
"2022-03-23 18:08:37";21
"2022-03-23 18:09:22";20
"2022-03-23 18:09:44";21
"2022-03-23 18:10:53";20
"2022-03-23 18:11:15";21
"2022-03-23 18:11:38";20
"2022-03-23 18:12:00";21
"2022-03-23 18:12:23";20
"2022-03-23 18:13:54";21
"2022-03-23 18:14:16";20
"2022-03-23 18:15:02";21
"2022-03-23 18:15:24";20
"2022-03-23 18:18:03";21
"2022-03-23 18:18:26";20
"2022-03-23 18:19:11";21
"2022-03-23 18:20:18";20
"2022-03-23 20:44:44";21
"2022-03-23 20:45:07";20
"2022-03-23 20:45:29";21
"2022-03-23 20:46:15";20
"2022-03-23 20:49:39";21
"2022-03-23 20:50:23";20
"2022-03-23 20:51:54";21
"2022-03-23 21:00:57";20
"2022-03-23 21:04:43";21
"2022-03-23 21:05:28";20
"2022-03-23 21:05:51";21
"2022-03-23 22:02:25";22
"2022-03-23 22:08:28";21
"2022-03-23 22:12:14";22
"2022-03-23 22:12:36";21
"2022-03-23 22:12:59";22
"2022-03-23 22:15:14";21
"2022-03-23 22:15:37";22
"2022-03-23 22:16:00";21
"2022-03-23 22:16:22";22
"2022-03-23 22:16:45";21
"2022-03-23 22:17:30";22
"2022-03-23 23:02:46";23
"2022-03-24 01:15:55";24
"2022-03-24 04:12:50";25
"2022-03-24 04:13:36";24
"2022-03-24 06:17:19";23
"2022-03-24 06:29:23";24
"2022-03-24 06:53:33";23
"2022-03-24 07:10:31";22
"2022-03-24 07:13:55";23
"2022-03-24 07:14:18";22
"2022-03-24 07:16:11";23
"2022-03-24 07:16:56";22
"2022-03-24 07:20:42";21
"2022-03-24 07:21:05";22
"2022-03-24 07:25:59";23
"2022-03-24 07:36:33";22
"2022-03-24 07:39:34";23
"2022-03-24 07:46:22";22
"2022-03-24 07:50:08";23
"2022-03-24 08:11:15";22
"2022-03-24 08:17:17";23
"2022-03-24 09:03:20";24
"2022-03-24 09:03:43";23
"2022-03-24 09:04:28";24
"2022-03-24 09:06:21";23
"2022-03-24 09:06:44";24
"2022-03-24 09:07:29";23
"2022-03-24 09:08:59";24
"2022-03-24 09:09:22";23
"2022-03-24 09:09:45";24
"2022-03-24 09:10:08";23
"2022-03-24 09:12:01";24
"2022-03-24 09:15:01";23
"2022-03-24 09:15:24";24
"2022-03-24 09:25:58";23
"2022-03-24 09:46:43";24
"2022-03-24 09:47:50";23
"2022-03-24 09:48:13";24
"2022-03-24 09:50:29";23
"2022-03-24 09:51:15";24
"2022-03-24 09:51:37";23
"2022-03-24 09:55:46";24
"2022-03-24 09:56:31";23
"2022-03-24 09:59:10";24
"2022-03-24 09:59:33";23
"2022-03-24 10:00:41";24
"2022-03-24 10:01:03";23
"2022-03-24 10:02:11";24
"2022-03-24 10:08:13";23
"2022-03-24 10:11:14";24
"2022-03-24 10:12:00";23
"2022-03-24 10:12:22";24
"2022-03-24 10:44:48";25
"2022-03-24 10:45:11";26
"2022-03-24 10:45:56";25
"2022-03-24 14:32:39";24
"2022-03-24 14:33:47";25
"2022-03-24 14:34:32";24
"2022-03-24 14:34:55";25
"2022-03-24 14:37:11";24
"2022-03-24 14:39:49";25
"2022-03-24 14:40:12";24
"2022-03-24 14:41:19";25
"2022-03-24 14:43:13";24
"2022-03-24 15:05:05";25
"2022-03-24 15:06:35";24
"2022-03-24 15:28:05";25
"2022-03-24 15:29:36";24
"2022-03-24 15:34:08";25
"2022-03-24 16:33:42";26
"2022-03-24 16:34:05";25
"2022-03-24 16:34:50";26
"2022-03-24 16:35:13";25
"2022-03-24 16:35:35";26
"2022-03-24 16:36:43";25
"2022-03-24 16:37:06";26
"2022-03-24 16:48:47";25
"2022-03-24 16:49:10";26
"2022-03-24 16:49:32";25
"2022-03-24 16:49:55";26
"2022-03-24 16:50:18";25
"2022-03-24 16:50:40";26
"2022-03-24 16:51:48";25
"2022-03-24 17:33:16";24
"2022-03-24 17:36:40";23
"2022-03-24 17:37:02";24
"2022-03-24 17:38:10";23
"2022-03-24 17:38:33";24
"2022-03-24 17:38:56";23
"2022-03-24 17:39:41";24
"2022-03-24 17:40:03";23
"2022-03-24 17:40:49";24
"2022-03-24 17:41:57";23
"2022-03-24 17:46:06";22
"2022-03-24 17:46:51";23
"2022-03-24 17:50:15";22
"2022-03-24 17:50:37";23
"2022-03-24 17:54:24";22
"2022-03-24 18:21:56";21
"2022-03-24 18:22:41";22
"2022-03-24 18:23:04";21
"2022-03-24 18:27:58";22
"2022-03-24 18:39:39";21
"2022-03-24 18:43:02";22
"2022-03-24 18:43:25";21
"2022-03-24 19:00:00";20
"2022-03-24 19:00:46";21
"2022-03-24 19:06:25";20
"2022-03-24 19:09:49";21
"2022-03-24 19:10:34";20
"2022-03-24 19:11:42";21
"2022-03-24 19:12:50";20
"2022-03-24 19:13:12";21
"2022-03-24 19:15:28";20
"2022-03-24 19:16:36";21
"2022-03-24 19:17:21";20
"2022-03-24 19:20:45";21
"2022-03-24 19:22:38";20
"2022-03-24 19:28:17";21
"2022-03-24 19:30:11";20
"2022-03-24 19:57:20";21
"2022-03-24 19:58:05";20
"2022-03-24 19:58:28";21
"2022-03-24 19:58:50";20
"2022-03-24 19:59:13";21
"2022-03-24 19:59:58";20
"2022-03-24 20:00:21";21
"2022-03-24 20:01:06";20
"2022-03-24 20:01:51";21
"2022-03-24 20:03:22";20
"2022-03-24 20:09:24";21
"2022-03-24 20:11:40";20
"2022-03-24 20:18:27";21
"2022-03-24 20:19:58";20
"2022-03-24 20:20:20";21
"2022-03-24 20:20:43";20
"2022-03-24 20:32:24";21
"2022-03-24 20:32:47";20
"2022-03-24 20:33:55";21
"2022-03-24 20:34:40";20
"2022-03-24 20:35:03";21
"2022-03-24 21:18:48";22
"2022-03-24 21:19:10";21
"2022-03-24 21:19:56";22
"2022-03-24 22:40:17";23
"2022-03-24 22:49:42";22
"2022-03-24 22:50:50";23
"2022-03-24 22:55:22";22
"2022-03-24 22:59:08";23
"2022-03-24 22:59:31";22
"2022-03-24 23:00:16";23
"2022-03-24 23:26:40";22
"2022-03-24 23:27:02";23
"2022-03-24 23:42:08";22
"2022-03-24 23:42:31";23
"2022-03-24 23:54:12";22
"2022-03-24 23:54:35";23
"2022-03-25 01:49:39";22
"2022-03-25 01:50:46";23
"2022-03-25 03:10:00";24
"2022-03-25 03:10:23";23
"2022-03-25 03:26:37";24
"2022-03-25 03:28:52";23
"2022-03-25 03:29:15";24
"2022-03-25 04:18:40";23
"2022-03-25 04:20:34";24
"2022-03-25 05:07:42";25
"2022-03-25 05:08:05";24
"2022-03-25 05:08:27";25
"2022-03-25 05:17:31";24
"2022-03-25 05:32:13";25
"2022-03-25 06:07:40";24
"2022-03-25 06:08:03";25
"2022-03-25 06:08:48";24
"2022-03-25 06:09:11";25
"2022-03-25 06:13:19";24
"2022-03-25 06:14:04";25
"2022-03-25 06:14:27";24
"2022-03-25 06:14:50";25
"2022-03-25 06:30:40";24
"2022-03-25 06:31:03";25
"2022-03-25 06:33:42";24
"2022-03-25 06:38:13";25
"2022-03-25 06:39:21";24
"2022-03-25 06:40:29";25
"2022-03-25 06:40:51";24
"2022-03-25 06:41:59";25
"2022-03-25 06:57:49";26
"2022-03-25 06:58:12";25
"2022-03-25 06:59:20";26
"2022-03-25 07:01:58";25
"2022-03-25 07:02:21";26
"2022-03-25 07:02:43";25
"2022-03-25 07:03:51";26
"2022-03-25 07:04:14";25
"2022-03-25 07:04:37";26
"2022-03-25 07:05:22";25
"2022-03-25 07:05:44";26
"2022-03-25 07:06:07";25
"2022-03-25 07:10:39";26
"2022-03-25 07:12:32";25
"2022-03-25 07:24:14";24
"2022-03-25 07:24:59";23
"2022-03-25 07:26:07";22
"2022-03-25 07:26:29";23
"2022-03-25 07:26:52";22
"2022-03-25 07:27:37";23
"2022-03-25 07:28:00";22
"2022-03-25 07:31:23";23
"2022-03-25 07:32:31";22
"2022-03-25 07:33:17";23
"2022-03-25 07:33:39";22
"2022-03-25 07:34:25";23
"2022-03-25 07:34:47";22
"2022-03-25 07:35:10";23
"2022-03-25 07:37:49";22
"2022-03-25 07:38:11";23
"2022-03-25 07:38:34";22
"2022-03-25 07:41:12";23
"2022-03-25 07:41:35";22
"2022-03-25 07:43:05";23
"2022-03-25 07:51:00";24
"2022-03-25 07:52:31";23
"2022-03-25 07:52:53";24
"2022-03-25 07:54:01";23
"2022-03-25 07:54:24";24
"2022-03-25 07:54:46";23
"2022-03-25 07:56:17";24
"2022-03-25 07:57:24";23
"2022-03-25 07:58:10";24
"2022-03-25 07:58:55";23
"2022-03-25 07:59:18";24
"2022-03-25 08:05:20";23
"2022-03-25 08:10:37";22
"2022-03-25 08:26:27";21
"2022-03-25 08:34:45";22
"2022-03-25 08:35:30";21
"2022-03-25 08:35:53";22
"2022-03-25 08:37:46";21
"2022-03-25 08:47:12";22
"2022-03-25 08:47:35";21
"2022-03-25 08:47:57";22
"2022-03-25 08:48:20";21
"2022-03-25 08:49:28";22
"2022-03-25 08:54:44";21
"2022-03-25 09:04:33";22
"2022-03-25 09:04:55";21
"2022-03-25 09:06:26";22
"2022-03-25 09:07:34";21
"2022-03-25 09:07:56";22
"2022-03-25 10:06:02";23
"2022-03-25 10:07:10";22
"2022-03-25 10:07:55";23
"2022-03-25 10:31:18";22
"2022-03-25 10:33:57";21
"2022-03-25 10:39:13";22
"2022-03-25 11:11:16";21
"2022-03-25 11:25:36";22
"2022-03-25 11:26:22";21
"2022-03-25 11:27:30";22
"2022-03-25 11:27:53";21
"2022-03-25 11:30:08";22
"2022-03-25 11:33:09";21
"2022-03-25 11:35:02";22
"2022-03-25 11:39:34";21
"2022-03-25 11:40:42";22
"2022-03-25 11:41:04";21
"2022-03-25 11:48:14";20
"2022-03-25 11:52:00";21
"2022-03-25 11:52:23";20
"2022-03-25 11:59:55";21
"2022-03-25 12:02:34";22
"2022-03-25 12:03:19";21
"2022-03-25 12:11:14";20
"2022-03-25 12:13:07";21
"2022-03-25 12:37:38";20
"2022-03-25 12:50:05";21
"2022-03-25 12:50:28";20
"2022-03-25 12:53:51";21
"2022-03-25 12:55:22";20
"2022-03-25 12:55:44";21
"2022-03-25 12:58:45";20
"2022-03-25 12:59:08";21
"2022-03-25 12:59:53";20
"2022-03-25 13:00:38";21
"2022-03-25 13:01:46";20
"2022-03-25 13:03:39";21
"2022-03-25 13:04:02";20
"2022-03-25 13:30:26";19
"2022-03-25 13:33:04";20
"2022-03-25 13:33:27";19
"2022-03-25 13:52:19";18
"2022-03-25 13:53:04";19
"2022-03-25 14:01:22";18
"2022-03-25 14:03:38";19
"2022-03-25 14:10:25";18
"2022-03-25 14:11:33";19
"2022-03-25 14:16:05";18
"2022-03-25 14:25:30";19
"2022-03-25 14:27:01";18
"2022-03-25 14:27:23";17
"2022-03-25 14:29:16";18
"2022-03-25 14:29:39";17
"2022-03-25 14:30:02";18
"2022-03-25 14:30:24";17
"2022-03-25 14:31:32";18
"2022-03-25 14:41:44";17
"2022-03-25 14:43:14";18
"2022-03-25 14:48:31";17
"2022-03-25 14:50:25";18
"2022-03-25 14:51:10";17
"2022-03-25 14:53:03";18
"2022-03-25 15:03:59";19
"2022-03-25 15:04:22";18
"2022-03-25 15:07:23";19
"2022-03-25 15:08:53";18
"2022-03-25 15:11:09";19
"2022-03-25 15:11:32";18
"2022-03-25 15:15:41";19
"2022-03-25 15:16:26";18
"2022-03-25 15:17:11";19
"2022-03-25 15:18:19";18
"2022-03-25 15:19:04";19
"2022-03-25 15:24:21";18
"2022-03-25 15:24:44";19
"2022-03-25 15:27:45";18
"2022-03-25 15:28:30";19
"2022-03-25 15:48:08";18
"2022-03-25 15:54:10";17
"2022-03-25 15:54:55";18
"2022-03-25 16:05:52";17
"2022-03-25 16:09:15";18
"2022-03-25 16:10:23";17
"2022-03-25 16:13:02";18
"2022-03-25 16:13:24";17
"2022-03-25 16:14:32";18
"2022-03-25 16:15:40";17
"2022-03-25 16:16:02";18
"2022-03-25 16:17:10";17
"2022-03-25 16:17:33";18
"2022-03-25 16:19:04";17
"2022-03-25 16:29:15";16
"2022-03-25 16:29:37";17
"2022-03-25 16:30:45";16
"2022-03-25 16:31:53";17
"2022-03-25 16:32:16";16
"2022-03-25 16:33:01";17
"2022-03-25 16:34:09";16
"2022-03-25 16:35:17";17
"2022-03-25 16:35:39";16
"2022-03-25 16:36:02";17
"2022-03-25 16:39:48";16
"2022-03-25 16:42:04";17
"2022-03-25 16:50:44";16
"2022-03-25 16:52:15";17
"2022-03-25 16:52:37";16
"2022-03-25 16:55:16";17
"2022-03-25 17:43:10";16
"2022-03-25 17:44:41";17
"2022-03-25 17:46:34";16
"2022-03-25 17:46:56";17
"2022-03-25 17:55:14";16
"2022-03-25 17:55:37";17
"2022-03-25 18:00:54";16
"2022-03-25 18:01:17";17
"2022-03-25 18:14:51";16
"2022-03-25 18:15:14";17
"2022-03-25 18:17:30";16
"2022-03-25 18:18:38";17
"2022-03-25 18:19:00";16
"2022-03-25 18:22:24";17
"2022-03-25 18:36:22";16
"2022-03-25 18:36:45";17
"2022-03-25 18:39:00";16
"2022-03-25 18:39:23";17
"2022-03-25 18:39:46";16
"2022-03-25 18:51:49";17
"2022-03-25 18:52:12";16
"2022-03-25 18:52:57";17
"2022-03-25 18:53:20";16
"2022-03-25 18:54:51";17
"2022-03-25 18:55:13";16
"2022-03-25 18:55:36";17
"2022-03-25 18:55:59";16
"2022-03-25 18:56:21";17
"2022-03-25 19:05:47";18
"2022-03-25 19:06:32";17
"2022-03-25 19:10:41";18
"2022-03-25 19:11:49";17
"2022-03-25 19:43:07";18
"2022-03-25 19:44:15";17
"2022-03-25 19:44:37";18
"2022-03-25 19:48:46";17
"2022-03-25 19:49:54";18
"2022-03-25 19:50:39";17
"2022-03-25 19:53:40";18
"2022-03-25 19:54:03";17
"2022-03-25 19:54:26";18
"2022-03-25 19:54:48";17
"2022-03-25 19:55:33";18
"2022-03-25 20:32:31";19
"2022-03-25 20:45:21";20
"2022-03-25 21:09:52";21
"2022-03-25 21:10:37";20
"2022-03-25 21:12:30";21
"2022-03-25 21:12:54";20
"2022-03-25 21:13:15";21
"2022-03-25 22:04:34";22
"2022-03-25 22:04:57";21
"2022-03-25 22:05:42";22
"2022-03-25 22:06:05";21
"2022-03-25 22:06:27";22
"2022-03-25 22:07:35";21
"2022-03-25 22:07:58";22
"2022-03-25 23:17:22";23
"2022-03-25 23:17:44";22
"2022-03-25 23:18:30";23
"2022-03-25 23:19:15";22
"2022-03-25 23:19:37";23
"2022-03-25 23:20:00";22
"2022-03-25 23:20:45";23
"2022-03-25 23:23:01";22
"2022-03-25 23:23:23";23
"2022-03-26 00:39:13";24
"2022-03-26 00:39:36";23
"2022-03-26 00:39:58";24
"2022-03-26 00:40:44";23
"2022-03-26 00:41:51";24
"2022-03-26 00:42:14";23
"2022-03-26 00:42:37";24
"2022-03-26 00:45:15";23
"2022-03-26 00:46:00";22
"2022-03-26 00:47:31";23
"2022-03-26 00:58:05";24
"2022-03-26 01:10:54";23
"2022-03-26 01:11:17";24
"2022-03-26 01:11:39";23
"2022-03-26 01:12:02";24
"2022-03-26 01:12:24";23
"2022-03-26 02:29:46";22
"2022-03-26 02:31:16";23
"2022-03-26 02:56:54";24
"2022-03-26 02:58:47";23
"2022-03-26 02:59:10";24
"2022-03-26 03:07:51";23
"2022-03-26 03:29:44";24
"2022-03-26 03:30:06";23
"2022-03-26 03:30:52";24
"2022-03-26 03:32:00";23
"2022-03-26 03:32:45";24
"2022-03-26 03:33:30";23
"2022-03-26 03:33:53";24
"2022-03-26 03:57:38";23
"2022-03-26 04:20:17";24
"2022-03-26 07:12:20";23
"2022-03-26 07:16:07";24
"2022-03-26 07:17:14";23
"2022-03-26 07:18:00";24
"2022-03-26 07:20:38";23
"2022-03-26 07:21:01";24
"2022-03-26 07:35:44";23
"2022-03-26 07:38:23";24
"2022-03-26 09:00:14";25
"2022-03-26 09:00:36";24
"2022-03-26 09:00:59";25
"2022-03-26 10:19:49";24
"2022-03-26 10:20:57";23
"2022-03-26 10:21:42";24
"2022-03-26 10:23:35";23
"2022-03-26 10:24:43";24
"2022-03-26 10:25:51";23
"2022-03-26 10:38:40";24
"2022-03-26 10:39:02";23
"2022-03-26 10:39:25";24
"2022-03-26 10:39:47";23
"2022-03-26 10:40:10";24
"2022-03-26 11:14:29";23
"2022-03-26 11:14:52";24
"2022-03-26 11:16:45";23
"2022-03-26 11:27:41";22
"2022-03-26 11:34:51";21
"2022-03-26 11:35:36";22
"2022-03-26 11:39:00";21
"2022-03-26 11:40:07";22
"2022-03-26 11:41:15";21
"2022-03-26 11:41:38";22
"2022-03-26 11:46:09";21
"2022-03-26 11:47:17";22
"2022-03-26 11:50:41";21
"2022-03-26 11:53:20";22
"2022-03-26 12:06:32";21
"2022-03-26 12:06:54";22
"2022-03-26 12:07:17";21
"2022-03-26 12:07:40";22
"2022-03-26 12:13:42";21
"2022-03-26 12:14:04";22
"2022-03-26 12:15:57";21
"2022-03-26 12:19:43";20
"2022-03-26 12:20:06";19
"2022-03-26 12:20:52";20
"2022-03-26 12:21:14";19
"2022-03-26 12:22:22";20
"2022-03-26 12:26:08";21
"2022-03-26 12:26:31";20
"2022-03-26 12:29:32";21
"2022-03-26 12:29:54";20
"2022-03-26 12:30:39";21
"2022-03-26 12:31:48";20
"2022-03-26 12:33:18";21
"2022-03-26 12:35:34";20
"2022-03-26 12:36:41";21
"2022-03-26 12:37:27";20
"2022-03-26 12:45:00";21
"2022-03-26 12:46:53";20
"2022-03-26 12:48:01";21
"2022-03-26 12:49:09";20
"2022-03-26 12:49:54";21
"2022-03-26 12:55:33";20
"2022-03-26 12:55:56";21
"2022-03-26 12:57:27";20
"2022-03-26 13:14:25";19
"2022-03-26 13:15:56";20
"2022-03-26 13:16:41";19
"2022-03-26 13:20:27";20
"2022-03-26 13:20:50";19
"2022-03-26 13:26:52";20
"2022-03-26 13:27:37";19
"2022-03-26 13:28:22";20
"2022-03-26 13:29:07";19
"2022-03-26 13:33:16";20
"2022-03-26 13:36:40";19
"2022-03-26 13:37:03";20
"2022-03-26 13:43:05";19
"2022-03-26 13:43:50";20
"2022-03-26 13:48:21";19
"2022-03-26 13:51:22";20
"2022-03-26 13:51:44";19
"2022-03-26 13:55:54";20
"2022-03-26 13:56:39";19
"2022-03-26 13:57:01";20
"2022-03-26 14:10:13";19
"2022-03-26 14:11:21";20
"2022-03-26 14:12:52";19
"2022-03-26 14:14:00";20
"2022-03-26 14:17:00";19
"2022-03-26 14:21:32";18
"2022-03-26 14:21:54";19
"2022-03-26 14:49:26";18
"2022-03-26 14:49:49";19
"2022-03-26 14:51:42";18
"2022-03-26 14:52:04";19
"2022-03-26 14:54:20";18
"2022-03-26 14:54:42";19
"2022-03-26 14:55:28";18
"2022-03-26 14:56:13";19
"2022-03-26 14:56:58";18
"2022-03-26 14:57:43";19
"2022-03-26 15:02:37";18
"2022-03-26 15:06:01";19
"2022-03-26 15:07:09";18
"2022-03-26 15:30:54";19
"2022-03-26 15:31:17";18
"2022-03-26 15:32:02";19
"2022-03-26 15:32:25";18
"2022-03-26 15:36:34";19
"2022-03-26 15:36:56";18
"2022-03-26 15:55:25";19
"2022-03-26 15:55:48";18
"2022-03-26 15:56:33";19
"2022-03-26 15:56:56";18
"2022-03-26 15:57:18";19
"2022-03-26 15:58:26";18
"2022-03-26 15:59:57";19
"2022-03-26 16:01:49";18
"2022-03-26 16:03:20";19
"2022-03-26 16:03:43";18
"2022-03-26 16:05:13";19
"2022-03-26 16:05:36";18
"2022-03-26 16:10:07";19
"2022-03-26 16:10:53";18
"2022-03-26 16:12:23";19
"2022-03-26 16:25:35";20
"2022-03-26 16:25:58";19
"2022-03-26 16:30:29";18
"2022-03-26 16:30:52";19
"2022-03-26 16:46:20";18
"2022-03-26 17:37:15";19
"2022-03-26 17:37:38";18
"2022-03-26 17:38:23";19
"2022-03-26 17:39:31";18
"2022-03-26 17:39:54";19
"2022-03-26 17:42:32";18
"2022-03-26 17:43:17";19
"2022-03-26 18:24:24";20
"2022-03-26 18:24:47";19
"2022-03-26 18:26:18";20
"2022-03-26 18:46:39";21
"2022-03-26 18:48:32";20
"2022-03-26 18:49:17";21
"2022-03-26 19:19:27";22
"2022-03-26 19:27:46";21
"2022-03-26 19:40:12";22
"2022-03-26 19:40:35";21
"2022-03-26 19:42:28";22
"2022-03-26 19:43:13";21
"2022-03-26 19:43:59";22
"2022-03-26 19:44:22";21
"2022-03-26 19:45:06";22
"2022-03-26 19:45:29";21
"2022-03-26 19:45:52";22
"2022-03-26 19:47:22";21
"2022-03-26 19:48:07";22
"2022-03-26 19:48:30";21
"2022-03-26 19:49:15";22
"2022-03-26 20:20:11";21
"2022-03-26 20:20:34";22
"2022-03-26 20:21:19";21
"2022-03-26 20:21:42";22
"2022-03-26 20:22:27";21
"2022-03-26 20:22:50";22
"2022-03-26 20:23:12";21
"2022-03-26 20:25:28";22
"2022-03-26 20:26:13";21
"2022-03-26 20:26:58";22
"2022-03-26 20:27:21";21
"2022-03-26 20:29:14";22
"2022-03-26 20:30:00";21
"2022-03-26 20:30:22";22
"2022-03-26 20:33:46";21
"2022-03-26 20:34:09";22
"2022-03-26 21:53:45";23
"2022-03-26 21:56:00";22
"2022-03-26 21:56:23";23
"2022-03-26 22:28:49";24
"2022-03-26 22:29:12";23
"2022-03-26 22:29:34";24
"2022-03-26 22:33:21";23
"2022-03-26 22:37:07";24
"2022-03-26 22:39:01";23
"2022-03-26 22:44:17";24
"2022-03-26 22:44:40";23
"2022-03-26 22:48:27";24
"2022-03-27 01:39:18";25
"2022-03-27 03:13:37";26
"2022-03-27 03:18:08";27
"2022-03-27 03:22:17";26
"2022-03-27 03:23:25";27
"2022-03-27 03:24:33";26
"2022-03-27 03:31:43";25
"2022-03-27 03:32:51";26
"2022-03-27 03:33:36";25
"2022-03-27 03:38:53";26
"2022-03-27 03:40:01";25
"2022-03-27 03:41:09";26
"2022-03-27 03:43:48";27
"2022-03-27 03:44:32";26
"2022-03-27 03:44:55";27
"2022-03-27 03:46:48";28
"2022-03-27 03:47:11";27
"2022-03-27 03:50:35";26
"2022-03-27 03:51:43";27
"2022-03-27 03:52:05";26
"2022-03-27 03:54:21";25
"2022-03-27 05:01:52";26
"2022-03-27 05:03:00";25
"2022-03-27 05:03:22";26
"2022-03-27 05:05:16";25
"2022-03-27 05:05:38";26
"2022-03-27 05:06:24";25
"2022-03-27 07:10:08";26
"2022-03-27 07:10:31";25
"2022-03-27 07:20:19";26
"2022-03-27 08:18:25";25
"2022-03-27 08:24:27";26
"2022-03-27 08:30:52";25
"2022-03-27 08:33:08";26
"2022-03-27 08:38:24";27
"2022-03-27 08:40:18";28
"2022-03-27 08:41:25";29
"2022-03-27 08:42:56";28
"2022-03-27 08:43:19";29
"2022-03-27 08:44:26";28
"2022-03-27 08:45:57";29
"2022-03-27 08:51:36";28
"2022-03-27 08:54:37";27
"2022-03-27 09:00:17";26
"2022-03-27 09:02:32";27
"2022-03-27 09:48:34";26
"2022-03-27 09:53:51";27
"2022-03-27 10:27:02";26
"2022-03-27 10:27:25";27
"2022-03-27 10:28:55";26
"2022-03-27 10:49:41";27
"2022-03-27 10:52:19";26
"2022-03-27 10:52:42";27
"2022-03-27 10:53:28";26
"2022-03-27 10:54:35";27
"2022-03-27 10:56:51";26
"2022-03-27 10:57:37";27
"2022-03-27 11:02:53";26
"2022-03-27 11:03:16";27
"2022-03-27 11:03:39";26
"2022-03-27 11:47:02";27
"2022-03-27 11:48:10";26
"2022-03-27 11:52:41";27
"2022-03-27 11:58:20";28
"2022-03-27 11:58:43";27
"2022-03-27 11:59:06";28
"2022-03-27 12:00:14";27
"2022-03-27 12:20:36";28
"2022-03-27 12:21:22";27
"2022-03-27 12:42:29";26
"2022-03-27 12:54:56";25
"2022-03-27 12:55:19";26
"2022-03-27 12:55:42";25
"2022-03-27 12:58:43";26
"2022-03-27 12:59:50";25
"2022-03-27 13:00:58";26
"2022-03-27 13:01:44";25
"2022-03-27 13:07:01";26
"2022-03-27 13:07:23";25
"2022-03-27 13:07:46";26
"2022-03-27 13:08:09";25
"2022-03-27 13:15:41";24
"2022-03-27 13:16:04";25
"2022-03-27 13:20:35";24
"2022-03-27 13:22:28";25
"2022-03-27 13:22:51";24
"2022-03-27 13:26:38";25
"2022-03-27 13:27:00";24
"2022-03-27 13:40:35";23
"2022-03-27 14:04:19";22
"2022-03-27 14:05:27";23
"2022-03-27 14:10:44";22
"2022-03-27 14:11:07";23
"2022-03-27 14:12:15";22
"2022-03-27 14:16:46";23
"2022-03-27 14:17:09";22
"2022-03-27 14:21:40";23
"2022-03-27 14:23:10";22
"2022-03-27 14:27:41";23
"2022-03-27 14:33:21";22
"2022-03-27 14:34:29";23
"2022-03-27 14:35:59";22
"2022-03-27 14:36:45";23
"2022-03-27 14:38:15";22
"2022-03-27 14:55:58";21
"2022-03-27 14:57:06";22
"2022-03-27 14:58:14";21
"2022-03-27 15:02:45";22
"2022-03-27 15:05:01";21
"2022-03-27 15:07:17";22
"2022-03-27 15:07:40";21
"2022-03-27 15:08:48";22
"2022-03-27 15:09:10";21
"2022-03-27 15:11:26";22
"2022-03-27 15:12:34";21
"2022-03-27 15:20:52";20
"2022-03-27 15:21:15";21
"2022-03-27 15:25:01";20
"2022-03-27 15:25:46";21
"2022-03-27 15:27:39";20
"2022-03-27 15:28:24";21
"2022-03-27 15:29:10";20
"2022-03-27 15:31:48";21
"2022-03-27 15:32:33";20
"2022-03-27 15:32:56";21
"2022-03-27 15:35:57";20
"2022-03-27 15:36:20";21
"2022-03-27 15:48:01";20
"2022-03-27 15:52:32";21
"2022-03-27 15:52:55";20
"2022-03-27 16:00:28";21
"2022-03-27 16:01:35";20
"2022-03-27 16:01:58";21
"2022-03-27 16:41:56";22
"2022-03-27 16:45:42";21
"2022-03-27 16:46:05";22
"2022-03-27 16:46:27";21
"2022-03-27 16:46:50";22
"2022-03-27 16:47:13";21
"2022-03-27 16:47:58";22
"2022-03-27 16:48:43";21
"2022-03-27 16:51:44";22
"2022-03-27 16:53:37";21
"2022-03-27 16:54:22";22
"2022-03-27 16:57:01";21
"2022-03-27 16:57:46";22
"2022-03-27 17:05:18";21
"2022-03-27 17:05:41";22
"2022-03-27 17:12:06";21
"2022-03-27 17:13:14";22
"2022-03-27 17:13:36";21
"2022-03-27 17:13:59";22
"2022-03-27 17:15:52";21
"2022-03-27 17:17:00";22
"2022-03-27 17:17:45";21
"2022-03-27 17:26:48";22
"2022-03-27 19:09:01";23
"2022-03-27 19:09:23";22
"2022-03-27 19:17:18";23
"2022-03-27 19:53:54";24
"2022-03-27 21:24:47";25
"2022-03-27 21:25:09";24
"2022-03-27 21:27:25";25
"2022-03-28 02:56:22";24
"2022-03-28 02:56:45";25
"2022-03-28 03:11:28";24
"2022-03-28 03:12:36";25
"2022-03-28 03:52:12";24
"2022-03-28 03:53:20";25
"2022-03-28 03:54:06";24
"2022-03-28 03:54:28";25
"2022-03-28 03:55:59";24
"2022-03-28 04:44:39";25
"2022-03-28 04:45:01";24
"2022-03-28 07:19:18";25
"2022-03-28 07:19:41";24
"2022-03-28 07:27:14";25
"2022-03-28 07:27:36";24
"2022-03-28 07:56:39";25
"2022-03-28 07:58:55";24
"2022-03-28 07:59:18";25
"2022-03-28 07:59:40";24
"2022-03-28 08:01:11";25
"2022-03-28 08:02:19";24
"2022-03-28 08:05:43";25
"2022-03-28 08:06:05";24
"2022-03-28 08:06:51";25
"2022-03-28 08:08:21";24
"2022-03-28 09:26:04";25
"2022-03-28 09:26:27";24
"2022-03-28 09:27:35";25
"2022-03-28 09:27:57";24
"2022-03-28 09:28:20";25
"2022-03-28 09:29:28";24
"2022-03-28 09:31:21";25
"2022-03-28 09:32:29";24
"2022-03-28 09:32:51";25
"2022-03-28 09:35:30";24
"2022-03-28 09:35:53";25
"2022-03-28 09:40:47";24
"2022-03-28 09:44:34";25
"2022-03-28 09:49:50";24
"2022-03-28 10:22:17";25
"2022-03-28 10:28:18";24
"2022-03-28 10:29:26";25
"2022-03-28 10:54:20";24
"2022-03-28 10:58:28";25
"2022-03-28 11:09:02";24
"2022-03-28 11:11:18";25
"2022-03-28 11:11:40";24
"2022-03-28 11:13:33";25
"2022-03-28 11:15:49";24
"2022-03-28 11:32:03";23
"2022-03-28 11:35:04";22
"2022-03-28 14:06:45";23
"2022-03-28 14:11:16";22
"2022-03-28 14:12:01";23
"2022-03-28 14:12:24";22
"2022-03-28 14:29:00";23
"2022-03-28 14:29:46";22
"2022-03-28 14:30:08";23
"2022-03-28 14:30:53";22
"2022-03-28 14:32:24";23
"2022-03-28 14:35:02";22
"2022-03-28 14:35:25";23
"2022-03-28 14:36:55";22
"2022-03-28 14:37:18";23
"2022-03-28 14:37:41";22
"2022-03-28 14:39:11";23
"2022-03-28 14:42:35";22
"2022-03-28 14:42:57";23
"2022-03-28 14:50:53";22
"2022-03-28 14:51:38";23
"2022-03-28 14:52:23";22
"2022-03-28 14:56:32";23
"2022-03-28 14:57:17";22
"2022-03-28 14:57:40";23
"2022-03-28 16:00:17";22
"2022-03-28 16:00:39";23
"2022-03-28 16:02:33";22
"2022-03-28 16:03:18";23
"2022-03-28 16:15:45";22
"2022-03-28 16:17:38";23
"2022-03-28 16:18:23";22
"2022-03-28 16:22:09";23
"2022-03-28 16:22:32";22
"2022-03-28 16:57:36";23
"2022-03-28 16:57:58";22
"2022-03-28 16:59:06";23
"2022-03-28 16:59:29";22
"2022-03-28 17:00:14";23
"2022-03-28 17:00:37";22
"2022-03-28 17:01:00";23
"2022-03-28 17:02:07";22
"2022-03-28 17:07:47";23
"2022-03-28 17:18:43";22
"2022-03-28 17:19:29";23
"2022-03-28 17:22:29";22
"2022-03-28 17:23:15";23
"2022-03-28 17:24:23";22
"2022-03-28 17:24:45";23
"2022-03-28 17:27:01";22
"2022-03-28 17:27:47";23
"2022-03-28 17:30:02";22
"2022-03-28 17:30:48";23
"2022-03-28 17:32:41";22
"2022-03-28 17:42:29";23
"2022-03-28 17:48:54";22
"2022-03-28 18:08:54";21
"2022-03-28 18:10:25";22
"2022-03-28 18:10:47";21
"2022-03-28 18:43:37";22
"2022-03-28 18:44:00";21
"2022-03-28 18:45:53";22
"2022-03-28 18:46:16";21
"2022-03-28 18:48:08";22
"2022-03-28 18:57:11";21
"2022-03-28 19:05:06";22
"2022-03-28 19:05:52";21
"2022-03-28 19:16:48";22
"2022-03-28 19:17:11";21
"2022-03-28 19:17:33";22
"2022-03-28 19:17:56";21
"2022-03-28 19:18:41";22
"2022-03-28 19:25:06";21
"2022-03-28 20:21:16";20
"2022-03-28 20:27:41";21
"2022-03-28 20:28:04";20
"2022-03-28 20:28:26";21
"2022-03-28 20:28:49";20
"2022-03-28 20:33:20";19
"2022-03-28 20:38:37";20
"2022-03-28 20:43:09";19
"2022-03-28 20:43:32";20
"2022-03-28 21:04:17";19
"2022-03-28 21:04:40";20
"2022-03-28 21:05:25";19
"2022-03-28 21:05:48";20
"2022-03-28 21:07:18";19
"2022-03-28 21:08:03";20
"2022-03-28 21:08:26";19
"2022-03-28 21:11:50";20
"2022-03-28 21:20:08";19
"2022-03-28 21:20:53";20
"2022-03-28 21:21:16";19
"2022-03-28 21:22:46";20
"2022-03-28 21:24:17";21
"2022-03-28 21:24:39";20
"2022-03-28 21:34:27";19
"2022-03-28 21:35:13";20
"2022-03-28 21:37:51";21
"2022-03-28 21:40:29";20
"2022-03-28 21:42:22";21
"2022-03-28 21:43:53";20
"2022-03-28 22:16:41";21
"2022-03-28 22:17:26";20
"2022-03-28 22:21:58";21
"2022-03-28 22:23:05";20
"2022-03-28 22:24:36";21
"2022-03-28 22:24:58";20
"2022-03-28 22:25:21";21
"2022-03-28 22:26:06";20
"2022-03-28 22:28:45";21
"2022-03-28 22:29:52";20
"2022-03-28 22:30:38";21
"2022-03-28 22:32:31";20
"2022-03-28 22:32:53";21
"2022-03-28 22:34:47";20
"2022-03-28 22:35:32";21
"2022-03-28 22:36:17";20
"2022-03-28 22:37:02";21
"2022-03-28 22:38:55";20
"2022-03-28 22:39:18";21
"2022-03-28 23:59:39";22
"2022-03-29 00:00:02";21
"2022-03-29 00:17:00";22
"2022-03-29 00:17:23";21
"2022-03-29 00:17:45";22
"2022-03-29 00:18:30";21
"2022-03-29 00:18:53";22
"2022-03-29 00:19:39";21
"2022-03-29 00:20:01";22
"2022-03-29 00:54:22";21
"2022-03-29 00:54:44";22
"2022-03-29 01:36:58";23
"2022-03-29 01:42:15";22
"2022-03-29 01:49:26";23
"2022-03-29 02:45:39";24
"2022-03-29 03:39:13";25
"2022-03-29 03:41:06";24
"2022-03-29 03:41:52";25
"2022-03-29 03:42:14";24
"2022-03-29 03:42:37";25
"2022-03-29 03:42:59";24
"2022-03-29 03:44:07";25
"2022-03-29 03:45:38";24
"2022-03-29 03:46:00";25
"2022-03-29 06:00:40";26
"2022-03-29 06:47:50";25
"2022-03-29 06:48:58";26
"2022-03-29 06:53:52";25
"2022-03-29 07:00:17";26
"2022-03-29 08:25:55";27
"2022-03-29 08:28:56";26
"2022-03-29 08:31:35";27
"2022-03-29 08:35:21";26
"2022-03-29 08:36:07";27
"2022-03-29 08:36:52";26
"2022-03-29 08:37:37";27
"2022-03-29 08:59:53";26
"2022-03-29 09:13:05";27
"2022-03-29 09:14:13";26
"2022-03-29 09:15:21";27
"2022-03-29 09:24:47";26
"2022-03-29 09:26:17";27
"2022-03-29 10:52:18";28
"2022-03-29 10:53:49";27
"2022-03-29 10:54:11";28
"2022-03-29 10:55:42";29
"2022-03-29 10:57:58";28
"2022-03-29 11:54:10";29
"2022-03-29 11:54:32";28
"2022-03-29 11:59:04";29
"2022-03-29 12:01:20";28
"2022-03-29 12:02:27";29
"2022-03-29 12:04:21";28
"2022-03-29 12:04:43";29
"2022-03-29 12:06:14";28
"2022-03-29 12:06:37";29
"2022-03-29 12:06:59";28
"2022-03-29 12:07:22";29
"2022-03-29 12:08:07";28
"2022-03-29 12:20:33";29
"2022-03-29 12:23:35";28
"2022-03-29 12:37:10";29
"2022-03-29 12:53:00";30
"2022-03-29 12:53:46";29
"2022-03-29 12:54:31";30
"2022-03-29 12:56:47";29
"2022-03-29 13:22:48";30
"2022-03-29 13:25:50";29
"2022-03-29 13:26:12";30
"2022-03-29 13:28:50";29
"2022-03-29 13:32:59";30
"2022-03-29 13:34:07";29
"2022-03-29 13:46:12";30
"2022-03-29 13:46:34";29
"2022-03-29 13:51:06";30
"2022-03-29 13:51:29";29
"2022-03-29 13:56:23";30
"2022-03-29 14:05:26";29
"2022-03-29 14:05:48";30
"2022-03-29 14:07:42";29
"2022-03-29 14:08:04";30
"2022-03-29 15:48:46";31
"2022-03-29 15:49:31";30
"2022-03-29 15:49:54";31
"2022-03-29 16:13:39";32
"2022-03-29 16:14:25";31
"2022-03-29 16:16:41";32
"2022-03-29 16:17:26";31
"2022-03-29 16:17:49";32
"2022-03-29 16:18:11";31
"2022-03-29 16:18:34";32
"2022-03-29 16:21:35";31
"2022-03-29 16:22:21";32
"2022-03-29 16:25:44";31
"2022-03-29 16:27:14";32
"2022-03-29 16:31:24";31
"2022-03-29 16:34:02";32
"2022-03-29 16:34:24";31
"2022-03-29 16:36:40";32
"2022-03-29 16:37:03";31
"2022-03-29 16:38:11";32
"2022-03-29 16:40:49";31
"2022-03-29 17:10:37";32
"2022-03-29 17:11:00";31
"2022-03-29 17:15:53";32
"2022-03-29 17:16:16";31
"2022-03-29 17:17:24";32
"2022-03-29 17:48:42";33
"2022-03-29 17:49:27";32
"2022-03-29 17:49:50";33
"2022-03-29 17:50:13";32
"2022-03-29 17:50:58";33
"2022-03-29 19:04:54";32
"2022-03-29 19:06:25";33
"2022-03-29 19:07:55";32
"2022-03-29 19:08:18";33
"2022-03-29 19:10:11";32
"2022-03-29 19:42:37";31
"2022-03-29 19:43:00";32
"2022-03-29 19:43:45";31
"2022-03-29 19:44:08";32
"2022-03-29 19:44:30";31
"2022-03-29 19:50:33";32
"2022-03-29 19:51:41";31
"2022-03-29 19:56:34";32
"2022-03-29 19:58:28";31
"2022-03-29 19:59:58";32
"2022-03-29 20:01:51";31
"2022-03-29 20:02:14";32
"2022-03-29 20:16:34";31
"2022-03-29 20:16:57";32
"2022-03-29 20:18:50";31
"2022-03-29 20:40:20";32
"2022-03-29 21:54:38";31
"2022-03-29 21:55:01";32
"2022-03-29 21:55:46";31
"2022-03-29 21:56:09";32
"2022-03-29 21:56:32";31
"2022-03-29 21:59:33";32
"2022-03-29 21:59:56";31
"2022-03-29 22:02:57";32
"2022-03-29 22:04:50";31
"2022-03-29 22:05:12";32
"2022-03-29 22:07:51";31
"2022-03-29 22:08:13";32
"2022-03-29 22:46:42";33
"2022-03-29 22:59:54";34
"2022-03-29 23:10:28";35
"2022-03-29 23:19:54";36
"2022-03-29 23:28:34";37
"2022-03-29 23:34:59";38
"2022-03-29 23:39:53";39
"2022-03-29 23:47:03";40
"2022-03-29 23:54:13";41
"2022-03-29 23:54:35";40
"2022-03-29 23:54:58";41
"2022-03-30 00:14:12";42
"2022-03-30 00:27:24";41
"2022-03-30 00:27:47";42
"2022-03-30 00:28:55";41
"2022-03-30 01:25:07";42
"2022-03-30 01:25:30";41
"2022-03-30 01:25:53";42
"2022-03-30 01:26:38";41
"2022-03-30 01:27:00";42
"2022-03-30 01:32:17";41
"2022-03-30 01:46:37";42
"2022-03-30 01:59:27";43
"2022-03-30 02:15:40";44
"2022-03-30 02:35:17";45
"2022-03-30 03:13:23";46
"2022-03-30 05:45:44";45
"2022-03-30 05:46:07";46
"2022-03-30 05:46:52";45
"2022-03-30 05:58:33";44
"2022-03-30 06:08:22";43
"2022-03-30 06:18:33";42
"2022-03-30 06:43:27";41
"2022-03-30 06:44:12";42
"2022-03-30 06:44:35";41
"2022-03-30 07:51:43";42
"2022-03-30 08:46:47";43
"2022-03-30 10:01:27";44
"2022-03-30 10:01:50";43
"2022-03-30 10:07:52";42
"2022-03-30 10:08:15";43
"2022-03-30 10:26:43";44
"2022-03-30 10:27:29";43
"2022-03-30 10:27:51";44
"2022-03-30 10:28:14";43
"2022-03-30 10:29:22";44
"2022-03-30 10:30:07";43
"2022-03-30 10:34:38";44
"2022-03-30 11:36:06";43
"2022-03-30 11:38:21";44
"2022-03-30 11:38:44";43
"2022-03-30 11:57:12";42
"2022-03-30 12:03:59";43
"2022-03-30 12:05:53";42
"2022-03-30 12:19:04";41
"2022-03-30 12:21:43";42
"2022-03-30 12:24:21";41
"2022-03-30 12:24:44";42
"2022-03-30 12:25:29";41
"2022-03-30 12:25:52";42
"2022-03-30 12:26:14";41
"2022-03-30 12:27:45";42
"2022-03-30 12:28:07";41
"2022-03-30 13:17:32";40
"2022-03-30 13:17:54";41
"2022-03-30 13:27:20";40
"2022-03-30 13:50:42";41
"2022-03-30 13:52:58";40
"2022-03-30 13:54:06";41
"2022-03-30 15:01:58";42
"2022-03-30 15:28:00";43
"2022-03-30 15:41:57";44
"2022-03-30 16:10:14";45
"2022-03-30 16:11:45";44
"2022-03-30 16:14:46";45
"2022-03-30 16:15:54";44
"2022-03-30 16:18:09";45
"2022-03-30 16:22:18";44
"2022-03-30 16:23:03";45
"2022-03-30 17:10:11";44
"2022-03-30 17:12:27";45
"2022-03-30 17:35:04";44
"2022-03-30 17:35:27";45
"2022-03-30 17:35:49";44
"2022-03-30 17:37:20";45
"2022-03-30 17:37:42";44
"2022-03-30 17:38:50";45
"2022-03-30 17:39:13";44
"2022-03-30 17:44:07";45
"2022-03-30 17:44:30";44
"2022-03-30 17:44:53";45
"2022-03-30 17:45:15";44
"2022-03-30 17:46:01";45
"2022-03-30 17:47:08";44
"2022-03-30 17:47:54";45
"2022-03-30 17:53:11";44
"2022-03-30 17:54:41";45
"2022-03-30 17:55:04";44
"2022-03-30 18:11:40";45
"2022-03-30 18:12:03";44
"2022-03-30 18:12:48";45
"2022-03-30 18:14:41";44
"2022-03-30 18:16:34";45
"2022-03-30 18:16:57";44
"2022-03-30 18:41:27";43
"2022-03-30 18:41:50";44
"2022-03-30 18:42:35";43
"2022-03-30 18:44:28";44
"2022-03-30 18:45:13";43
"2022-03-30 21:03:38";42
"2022-03-30 21:04:00";43
"2022-03-30 21:04:46";42
"2022-03-30 22:36:46";43
"2022-03-30 22:37:09";42
"2022-03-30 22:37:32";43
"2022-03-30 22:37:54";42
"2022-03-30 22:40:33";43
"2022-03-30 22:42:04";42
"2022-03-30 22:42:49";43
"2022-03-30 22:49:14";42
"2022-03-30 22:50:22";43
"2022-03-30 22:51:30";42
"2022-03-30 22:54:08";43
"2022-03-30 22:54:31";42
"2022-03-30 22:56:47";43
"2022-03-30 22:57:32";42
"2022-03-30 22:59:48";43
"2022-03-30 23:00:33";42
"2022-03-30 23:01:18";43
"2022-03-30 23:02:26";42
"2022-03-30 23:04:42";43
"2022-03-30 23:05:05";42
"2022-03-30 23:43:56";41
"2022-03-30 23:44:42";42
"2022-03-30 23:45:27";41
"2022-03-30 23:45:50";42
"2022-03-30 23:46:35";41
"2022-03-30 23:46:58";42
"2022-03-30 23:48:51";41
"2022-03-30 23:49:13";42
"2022-03-30 23:49:36";41
"2022-03-30 23:49:59";42
"2022-03-30 23:50:21";41
"2022-03-30 23:58:38";42
"2022-03-31 00:01:40";41
"2022-03-31 00:05:03";42
"2022-03-31 00:06:57";41
"2022-03-31 00:07:42";42
"2022-03-31 00:08:04";41
"2022-03-31 00:09:12";42
"2022-03-31 00:11:06";41
"2022-03-31 00:11:28";42
"2022-03-31 00:12:14";41
"2022-03-31 00:12:36";42
"2022-03-31 00:13:21";41
"2022-03-31 00:14:52";42
"2022-03-31 00:20:09";41
"2022-03-31 00:28:27";42
"2022-03-31 00:28:49";41
"2022-03-31 00:29:12";42
"2022-03-31 00:29:34";41
"2022-03-31 00:31:05";42
"2022-03-31 00:31:50";41
"2022-03-31 01:07:40";42
"2022-03-31 01:08:03";41
"2022-03-31 01:09:11";42
"2022-03-31 01:10:19";41
"2022-03-31 01:11:49";42
"2022-03-31 01:12:12";41
"2022-03-31 01:14:27";42
"2022-03-31 01:23:53";41
"2022-03-31 01:24:16";42
"2022-03-31 01:27:17";41
"2022-03-31 01:27:40";42
"2022-03-31 01:28:25";41
"2022-03-31 01:31:26";42
"2022-03-31 01:31:49";41
"2022-03-31 04:49:08";40
"2022-03-31 04:49:30";41
"2022-03-31 04:50:16";40
"2022-03-31 04:55:10";41
"2022-03-31 04:56:18";40
"2022-03-31 04:58:56";41
"2022-03-31 04:59:19";40
"2022-03-31 05:00:49";41
"2022-03-31 05:01:12";40
"2022-03-31 08:06:04";41
"2022-03-31 08:18:09";42
"2022-03-31 08:18:32";41
"2022-03-31 08:40:24";40
"2022-03-31 08:40:46";41
"2022-03-31 09:15:29";42
"2022-03-31 09:17:00";41
"2022-03-31 09:17:22";42
"2022-03-31 09:35:28";43
"2022-03-31 09:35:51";42
"2022-03-31 09:48:18";41
"2022-03-31 09:49:03";42
"2022-03-31 09:59:14";41
"2022-03-31 09:59:36";42
"2022-03-31 10:02:37";41
"2022-03-31 10:03:00";42
"2022-03-31 10:03:22";41
"2022-03-31 10:16:57";40
"2022-03-31 10:17:42";41
"2022-03-31 10:45:14";40
"2022-03-31 10:47:30";41
"2022-03-31 11:12:47";40
"2022-03-31 11:13:09";41
"2022-03-31 11:16:33";40
"2022-03-31 11:16:56";41
"2022-03-31 11:17:41";40
"2022-03-31 11:31:39";41
"2022-03-31 11:32:01";40
"2022-03-31 11:32:46";41
"2022-03-31 11:39:12";40
"2022-03-31 11:39:57";39
"2022-03-31 11:48:59";40
"2022-03-31 11:52:00";39
"2022-03-31 11:52:46";40
"2022-03-31 11:56:09";39
"2022-03-31 12:07:51";38
"2022-03-31 12:09:44";37
"2022-03-31 12:10:07";38
"2022-03-31 12:13:07";37
"2022-03-31 12:13:53";38
"2022-03-31 12:41:47";37
"2022-03-31 12:44:25";38
"2022-03-31 12:44:48";37
"2022-03-31 12:45:10";38
"2022-03-31 12:45:56";37
"2022-03-31 12:55:22";36
"2022-03-31 13:01:01";37
"2022-03-31 13:19:29";36
"2022-03-31 13:20:37";37
"2022-03-31 13:21:23";36
"2022-03-31 13:22:31";37
"2022-03-31 13:24:01";36
"2022-03-31 13:37:36";35
"2022-03-31 13:39:29";36
"2022-03-31 13:39:52";35
"2022-03-31 13:45:31";36
"2022-03-31 13:45:54";35
"2022-03-31 14:07:47";34
"2022-03-31 14:13:03";33
"2022-03-31 14:13:48";32
"2022-03-31 14:14:34";31
"2022-03-31 14:18:20";32
"2022-03-31 14:19:28";31
"2022-03-31 14:22:29";32
"2022-03-31 14:40:58";31
"2022-03-31 14:41:21";32
"2022-03-31 14:51:31";31
"2022-03-31 14:55:18";32
"2022-03-31 15:00:58";31
"2022-03-31 15:01:20";32
"2022-03-31 15:03:14";31
"2022-03-31 15:04:21";32
"2022-03-31 15:11:31";31
"2022-03-31 15:11:54";32
"2022-03-31 15:13:02";31
"2022-03-31 15:13:47";32
"2022-03-31 15:14:32";31
"2022-03-31 15:14:55";32
"2022-03-31 15:15:18";31
"2022-03-31 15:18:19";30
"2022-03-31 15:29:15";31
"2022-03-31 15:30:00";30
"2022-03-31 15:31:08";31
"2022-03-31 15:42:49";30
"2022-03-31 15:43:12";31
"2022-03-31 15:43:34";30
"2022-03-31 15:46:35";31
"2022-03-31 15:47:44";30
"2022-03-31 16:19:03";29
"2022-03-31 16:19:25";30
"2022-03-31 16:20:11";29
"2022-03-31 16:21:19";28
"2022-03-31 16:22:27";27
"2022-03-31 16:23:35";28
"2022-03-31 16:23:57";27
"2022-03-31 16:24:20";28
"2022-03-31 16:24:42";27
"2022-03-31 16:26:13";26
"2022-03-31 16:26:58";27
"2022-03-31 16:31:52";28
"2022-03-31 16:40:10";29
"2022-03-31 16:40:33";28
"2022-03-31 16:58:16";29
"2022-03-31 18:22:46";30
"2022-03-31 19:05:01";31
"2022-03-31 19:05:23";30
"2022-03-31 19:13:42";29
"2022-03-31 19:14:27";30
"2022-03-31 19:32:56";29
"2022-03-31 19:33:19";30
"2022-03-31 19:48:00";31
"2022-03-31 19:49:09";30
"2022-03-31 19:50:16";31
"2022-03-31 19:50:39";30
"2022-03-31 19:58:12";31
"2022-03-31 19:58:57";30
"2022-03-31 20:06:30";31
"2022-03-31 20:08:00";30
"2022-03-31 20:08:23";31
"2022-03-31 20:20:50";30
"2022-03-31 20:21:35";31
"2022-03-31 20:24:14";30
"2022-03-31 20:47:37";31
"2022-03-31 21:12:54";30
"2022-03-31 21:14:24";31
"2022-03-31 21:23:05";30
"2022-03-31 21:23:28";31
"2022-03-31 21:29:07";30
"2022-03-31 21:29:29";31
"2022-03-31 21:29:52";30
"2022-03-31 22:08:43";31
"2022-03-31 23:55:06";32
"2022-04-01 00:27:54";33
"2022-04-01 00:29:47";32
"2022-04-01 00:30:32";33
"2022-04-01 02:25:58";32
"2022-04-01 03:33:05";31
"2022-04-01 03:34:36";32
"2022-04-01 03:34:58";31
"2022-04-01 04:25:09";30
"2022-04-01 04:25:55";31
"2022-04-01 04:26:17";30
"2022-04-01 05:00:59";30
"2022-04-01 05:01:21";30
"2022-04-01 05:01:44";30
"2022-04-01 05:02:06";30
"2022-04-01 05:02:29";30
"2022-04-01 05:02:51";30
"2022-04-01 05:03:14";30
"2022-04-01 05:03:37";30
"2022-04-01 05:03:59";30
"2022-04-01 05:04:22";30
"2022-04-01 05:04:45";30
"2022-04-01 05:05:07";30
"2022-04-01 05:05:30";30
"2022-04-01 05:05:52";30
"2022-04-01 05:06:15";30
"2022-04-01 05:06:38";30
"2022-04-01 05:07:00";30
"2022-04-01 05:07:23";30
"2022-04-01 05:07:45";30
"2022-04-01 05:08:08";30
"2022-04-01 05:08:30";30
"2022-04-01 05:08:53";30
"2022-04-01 05:09:16";30
"2022-04-01 05:09:38";30
"2022-04-01 05:10:01";30
"2022-04-01 05:10:24";30
"2022-04-01 05:10:46";30
"2022-04-01 05:11:09";30
"2022-04-01 05:11:32";30
"2022-04-01 05:11:54";30
"2022-04-01 05:12:17";30
"2022-04-01 05:12:40";30
"2022-04-01 05:13:02";30
"2022-04-01 05:13:25";30
"2022-04-01 05:13:48";30
"2022-04-01 05:14:10";30
"2022-04-01 05:14:33";30
"2022-04-01 05:14:56";30
"2022-04-01 05:15:18";30
"2022-04-01 05:15:41";30
"2022-04-01 05:16:04";30
"2022-04-01 05:16:26";30
"2022-04-01 05:16:49";30
"2022-04-01 05:17:11";30
"2022-04-01 05:17:34";30
"2022-04-01 05:17:57";30
"2022-04-01 05:18:19";30
"2022-04-01 05:18:42";30
"2022-04-01 05:19:05";30
"2022-04-01 05:19:27";30
"2022-04-01 05:19:50";30
"2022-04-01 05:20:12";30
"2022-04-01 05:20:58";30
"2022-04-01 05:21:20";30
"2022-04-01 05:21:43";30
"2022-04-01 05:22:06";30
"2022-04-01 05:22:28";30
"2022-04-01 05:22:51";30
"2022-04-01 05:23:14";30
"2022-04-01 05:23:37";30
"2022-04-01 05:23:59";30
"2022-04-01 05:24:22";30
"2022-04-01 05:24:44";30
"2022-04-01 05:25:07";30
"2022-04-01 05:25:29";30
"2022-04-01 05:25:52";30
"2022-04-01 05:26:14";30
"2022-04-01 05:26:37";30
"2022-04-01 05:27:00";30
"2022-04-01 05:27:22";30
"2022-04-01 05:27:45";30
"2022-04-01 05:28:08";30
"2022-04-01 05:28:30";30
"2022-04-01 05:28:53";30
"2022-04-01 05:29:16";30
"2022-04-01 05:29:38";30
"2022-04-01 05:30:01";30
"2022-04-01 05:30:23";30
"2022-04-01 05:30:46";30
"2022-04-01 05:31:08";30
"2022-04-01 05:31:31";30
"2022-04-01 05:31:54";30
"2022-04-01 05:32:16";30
"2022-04-01 05:32:39";30
"2022-04-01 05:33:02";30
"2022-04-01 05:33:24";30
"2022-04-01 05:33:47";30
"2022-04-01 05:34:09";30
"2022-04-01 05:34:32";30
"2022-04-01 05:34:55";30
"2022-04-01 05:35:17";30
"2022-04-01 05:35:40";30
"2022-04-01 05:36:02";30
"2022-04-01 05:36:25";30
"2022-04-01 05:36:48";30
"2022-04-01 05:37:10";30
"2022-04-01 05:37:33";30
"2022-04-01 05:37:55";30
"2022-04-01 05:38:18";30
"2022-04-01 05:38:41";30
"2022-04-01 05:39:03";30
"2022-04-01 05:39:26";30
"2022-04-01 05:39:49";30
"2022-04-01 05:40:11";30
"2022-04-01 05:40:34";30
"2022-04-01 05:40:57";30
"2022-04-01 05:41:19";30
"2022-04-01 05:41:42";30
"2022-04-01 05:42:04";30
"2022-04-01 05:42:27";30
"2022-04-01 05:42:50";30
"2022-04-01 05:43:12";30
"2022-04-01 05:43:35";30
"2022-04-01 05:43:57";30
"2022-04-01 05:44:20";30
"2022-04-01 05:44:43";30
"2022-04-01 05:45:05";30
"2022-04-01 05:45:28";30
"2022-04-01 05:45:51";30
"2022-04-01 05:46:13";30
"2022-04-01 05:46:36";30
"2022-04-01 05:46:59";30
"2022-04-01 05:47:21";30
"2022-04-01 05:47:44";30
"2022-04-01 05:48:07";30
"2022-04-01 05:48:29";30
"2022-04-01 05:48:52";30
"2022-04-01 05:49:14";30
"2022-04-01 05:49:37";30
"2022-04-01 05:50:00";30
"2022-04-01 05:50:22";30
"2022-04-01 05:50:45";30
"2022-04-01 05:51:07";30
"2022-04-01 05:51:30";30
"2022-04-01 05:51:53";30
"2022-04-01 05:52:15";30
"2022-04-01 05:52:38";30
"2022-04-01 05:53:01";30
"2022-04-01 05:53:23";30
"2022-04-01 05:53:46";30
"2022-04-01 05:54:08";30
"2022-04-01 05:54:31";30
"2022-04-01 05:54:53";30
"2022-04-01 05:55:16";30
"2022-04-01 05:55:39";30
"2022-04-01 05:56:01";30
"2022-04-01 05:56:24";30
"2022-04-01 05:56:47";30
"2022-04-01 05:57:09";30
"2022-04-01 05:57:32";30
"2022-04-01 05:57:54";30
"2022-04-01 05:58:17";30
"2022-04-01 05:58:40";30
"2022-04-01 05:59:02";30
"2022-04-01 05:59:25";30
"2022-04-01 05:59:47";30
"2022-04-01 06:00:10";30
"2022-04-01 06:00:33";30
"2022-04-01 06:00:55";30
"2022-04-01 06:01:18";30
"2022-04-01 06:01:41";30
"2022-04-01 06:02:03";30
"2022-04-01 06:02:26";30
"2022-04-01 06:02:49";30
"2022-04-01 06:03:11";30
"2022-04-01 06:03:34";30
"2022-04-01 06:03:57";30
"2022-04-01 06:04:19";30
"2022-04-01 06:04:42";30
"2022-04-01 06:05:05";30
"2022-04-01 06:05:27";30
"2022-04-01 06:05:50";30
"2022-04-01 06:06:12";30
"2022-04-01 06:06:35";30
"2022-04-01 06:06:58";30
"2022-04-01 06:07:20";30
"2022-04-01 06:07:43";30
"2022-04-01 06:08:06";30
"2022-04-01 06:08:29";30
"2022-04-01 06:08:51";30
"2022-04-01 06:09:14";30
"2022-04-01 06:09:36";30
"2022-04-01 06:09:59";30
"2022-04-01 06:10:22";30
"2022-04-01 06:10:44";30
"2022-04-01 06:11:07";30
"2022-04-01 06:11:29";30
"2022-04-01 06:11:52";30
"2022-04-01 06:12:14";30
"2022-04-01 06:12:37";30
"2022-04-01 06:13:00";30
"2022-04-01 06:13:22";30
"2022-04-01 06:13:45";30
"2022-04-01 06:14:07";30
"2022-04-01 06:14:30";30
"2022-04-01 06:14:53";30
"2022-04-01 06:15:15";30
"2022-04-01 06:15:38";30
"2022-04-01 06:16:01";30
"2022-04-01 06:16:23";30
"2022-04-01 06:16:46";30
"2022-04-01 06:17:09";30
"2022-04-01 06:17:31";30
"2022-04-01 06:17:54";30
"2022-04-01 06:18:16";30
"2022-04-01 06:18:39";30
"2022-04-01 06:19:02";30
"2022-04-01 06:19:24";30
"2022-04-01 06:19:47";30
"2022-04-01 06:20:10";29
"2022-04-01 06:20:32";30
"2022-04-01 06:20:55";30
"2022-04-01 06:21:18";30
"2022-04-01 06:21:40";30
"2022-04-01 06:22:03";29
"2022-04-01 06:22:25";30
"2022-04-01 06:22:48";29
"2022-04-01 06:23:11";29
"2022-04-01 06:23:33";30
"2022-04-01 06:23:56";29
"2022-04-01 06:24:18";29
"2022-04-01 06:24:41";29
"2022-04-01 06:25:04";29
"2022-04-01 06:25:27";29
"2022-04-01 06:25:49";29
"2022-04-01 06:26:12";29
"2022-04-01 06:26:34";29
"2022-04-01 06:26:57";29
"2022-04-01 06:27:19";29
"2022-04-01 06:27:42";29
"2022-04-01 06:28:05";29
"2022-04-01 06:28:28";29
"2022-04-01 06:28:50";29
"2022-04-01 06:29:13";29
"2022-04-01 06:29:36";29
"2022-04-01 06:29:58";29
"2022-04-01 06:30:21";29
"2022-04-01 06:30:43";29
"2022-04-01 06:31:06";29
"2022-04-01 06:31:29";29
"2022-04-01 06:31:51";29
"2022-04-01 06:32:14";29
"2022-04-01 06:32:36";29
"2022-04-01 06:32:59";29
"2022-04-01 06:33:22";29
"2022-04-01 06:33:44";29
"2022-04-01 06:34:07";29
"2022-04-01 06:34:30";29
"2022-04-01 06:34:52";29
"2022-04-01 06:35:15";29
"2022-04-01 06:35:37";29
"2022-04-01 06:36:00";29
"2022-04-01 06:36:23";29
"2022-04-01 06:36:45";29
"2022-04-01 06:37:08";29
"2022-04-01 06:37:30";29
"2022-04-01 06:37:53";29
"2022-04-01 06:38:16";29
"2022-04-01 06:38:38";29
"2022-04-01 06:39:01";29
"2022-04-01 06:39:24";29
"2022-04-01 06:39:46";29
"2022-04-01 06:40:09";29
"2022-04-01 06:40:32";29
"2022-04-01 06:40:54";29
"2022-04-01 06:41:17";29
"2022-04-01 06:41:40";29
"2022-04-01 06:42:02";29
"2022-04-01 06:42:25";29
"2022-04-01 06:42:47";29
"2022-04-01 06:43:10";29
"2022-04-01 06:43:33";29
"2022-04-01 06:43:55";29
"2022-04-01 06:44:18";29
"2022-04-01 06:44:41";29
"2022-04-01 06:45:03";29
"2022-04-01 06:45:26";29
"2022-04-01 06:45:48";29
"2022-04-01 06:46:11";29
"2022-04-01 06:46:34";29
"2022-04-01 06:46:56";29
"2022-04-01 06:47:19";29
"2022-04-01 06:47:42";29
"2022-04-01 06:48:05";29
"2022-04-01 06:48:27";29
"2022-04-01 06:48:50";29
"2022-04-01 06:49:13";29
"2022-04-01 06:49:35";29
"2022-04-01 06:49:58";29
"2022-04-01 06:50:20";29
"2022-04-01 06:50:43";29
"2022-04-01 06:51:06";29
"2022-04-01 06:51:28";29
"2022-04-01 06:51:51";29
"2022-04-01 06:52:13";29
"2022-04-01 06:52:36";29
"2022-04-01 06:52:59";29
"2022-04-01 06:53:21";29
"2022-04-01 06:53:44";29
"2022-04-01 06:54:06";29
"2022-04-01 06:54:29";29
"2022-04-01 06:54:52";29
"2022-04-01 06:55:15";29
"2022-04-01 06:55:37";29
"2022-04-01 06:56:00";29
"2022-04-01 06:56:23";29
"2022-04-01 06:56:45";29
"2022-04-01 06:57:08";29
"2022-04-01 06:57:30";29
"2022-04-01 06:57:53";29
"2022-04-01 06:58:16";29
"2022-04-01 06:58:38";29
"2022-04-01 06:59:01";29
"2022-04-01 06:59:24";29
"2022-04-01 06:59:46";29
"2022-04-01 07:00:09";29
"2022-04-01 07:00:32";29
"2022-04-01 07:00:54";29
"2022-04-01 07:01:17";29
"2022-04-01 07:01:39";29
"2022-04-01 07:02:02";29
"2022-04-01 07:02:25";29
"2022-04-01 07:02:47";29
"2022-04-01 07:03:10";29
"2022-04-01 07:03:33";29
"2022-04-01 07:03:55";29
"2022-04-01 07:04:18";29
"2022-04-01 07:04:40";29
"2022-04-01 07:05:03";29
"2022-04-01 07:05:26";29
"2022-04-01 07:05:48";29
"2022-04-01 07:06:11";29
"2022-04-01 07:06:33";29
"2022-04-01 07:06:56";29
"2022-04-01 07:07:19";29
"2022-04-01 07:07:41";29
"2022-04-01 07:08:04";29
"2022-04-01 07:08:27";29
"2022-04-01 07:08:49";29
"2022-04-01 07:09:12";29
"2022-04-01 07:09:35";29
"2022-04-01 07:09:57";29
"2022-04-01 07:10:20";29
"2022-04-01 07:10:43";29
"2022-04-01 07:11:05";29
"2022-04-01 07:11:28";29
"2022-04-01 07:11:51";29
"2022-04-01 07:12:13";29
"2022-04-01 07:12:36";29
"2022-04-01 07:12:58";29
"2022-04-01 07:13:21";29
"2022-04-01 07:13:44";29
"2022-04-01 07:14:06";28
"2022-04-01 07:14:29";28
"2022-04-01 07:14:51";28
"2022-04-01 07:15:14";28
"2022-04-01 07:15:37";27
"2022-04-01 07:15:59";28
"2022-04-01 07:16:22";28
"2022-04-01 07:16:44";28
"2022-04-01 07:17:07";28
"2022-04-01 07:17:30";28
"2022-04-01 07:17:52";28
"2022-04-01 07:18:15";28
"2022-04-01 07:18:38";28
"2022-04-01 07:19:00";28
"2022-04-01 07:19:23";28
"2022-04-01 07:19:46";28
"2022-04-01 07:20:08";28
"2022-04-01 07:20:31";29
"2022-04-01 07:20:54";29
"2022-04-01 07:21:16";29
"2022-04-01 07:21:39";29
"2022-04-01 07:22:24";29
"2022-04-01 07:22:47";29
"2022-04-01 07:23:09";30
"2022-04-01 07:23:32";30
"2022-04-01 07:23:54";30
"2022-04-01 07:24:17";30
"2022-04-01 07:24:40";28
"2022-04-01 07:25:02";28
"2022-04-01 07:25:25";28
"2022-04-01 07:25:48";28
"2022-04-01 07:26:10";27
"2022-04-01 07:26:33";27
"2022-04-01 07:26:56";26
"2022-04-01 07:27:18";27
"2022-04-01 07:27:41";27
"2022-04-01 07:28:03";27
"2022-04-01 07:28:26";28
"2022-04-01 07:28:49";28
"2022-04-01 07:29:11";28
"2022-04-01 07:29:34";28
"2022-04-01 07:29:57";28
"2022-04-01 07:30:19";28
"2022-04-01 07:30:42";28
"2022-04-01 07:31:04";28
"2022-04-01 07:31:27";28
"2022-04-01 07:31:50";28
"2022-04-01 07:32:12";29
"2022-04-01 07:32:35";29
"2022-04-01 07:32:58";29
"2022-04-01 07:33:20";29
"2022-04-01 07:33:43";29
"2022-04-01 07:34:05";29
"2022-04-01 07:34:28";29
"2022-04-01 07:34:51";29
"2022-04-01 07:35:13";29
"2022-04-01 07:35:36";29
"2022-04-01 07:35:59";29
"2022-04-01 07:36:21";29
"2022-04-01 07:36:44";29
"2022-04-01 07:37:06";29
"2022-04-01 07:37:29";29
"2022-04-01 07:37:52";29
"2022-04-01 07:38:14";29
"2022-04-01 07:38:37";29
"2022-04-01 07:38:59";29
"2022-04-01 07:39:22";29
"2022-04-01 07:39:45";29
"2022-04-01 07:40:07";29
"2022-04-01 07:40:30";29
"2022-04-01 07:40:53";29
"2022-04-01 07:41:15";29
"2022-04-01 07:41:38";29
"2022-04-01 07:42:01";29
"2022-04-01 07:42:23";29
"2022-04-01 07:42:46";29
"2022-04-01 07:43:08";29
"2022-04-01 07:43:31";29
"2022-04-01 07:43:53";29
"2022-04-01 07:44:16";29
"2022-04-01 07:44:39";29
"2022-04-01 07:45:01";29
"2022-04-01 07:45:24";29
"2022-04-01 07:45:46";29
"2022-04-01 07:46:09";29
"2022-04-01 07:46:32";29
"2022-04-01 07:46:54";29
"2022-04-01 07:47:17";29
"2022-04-01 07:47:39";29
"2022-04-01 07:48:02";29
"2022-04-01 07:48:25";29
"2022-04-01 07:48:47";29
"2022-04-01 07:49:10";28
"2022-04-01 07:49:33";29
"2022-04-01 07:49:55";29
"2022-04-01 07:50:18";29
"2022-04-01 07:50:41";29
"2022-04-01 07:51:03";29
"2022-04-01 07:51:26";29
"2022-04-01 07:51:49";29
"2022-04-01 07:52:12";29
"2022-04-01 07:52:34";29
"2022-04-01 07:52:57";29
"2022-04-01 07:53:20";29
"2022-04-01 07:53:42";29
"2022-04-01 07:54:05";29
"2022-04-01 07:54:27";29
"2022-04-01 07:54:50";29
"2022-04-01 07:55:13";29
"2022-04-01 07:55:35";29
"2022-04-01 07:55:58";29
"2022-04-01 07:56:21";29
"2022-04-01 07:56:43";29
"2022-04-01 07:57:06";29
"2022-04-01 07:57:28";29
"2022-04-01 07:57:51";28
"2022-04-01 07:58:14";29
"2022-04-01 07:58:36";29
"2022-04-01 07:58:59";28
"2022-04-01 07:59:22";29
"2022-04-01 07:59:44";29
"2022-04-01 08:00:07";29
"2022-04-01 08:00:29";29
"2022-04-01 08:00:52";29
"2022-04-01 08:01:15";28
"2022-04-01 08:01:37";28
"2022-04-01 08:02:00";28
"2022-04-01 08:02:22";28
"2022-04-01 08:02:45";28
"2022-04-01 08:03:08";28
"2022-04-01 08:03:30";28
"2022-04-01 08:03:53";28
"2022-04-01 08:04:16";28
"2022-04-01 08:04:38";28
"2022-04-01 08:05:01";28
"2022-04-01 08:05:24";28
"2022-04-01 08:05:46";28
"2022-04-01 08:06:09";28
"2022-04-01 08:06:31";28
"2022-04-01 08:06:54";28
"2022-04-01 08:07:17";28
"2022-04-01 08:07:39";28
"2022-04-01 08:08:02";28
"2022-04-01 08:08:25";28
"2022-04-01 08:08:47";28
"2022-04-01 08:09:10";28
"2022-04-01 08:09:33";28
"2022-04-01 08:09:55";28
"2022-04-01 08:10:18";28
"2022-04-01 08:10:40";28
"2022-04-01 08:11:03";28
"2022-04-01 08:11:26";28
"2022-04-01 08:11:48";28
"2022-04-01 08:12:11";28
"2022-04-01 08:12:33";28
"2022-04-01 08:12:56";27
"2022-04-01 08:13:19";27
"2022-04-01 08:13:41";27
"2022-04-01 08:14:04";27
"2022-04-01 08:14:27";27
"2022-04-01 08:14:49";27
"2022-04-01 08:15:12";27
"2022-04-01 08:15:34";28
"2022-04-01 08:15:57";28
"2022-04-01 08:16:20";28
"2022-04-01 08:16:42";28
"2022-04-01 08:17:05";28
"2022-04-01 08:17:27";28
"2022-04-01 08:17:50";28
"2022-04-01 08:18:13";28
"2022-04-01 08:18:36";28
"2022-04-01 08:18:58";28
"2022-04-01 08:19:21";28
"2022-04-01 08:19:43";28
"2022-04-01 08:20:05";28
"2022-04-01 08:20:28";28
"2022-04-01 08:20:51";28
"2022-04-01 08:21:14";28
"2022-04-01 08:21:36";28
"2022-04-01 08:21:59";28
"2022-04-01 08:22:21";28
"2022-04-01 08:22:44";28
"2022-04-01 08:23:06";28
"2022-04-01 08:23:29";28
"2022-04-01 08:23:52";28
"2022-04-01 08:24:15";28
"2022-04-01 08:24:37";28
"2022-04-01 08:25:00";28
"2022-04-01 08:25:22";28
"2022-04-01 08:25:45";28
"2022-04-01 08:26:08";28
"2022-04-01 08:26:30";28
"2022-04-01 08:26:53";28
"2022-04-01 08:27:16";28
"2022-04-01 08:27:38";28
"2022-04-01 08:28:01";28
"2022-04-01 08:28:24";28
"2022-04-01 08:28:46";28
"2022-04-01 08:29:09";28
"2022-04-01 08:29:32";28
"2022-04-01 08:29:54";28
"2022-04-01 08:30:17";28
"2022-04-01 08:30:39";28
"2022-04-01 08:31:02";28
"2022-04-01 08:31:25";28
"2022-04-01 08:31:47";28
"2022-04-01 08:32:10";28
"2022-04-01 08:32:32";28
"2022-04-01 08:32:55";28
"2022-04-01 08:33:18";28
"2022-04-01 08:33:40";28
"2022-04-01 08:34:03";28
"2022-04-01 08:34:26";28
"2022-04-01 08:34:48";28
"2022-04-01 08:35:11";28
"2022-04-01 08:35:34";28
"2022-04-01 08:35:56";28
"2022-04-01 08:36:19";28
"2022-04-01 08:36:41";28
"2022-04-01 08:37:04";28
"2022-04-01 08:37:27";28
"2022-04-01 08:37:49";28
"2022-04-01 08:38:12";28
"2022-04-01 08:38:34";28
"2022-04-01 08:38:57";28
"2022-04-01 08:39:20";28
"2022-04-01 08:39:42";28
"2022-04-01 08:40:05";28
"2022-04-01 08:40:28";28
"2022-04-01 08:40:50";28
"2022-04-01 08:41:13";28
"2022-04-01 08:41:36";28
"2022-04-01 08:41:58";28
"2022-04-01 08:42:21";28
"2022-04-01 08:42:43";28
"2022-04-01 08:43:06";28
"2022-04-01 08:43:29";28
"2022-04-01 08:43:51";28
"2022-04-01 08:44:14";28
"2022-04-01 08:44:36";28
"2022-04-01 08:44:59";28
"2022-04-01 08:45:22";28
"2022-04-01 08:45:44";28
"2022-04-01 08:46:07";28
"2022-04-01 08:46:30";28
"2022-04-01 08:46:52";28
"2022-04-01 08:47:15";28
"2022-04-01 08:47:37";28
"2022-04-01 08:48:00";28
"2022-04-01 08:48:22";28
"2022-04-01 08:48:45";28
"2022-04-01 08:49:08";28
"2022-04-01 08:49:30";28
"2022-04-01 08:49:53";28
"2022-04-01 08:50:15";28
"2022-04-01 08:50:38";28
"2022-04-01 08:51:01";28
"2022-04-01 08:51:23";28
"2022-04-01 08:51:46";28
"2022-04-01 08:52:09";28
"2022-04-01 08:52:31";28
"2022-04-01 08:52:54";28
"2022-04-01 08:53:17";28
"2022-04-01 08:53:39";28
"2022-04-01 08:54:02";28
"2022-04-01 08:54:25";28
"2022-04-01 08:54:47";28
"2022-04-01 08:55:10";28
"2022-04-01 08:55:33";28
"2022-04-01 08:55:55";28
"2022-04-01 08:56:18";28
"2022-04-01 08:56:40";28
"2022-04-01 08:57:03";28
"2022-04-01 08:57:26";28
"2022-04-01 08:57:48";28
"2022-04-01 08:58:11";28
"2022-04-01 08:58:34";28
"2022-04-01 08:58:56";28
"2022-04-01 08:59:19";28
"2022-04-01 08:59:42";28
"2022-04-01 09:00:04";27
"2022-04-01 09:00:27";27
"2022-04-01 09:00:49";27
"2022-04-01 09:01:12";26
"2022-04-01 09:01:35";26
"2022-04-01 09:01:57";26
"2022-04-01 09:02:20";26
"2022-04-01 09:02:43";27
"2022-04-01 09:03:05";27
"2022-04-01 09:03:28";27
"2022-04-01 09:03:50";27
"2022-04-01 09:04:13";27
"2022-04-01 09:04:36";27
"2022-04-01 09:04:58";27
"2022-04-01 09:05:21";27
"2022-04-01 09:05:44";27
"2022-04-01 09:06:06";27
"2022-04-01 09:06:29";27
"2022-04-01 09:06:51";27
"2022-04-01 09:07:14";28
"2022-04-01 09:07:37";28
"2022-04-01 09:07:59";28
"2022-04-01 09:08:22";28
"2022-04-01 09:08:45";28
"2022-04-01 09:09:07";28
"2022-04-01 09:09:30";28
"2022-04-01 09:09:53";28
"2022-04-01 09:10:15";28
"2022-04-01 09:10:38";28
"2022-04-01 09:11:00";28
"2022-04-01 09:11:23";28
"2022-04-01 09:11:46";28
"2022-04-01 09:12:08";28
"2022-04-01 09:12:31";28
"2022-04-01 09:12:54";27
"2022-04-01 09:13:16";27
"2022-04-01 09:13:39";27
"2022-04-01 09:14:02";27
"2022-04-01 09:14:24";27
"2022-04-01 09:14:47";27
"2022-04-01 09:15:10";27
"2022-04-01 09:15:32";27
"2022-04-01 09:15:55";27
"2022-04-01 09:16:18";28
"2022-04-01 09:16:40";28
"2022-04-01 09:17:03";27
"2022-04-01 09:17:26";28
"2022-04-01 09:17:48";28
"2022-04-01 09:18:11";28
"2022-04-01 09:18:33";28
"2022-04-01 09:18:56";28
"2022-04-01 09:19:18";28
"2022-04-01 09:19:41";28
"2022-04-01 09:20:04";28
"2022-04-01 09:20:26";28
"2022-04-01 09:20:49";28
"2022-04-01 09:21:11";28
"2022-04-01 09:21:34";28
"2022-04-01 09:21:57";28
"2022-04-01 09:22:19";28
"2022-04-01 09:22:42";28
"2022-04-01 09:23:04";28
"2022-04-01 09:23:27";28
"2022-04-01 09:23:50";28
"2022-04-01 09:24:12";28
"2022-04-01 09:24:35";28
"2022-04-01 09:24:58";28
"2022-04-01 09:25:21";28
"2022-04-01 09:25:43";28
"2022-04-01 09:26:05";28
"2022-04-01 09:26:28";28
"2022-04-01 09:26:51";28
"2022-04-01 09:27:13";28
"2022-04-01 09:27:36";28
"2022-04-01 09:27:59";28
"2022-04-01 09:28:21";28
"2022-04-01 09:28:44";28
"2022-04-01 09:29:07";28
"2022-04-01 09:29:29";28
"2022-04-01 09:29:52";28
"2022-04-01 09:30:15";28
"2022-04-01 09:30:38";28
"2022-04-01 09:31:00";28
"2022-04-01 09:31:22";28
"2022-04-01 09:31:45";28
"2022-04-01 09:32:08";28
"2022-04-01 09:32:30";28
"2022-04-01 09:32:53";28
"2022-04-01 09:33:16";28
"2022-04-01 09:33:39";28
"2022-04-01 09:34:01";28
"2022-04-01 09:34:24";28
"2022-04-01 09:34:46";28
"2022-04-01 09:35:09";28
"2022-04-01 09:35:31";28
"2022-04-01 09:35:54";28
"2022-04-01 09:36:17";28
"2022-04-01 09:36:39";28
"2022-04-01 09:37:02";28
"2022-04-01 09:37:25";28
"2022-04-01 09:37:47";28
"2022-04-01 09:38:10";28
"2022-04-01 09:38:32";28
"2022-04-01 09:38:55";27
"2022-04-01 09:39:18";27
"2022-04-01 09:39:40";27
"2022-04-01 09:40:03";27
"2022-04-01 09:40:26";27
"2022-04-01 09:40:48";27
"2022-04-01 09:41:11";27
"2022-04-01 09:41:34";27
"2022-04-01 09:41:56";27
"2022-04-01 09:42:19";27
"2022-04-01 09:42:41";27
"2022-04-01 09:43:04";27
"2022-04-01 09:43:26";27
"2022-04-01 09:43:49";27
"2022-04-01 09:44:12";27
"2022-04-01 09:44:34";27
"2022-04-01 09:44:57";27
"2022-04-01 09:45:20";27
"2022-04-01 09:45:42";26
"2022-04-01 09:46:05";26
"2022-04-01 09:46:28";26
"2022-04-01 09:46:50";26
"2022-04-01 09:47:13";26
"2022-04-01 09:47:36";26
"2022-04-01 09:47:58";26
"2022-04-01 09:48:21";26
"2022-04-01 09:48:43";26
"2022-04-01 09:49:06";26
"2022-04-01 09:49:28";26
"2022-04-01 09:49:51";26
"2022-04-01 09:50:14";26
"2022-04-01 09:50:37";26
"2022-04-01 09:50:59";26
"2022-04-01 09:51:22";26
"2022-04-01 09:51:44";26
"2022-04-01 09:52:07";26
"2022-04-01 09:52:30";26
"2022-04-01 09:52:52";26
"2022-04-01 09:53:15";26
"2022-04-01 09:53:38";26
"2022-04-01 09:54:00";26
"2022-04-01 09:54:23";26
"2022-04-01 09:54:45";27
"2022-04-01 09:55:08";27
"2022-04-01 09:55:31";27
"2022-04-01 09:55:53";27
"2022-04-01 09:56:16";27
"2022-04-01 09:56:39";27
"2022-04-01 09:57:01";27
"2022-04-01 09:57:24";27
"2022-04-01 09:57:46";27
"2022-04-01 09:58:09";27
"2022-04-01 09:58:32";27
"2022-04-01 09:58:54";27
"2022-04-01 09:59:17";27
"2022-04-01 09:59:39";27
"2022-04-01 10:00:02";27
"2022-04-01 10:00:25";27
"2022-04-01 10:00:47";27
"2022-04-01 10:01:10";27
"2022-04-01 10:01:33";27
"2022-04-01 10:01:55";27
"2022-04-01 10:02:18";27
"2022-04-01 10:02:41";27
"2022-04-01 10:03:03";27
"2022-04-01 10:03:26";27
"2022-04-01 10:03:49";27
"2022-04-01 10:04:11";27
"2022-04-01 10:04:34";27
"2022-04-01 10:04:56";27
"2022-04-01 10:05:19";27
"2022-04-01 10:05:42";27
"2022-04-01 10:06:04";27
"2022-04-01 10:06:27";27
"2022-04-01 10:06:50";27
"2022-04-01 10:07:12";27
"2022-04-01 10:07:35";27
"2022-04-01 10:07:58";27
"2022-04-01 10:08:20";27
"2022-04-01 10:08:43";27
"2022-04-01 10:09:06";27
"2022-04-01 10:09:28";27
"2022-04-01 10:09:51";27
"2022-04-01 10:10:13";27
"2022-04-01 10:10:36";27
"2022-04-01 10:10:59";27
"2022-04-01 10:11:21";27
"2022-04-01 10:11:44";27
"2022-04-01 10:12:07";27
"2022-04-01 10:12:29";27
"2022-04-01 10:12:52";27
"2022-04-01 10:13:15";27
"2022-04-01 10:13:37";27
"2022-04-01 10:14:00";27
"2022-04-01 10:14:22";27
"2022-04-01 10:14:45";27
"2022-04-01 10:15:07";27
"2022-04-01 10:15:30";27
"2022-04-01 10:15:53";27
"2022-04-01 10:16:15";27
"2022-04-01 10:16:38";27
"2022-04-01 10:17:01";27
"2022-04-01 10:17:23";27
"2022-04-01 10:17:46";27
"2022-04-01 10:18:09";27
"2022-04-01 10:18:31";27
"2022-04-01 10:18:54";27
"2022-04-01 10:19:16";27
"2022-04-01 10:19:39";26
"2022-04-01 10:20:02";26
"2022-04-01 10:20:24";26
"2022-04-01 10:20:47";26
"2022-04-01 10:21:09";27
"2022-04-01 10:21:32";27
"2022-04-01 10:21:55";27
"2022-04-01 10:22:17";27
"2022-04-01 10:22:40";26
"2022-04-01 10:23:03";26
"2022-04-01 10:23:25";26
"2022-04-01 10:23:48";26
"2022-04-01 10:24:11";26
"2022-04-01 10:24:33";25
"2022-04-01 10:24:56";25
"2022-04-01 10:25:18";25
"2022-04-01 10:25:41";25
"2022-04-01 10:26:04";25
"2022-04-01 10:26:26";25
"2022-04-01 10:26:49";25
"2022-04-01 10:27:11";25
"2022-04-01 10:27:34";25
"2022-04-01 10:27:57";25
"2022-04-01 10:28:19";25
"2022-04-01 10:28:42";25
"2022-04-01 10:29:04";25
"2022-04-01 10:29:27";25
"2022-04-01 10:29:50";25
"2022-04-01 10:30:12";26
"2022-04-01 10:30:35";26
"2022-04-01 10:30:58";26
"2022-04-01 10:31:20";26
"2022-04-01 10:31:43";26
"2022-04-01 10:32:05";26
"2022-04-01 10:32:28";26
"2022-04-01 10:32:51";26
"2022-04-01 10:33:14";26
"2022-04-01 10:33:36";26
"2022-04-01 10:33:59";26
"2022-04-01 10:34:21";27
"2022-04-01 10:34:44";27
"2022-04-01 10:35:07";27
"2022-04-01 10:35:29";27
"2022-04-01 10:35:52";27
"2022-04-01 10:36:15";27
"2022-04-01 10:36:38";27
"2022-04-01 10:37:00";27
"2022-04-01 10:37:23";27
"2022-04-01 10:37:45";27
"2022-04-01 10:38:08";27
"2022-04-01 10:38:31";27
"2022-04-01 10:38:53";27
"2022-04-01 10:39:16";27
"2022-04-01 10:39:38";27
"2022-04-01 10:40:01";27
"2022-04-01 10:40:24";27
"2022-04-01 10:41:09";27
"2022-04-01 10:41:32";27
"2022-04-01 10:41:55";27
"2022-04-01 10:42:17";27
"2022-04-01 10:42:40";27
"2022-04-01 10:43:03";27
"2022-04-01 10:43:25";27
"2022-04-01 10:43:47";27
"2022-04-01 10:44:10";27
"2022-04-01 10:44:33";27
"2022-04-01 10:44:56";27
"2022-04-01 10:45:18";27
"2022-04-01 10:45:41";27
"2022-04-01 10:46:03";27
"2022-04-01 10:46:26";27
"2022-04-01 10:46:49";27
"2022-04-01 10:47:11";27
"2022-04-01 10:47:34";27
"2022-04-01 10:47:57";27
"2022-04-01 10:48:19";27
"2022-04-01 10:48:42";27
"2022-04-01 10:49:05";27
"2022-04-01 10:49:27";27
"2022-04-01 10:49:50";27
"2022-04-01 10:50:12";27
"2022-04-01 10:50:35";27
"2022-04-01 10:50:57";27
"2022-04-01 10:51:20";27
"2022-04-01 10:51:43";26
"2022-04-01 10:52:05";26
"2022-04-01 10:52:28";26
"2022-04-01 10:52:51";26
"2022-04-01 10:53:13";26
"2022-04-01 10:53:36";26
"2022-04-01 10:53:59";26
"2022-04-01 10:54:21";26
"2022-04-01 10:54:44";26
"2022-04-01 10:55:07";26
"2022-04-01 10:55:29";26
"2022-04-01 10:55:52";26
"2022-04-01 10:56:15";26
"2022-04-01 10:56:37";26
"2022-04-01 10:57:00";26
"2022-04-01 10:57:22";26
"2022-04-01 10:57:45";26
"2022-04-01 10:58:07";26
"2022-04-01 10:58:30";26
"2022-04-01 10:58:53";26
"2022-04-01 10:59:15";26
"2022-04-01 10:59:38";26
"2022-04-01 11:00:00";26
"2022-04-01 11:00:23";26
"2022-04-01 11:00:25";26