"DateTime";"[Diag Pack][PM - Capteur 2][PM1] ug/m3"
"2022-03-15 05:27:30";1,005
"2022-03-15 06:27:30";1,0025
"2022-03-15 07:27:30";1,363333
"2022-03-15 08:27:30";1,460833
"2022-03-15 09:27:30";1,1675
"2022-03-15 10:27:30";1,085
"2022-03-15 11:27:30";0,823333
"2022-03-15 12:27:30";0,088333
"2022-03-15 13:27:30";0,204167
"2022-03-15 14:27:30";2,085833
"2022-03-15 15:27:30";1,595
"2022-03-15 16:27:30";1,583333
"2022-03-15 17:27:30";1,745
"2022-03-15 18:27:30";3,254167
"2022-03-15 19:27:30";1,166667
"2022-03-15 20:27:30";1,063333
"2022-03-15 21:27:30";1,085833
"2022-03-15 22:27:30";1
"2022-03-15 23:27:30";1,145833
"2022-03-16 00:27:30";1,085833
"2022-03-16 01:27:30";1,073333
"2022-03-16 02:27:30";1,253333
"2022-03-16 03:27:30";1,745
"2022-03-16 04:27:30";1,916667
"2022-03-16 05:27:30";1,918333
"2022-03-16 06:27:30";1,9925
"2022-03-16 07:27:30";2,745
"2022-03-16 08:27:30";3
"2022-03-16 10:27:30";2,8975
"2022-03-16 11:27:30";3,039167
"2022-03-16 12:27:30";2,2575
"2022-03-16 13:27:30";2,080833
"2022-03-16 14:27:30";2,244167
"2022-03-16 15:27:30";3,010833
"2022-03-16 16:27:30";5,04
"2022-03-16 17:27:30";4,335
"2022-03-16 18:27:30";3,1875
"2022-03-16 19:27:30";3,678333
"2022-03-16 20:27:30";7,990833
"2022-03-16 21:27:30";5,479167
"2022-03-16 22:27:30";4,503333
"2022-03-16 23:27:30";4,3225
"2022-03-17 00:27:30";4
"2022-03-17 01:27:30";3,588333
"2022-03-17 02:27:30";3,323333
"2022-03-17 03:27:30";3,159167
"2022-03-17 04:27:30";3,585833
"2022-03-17 05:27:30";3,836667
"2022-03-17 06:27:30";4,1475
"2022-03-17 07:27:30";5,235
"2022-03-17 08:27:30";8,8375
"2022-03-17 09:27:30";5,665
"2022-03-17 10:27:30";7,068333
"2022-03-17 11:27:30";6,289167
"2022-03-17 12:27:30";5,828333
"2022-03-17 13:27:30";6,823333
"2022-03-17 14:27:30";7,171667
"2022-03-17 15:27:30";7,12
"2022-03-17 16:27:30";5,898333
"2022-03-17 17:27:30";6,001667
"2022-03-17 18:27:30";6,343333
"2022-03-17 19:27:30";6,2525
"2022-03-17 20:27:30";7,655833
"2022-03-17 21:27:30";5,394167
"2022-03-17 22:27:30";3,955
"2022-03-17 23:27:30";2,12
"2022-03-18 00:27:30";0,791667
"2022-03-18 01:27:30";0,1675
"2022-03-18 02:27:30";0
"2022-03-18 05:00:00";0,99996948242188
"2022-03-18 05:05:00";1
"2022-03-18 05:10:00";0,00048828125
"2022-03-18 05:15:00";0
"2022-03-18 05:50:00";0,9921875
"2022-03-18 05:55:00";0,0001220703125
"2022-03-18 06:00:00";0,1248779296875
"2022-03-18 06:05:00";0,875
"2022-03-18 06:10:00";1
"2022-03-18 07:00:00";2,9921798706055
"2022-03-18 07:05:00";2,0078125
"2022-03-18 07:10:00";1,000244140625
"2022-03-18 07:15:00";1,9999961853027
"2022-03-18 07:20:00";2
"2022-03-18 07:40:00";1,8788471221924
"2022-03-18 07:45:00";2
"2022-03-18 08:45:00";3,7499997615814
"2022-03-18 08:50:00";4
"2022-03-18 09:00:00";3,0001220703125
"2022-03-18 09:05:00";3,75
"2022-03-18 09:10:00";4
"2022-03-18 09:15:00";3,9998816251755
"2022-03-18 09:20:00";3,0000000596047
"2022-03-18 09:25:00";3
"2022-03-18 09:30:00";2,9981079101562
"2022-03-18 09:35:00";2,0000019073486
"2022-03-18 09:40:00";2,0019226074219
"2022-03-18 09:45:00";2,0000295639038
"2022-03-18 09:50:00";2
"2022-03-18 10:05:00";1,0000152587891
"2022-03-18 10:10:00";1,9999923706055
"2022-03-18 10:15:00";2,0000073909759
"2022-03-18 10:20:00";2
"2022-03-18 10:29:46";3
"2022-03-18 10:32:39";2
"2022-03-18 10:51:32";1
"2022-03-18 10:56:32";2
"2022-03-18 11:03:29";1
"2022-03-18 11:17:21";2
"2022-03-18 11:24:52";1
"2022-03-18 11:26:13";2
"2022-03-18 11:31:24";1
"2022-03-18 11:42:00";2
"2022-03-18 11:42:58";1
"2022-03-18 11:47:24";2
"2022-03-18 11:49:53";1
"2022-03-18 12:08:46";2
"2022-03-18 12:09:44";1
"2022-03-18 13:27:47";2
"2022-03-18 13:34:55";1
"2022-03-18 14:33:16";2
"2022-03-18 14:41:11";1
"2022-03-18 14:53:08";2
"2022-03-18 15:02:58";1
"2022-03-18 15:15:53";2
"2022-03-18 15:19:56";1
"2022-03-18 15:24:45";2
"2022-03-18 15:37:39";3
"2022-03-18 15:39:34";4
"2022-03-18 15:46:31";3
"2022-03-18 16:12:20";2
"2022-03-18 16:38:56";1
"2022-03-18 16:40:06";2
"2022-03-18 17:12:41";1
"2022-03-18 17:14:36";2
"2022-03-18 17:27:31";1
"2022-03-18 17:32:31";2
"2022-03-18 17:33:29";1
"2022-03-18 17:38:18";2
"2022-03-18 17:41:22";1
"2022-03-18 17:47:20";2
"2022-03-18 18:14:08";3
"2022-03-18 18:35:42";2
"2022-03-18 19:13:27";3
"2022-03-18 19:18:16";4
"2022-03-18 19:22:19";5
"2022-03-18 19:30:13";6
"2022-03-18 19:31:11";7
"2022-03-18 19:38:07";6
"2022-03-18 19:40:02";5
"2022-03-18 19:44:04";4
"2022-03-18 19:57:57";5
"2022-03-18 20:23:35";6
"2022-03-18 20:24:44";5
"2022-03-18 20:27:38";6
"2022-03-18 20:33:36";5
"2022-03-18 20:47:28";6
"2022-03-18 20:52:17";5
"2022-03-18 20:53:15";6
"2022-03-18 21:11:11";5
"2022-03-18 21:17:09";6
"2022-03-18 21:43:44";7
"2022-03-18 21:45:16";6
"2022-03-18 21:45:51";7
"2022-03-18 21:49:43";8
"2022-03-18 22:04:33";7
"2022-03-18 22:09:34";8
"2022-03-18 22:10:31";7
"2022-03-18 22:14:23";8
"2022-03-18 22:42:08";9
"2022-03-18 22:43:29";8
"2022-03-18 22:45:13";9
"2022-03-18 22:46:11";8
"2022-03-18 23:34:45";9
"2022-03-18 23:49:24";8
"2022-03-18 23:56:20";9
"2022-03-19 00:00:23";8
"2022-03-19 01:16:20";7
"2022-03-19 01:19:36";8
"2022-03-19 01:26:32";7
"2022-03-19 01:27:30";8
"2022-03-19 01:32:20";7
"2022-03-19 01:47:22";8
"2022-03-19 01:48:19";7
"2022-03-19 02:00:04";8
"2022-03-19 02:02:58";7
"2022-03-19 03:20:13";6
"2022-03-19 03:23:18";7
"2022-03-19 03:32:10";6
"2022-03-19 03:37:10";7
"2022-03-19 03:45:04";6
"2022-03-19 03:52:00";7
"2022-03-19 03:56:49";6
"2022-03-19 04:12:48";5
"2022-03-19 04:17:38";6
"2022-03-19 04:23:36";5
"2022-03-19 04:24:34";6
"2022-03-19 04:29:35";5
"2022-03-19 04:35:33";6
"2022-03-19 04:36:31";5
"2022-03-19 04:42:29";6
"2022-03-19 04:47:19";5
"2022-03-19 04:52:20";6
"2022-03-19 04:55:13";5
"2022-03-19 05:02:09";6
"2022-03-19 05:19:06";5
"2022-03-19 05:20:04";6
"2022-03-19 05:27:00";5
"2022-03-19 05:33:56";6
"2022-03-19 05:40:52";5
"2022-03-19 05:43:34";6
"2022-03-19 05:57:38";7
"2022-03-19 06:02:39";6
"2022-03-19 06:13:26";5
"2022-03-19 06:21:21";6
"2022-03-19 06:29:15";5
"2022-03-19 06:30:24";6
"2022-03-19 06:41:12";5
"2022-03-19 06:46:13";6
"2022-03-19 06:47:11";5
"2022-03-19 06:48:09";6
"2022-03-19 06:50:04";5
"2022-03-19 07:21:41";6
"2022-03-19 07:23:36";7
"2022-03-19 07:24:46";8
"2022-03-19 07:27:39";9
"2022-03-19 07:31:30";10
"2022-03-19 07:32:40";11
"2022-03-19 07:34:35";12
"2022-03-19 07:35:33";11
"2022-03-19 07:41:31";10
"2022-03-19 07:43:26";9
"2022-03-19 07:51:21";10
"2022-03-19 07:52:19";9
"2022-03-19 07:56:22";8
"2022-03-19 07:58:18";9
"2022-03-19 07:59:15";8
"2022-03-19 08:09:17";9
"2022-03-19 08:13:08";8
"2022-03-19 08:18:43";9
"2022-03-19 08:23:09";8
"2022-03-19 08:49:44";7
"2022-03-19 09:25:22";6
"2022-03-19 09:26:20";7
"2022-03-19 09:34:14";8
"2022-03-19 09:42:09";7
"2022-03-19 09:47:09";8
"2022-03-19 09:51:12";7
"2022-03-19 09:53:07";6
"2022-03-19 09:57:33";7
"2022-03-19 10:00:03";8
"2022-03-19 10:11:01";7
"2022-03-19 10:17:57";8
"2022-03-19 10:19:53";7
"2022-03-19 10:42:36";6
"2022-03-19 10:44:32";7
"2022-03-19 10:49:33";6
"2022-03-19 10:59:23";7
"2022-03-19 11:03:26";6
"2022-03-19 11:11:19";7
"2022-03-19 11:14:13";6
"2022-03-19 11:15:10";7
"2022-03-19 11:22:18";6
"2022-03-19 11:38:06";7
"2022-03-19 11:39:04";6
"2022-03-19 12:17:36";5
"2022-03-19 12:24:31";6
"2022-03-19 12:35:19";5
"2022-03-19 12:36:28";6
"2022-03-19 12:47:16";5
"2022-03-19 12:49:11";6
"2022-03-19 13:02:06";5
"2022-03-19 13:05:00";6
"2022-03-19 13:05:57";5
"2022-03-19 14:37:05";4
"2022-03-19 14:39:01";5
"2022-03-19 14:57:55";6
"2022-03-19 14:58:52";5
"2022-03-19 15:49:22";6
"2022-03-19 15:54:10";5
"2022-03-19 16:01:07";6
"2022-03-19 16:10:56";5
"2022-03-19 16:14:24";6
"2022-03-19 16:24:48";5
"2022-03-19 16:32:42";6
"2022-03-19 16:50:37";5
"2022-03-19 16:51:35";6
"2022-03-19 16:53:30";7
"2022-03-19 17:01:25";8
"2022-03-19 17:02:23";7
"2022-03-19 17:10:17";6
"2022-03-19 17:13:22";7
"2022-03-19 17:19:20";6
"2022-03-19 17:41:19";5
"2022-03-19 17:42:05";6
"2022-03-19 17:55:58";7
"2022-03-19 17:56:55";6
"2022-03-19 17:57:53";7
"2022-03-19 17:58:51";6
"2022-03-19 18:30:15";7
"2022-03-19 18:33:32";6
"2022-03-19 18:46:15";7
"2022-03-19 18:52:14";6
"2022-03-19 18:54:09";7
"2022-03-19 18:55:07";6
"2022-03-19 19:06:06";7
"2022-03-19 19:07:04";6
"2022-03-19 19:08:02";7
"2022-03-19 19:08:59";6
"2022-03-19 19:16:54";7
"2022-03-19 19:19:59";6
"2022-03-19 19:21:55";7
"2022-03-19 19:24:49";8
"2022-03-19 19:30:48";7
"2022-03-19 19:47:33";8
"2022-03-19 19:52:34";7
"2022-03-19 20:10:29";8
"2022-03-19 20:13:22";7
"2022-03-19 20:24:10";8
"2022-03-19 20:26:17";7
"2022-03-19 20:31:06";8
"2022-03-19 21:40:28";9
"2022-03-19 21:51:15";8
"2022-03-19 21:52:13";9
"2022-03-19 21:55:18";8
"2022-03-19 21:56:16";9
"2022-03-19 21:57:14";8
"2022-03-19 22:00:07";9
"2022-03-19 22:05:07";8
"2022-03-19 22:10:08";9
"2022-03-19 22:11:05";8
"2022-03-19 22:15:55";9
"2022-03-19 22:31:43";8
"2022-03-19 22:47:42";9
"2022-03-19 22:49:37";8
"2022-03-19 23:47:03";7
"2022-03-19 23:52:04";8
"2022-03-19 23:54:57";7
"2022-03-19 23:59:57";8
"2022-03-20 00:02:51";7
"2022-03-20 00:07:51";8
"2022-03-20 00:22:42";7
"2022-03-20 00:28:29";8
"2022-03-20 00:36:34";7
"2022-03-20 00:45:26";8
"2022-03-20 00:46:24";7
"2022-03-20 01:06:13";8
"2022-03-20 01:07:11";7
"2022-03-20 01:29:55";8
"2022-03-20 01:53:36";7
"2022-03-20 01:56:42";8
"2022-03-20 02:03:37";7
"2022-03-20 02:13:27";8
"2022-03-20 02:14:24";7
"2022-03-20 02:19:25";8
"2022-03-20 02:20:57";7
"2022-03-20 02:55:01";8
"2022-03-20 02:58:07";7
"2022-03-20 03:24:42";8
"2022-03-20 03:29:42";7
"2022-03-20 03:52:27";8
"2022-03-20 03:53:48";7
"2022-03-20 04:21:09";6
"2022-03-20 04:22:07";7
"2022-03-20 04:55:50";6
"2022-03-20 05:00:38";7
"2022-03-20 05:02:46";6
"2022-03-20 05:12:36";7
"2022-03-20 05:21:28";6
"2022-03-20 05:26:28";7
"2022-03-20 05:34:23";6
"2022-03-20 05:39:12";7
"2022-03-20 05:44:13";6
"2022-03-20 05:56:10";7
"2022-03-20 06:34:43";6
"2022-03-20 06:37:37";7
"2022-03-20 06:48:24";8
"2022-03-20 06:50:31";7
"2022-03-20 07:02:28";6
"2022-03-20 07:05:55";7
"2022-03-20 07:15:21";6
"2022-03-20 07:16:19";7
"2022-03-20 07:17:17";6
"2022-03-20 07:18:15";7
"2022-03-20 08:03:44";6
"2022-03-20 08:08:45";7
"2022-03-20 08:13:45";6
"2022-03-20 08:33:24";7
"2022-03-20 08:36:29";6
"2022-03-20 08:48:27";5
"2022-03-20 08:49:13";6
"2022-03-20 08:56:10";5
"2022-03-20 09:00:13";4
"2022-03-20 09:11:59";3
"2022-03-20 09:19:08";2
"2022-03-20 09:45:43";1
"2022-03-20 10:02:28";2
"2022-03-20 10:08:27";1
"2022-03-20 10:15:23";2
"2022-03-20 10:42:43";1
"2022-03-20 11:15:52";0
"2022-03-20 11:16:51";1
"2022-03-20 11:17:48";0
"2022-03-20 11:20:41";1
"2022-03-20 11:22:49";0
"2022-03-20 19:30:31";1
"2022-03-20 19:32:27";2
"2022-03-20 19:33:25";3
"2022-03-20 19:36:30";2
"2022-03-20 19:38:26";1
"2022-03-20 20:04:04";0
"2022-03-20 20:24:53";1
"2022-03-20 20:29:53";0
"2022-03-20 20:47:37";1
"2022-03-20 20:49:32";0
"2022-03-21 07:27:55";1
"2022-03-21 07:40:02";0
"2022-03-21 07:44:40";1
"2022-03-21 07:48:42";0
"2022-03-21 11:26:15";1
"2022-03-21 11:31:16";2
"2022-03-21 11:39:10";1
"2022-03-21 11:46:06";2
"2022-03-21 12:02:28";3
"2022-03-21 12:03:49";2
"2022-03-21 12:05:56";3
"2022-03-21 12:36:35";4
"2022-03-21 12:37:33";3
"2022-03-21 12:39:28";4
"2022-03-21 12:44:40";3
"2022-03-21 12:45:26";4
"2022-03-21 12:51:24";5
"2022-03-21 12:53:20";4
"2022-03-21 13:00:16";5
"2022-03-21 13:05:16";4
"2022-03-21 13:16:04";5
"2022-03-21 13:17:59";4
"2022-03-21 13:19:09";5
"2022-03-21 13:21:04";4
"2022-03-21 13:23:00";5
"2022-03-21 13:23:58";4
"2022-03-21 13:24:56";5
"2022-03-21 13:28:58";4
"2022-03-21 13:44:11";3
"2022-03-21 13:45:44";4
"2022-03-21 13:47:39";5
"2022-03-21 13:48:49";6
"2022-03-21 13:54:46";5
"2022-03-21 13:57:39";4
"2022-03-21 14:06:31";3
"2022-03-21 14:25:24";2
"2022-03-21 14:34:17";1
"2022-03-21 14:43:08";2
"2022-03-21 14:46:01";1
"2022-03-21 14:46:59";2
"2022-03-21 15:00:51";3
"2022-03-21 15:05:52";2
"2022-03-21 15:08:56";3
"2022-03-21 15:15:41";4
"2022-03-21 15:21:40";5
"2022-03-21 15:23:37";6
"2022-03-21 15:29:34";5
"2022-03-21 15:38:25";6
"2022-03-21 15:57:18";7
"2022-03-21 16:10:13";8
"2022-03-21 16:11:10";7
"2022-03-21 16:50:40";8
"2022-03-21 17:01:27";7
"2022-03-21 17:16:28";6
"2022-03-21 17:17:26";7
"2022-03-21 17:18:24";6
"2022-03-21 17:19:22";7
"2022-03-21 17:23:24";8
"2022-03-21 17:25:20";7
"2022-03-21 17:50:57";6
"2022-03-21 17:57:30";7
"2022-03-21 17:59:49";8
"2022-03-21 18:00:47";7
"2022-03-21 18:20:38";8
"2022-03-21 18:24:41";9
"2022-03-21 18:30:28";8
"2022-03-21 18:37:24";7
"2022-03-21 19:06:05";8
"2022-03-21 19:08:00";7
"2022-03-21 19:21:53";9
"2022-03-21 19:23:02";11
"2022-03-21 19:24:00";12
"2022-03-21 19:24:58";13
"2022-03-21 19:26:53";12
"2022-03-21 19:27:51";10
"2022-03-21 19:28:49";9
"2022-03-21 19:29:59";8
"2022-03-21 19:30:45";7
"2022-03-21 19:34:48";8
"2022-03-21 19:39:49";7
"2022-03-21 19:41:44";6
"2022-03-21 19:45:47";7
"2022-03-21 19:47:42";6
"2022-03-21 19:53:40";7
"2022-03-21 19:54:38";6
"2022-03-21 19:59:38";5
"2022-03-21 20:03:42";6
"2022-03-21 20:15:27";5
"2022-03-21 20:20:39";6
"2022-03-21 20:25:17";5
"2022-03-21 20:28:10";6
"2022-03-21 20:29:08";5
"2022-03-21 20:48:59";6
"2022-03-21 20:49:57";5
"2022-03-21 21:23:40";4
"2022-03-21 21:25:36";5
"2022-03-21 21:36:35";4
"2022-03-21 21:37:33";5
"2022-03-21 21:48:19";4
"2022-03-21 21:51:12";5
"2022-03-21 21:51:24";4
"2022-03-21 21:52:22";5
"2022-03-21 22:00:15";4
"2022-03-21 22:01:13";5
"2022-03-21 22:28:58";4
"2022-03-21 22:30:53";5
"2022-03-21 22:33:35";4
"2022-03-21 22:45:43";5
"2022-03-21 22:47:39";4
"2022-03-21 22:48:48";5
"2022-03-21 22:55:33";4
"2022-03-21 23:01:32";5
"2022-03-21 23:07:31";4
"2022-03-21 23:08:28";5
"2022-03-21 23:32:10";4
"2022-03-21 23:33:19";5
"2022-03-21 23:46:03";4
"2022-03-21 23:52:01";5
"2022-03-21 23:57:59";4
"2022-03-22 00:11:51";5
"2022-03-22 00:16:52";4
"2022-03-22 00:49:26";5
"2022-03-22 00:50:24";4
"2022-03-22 00:56:22";5
"2022-03-22 01:01:23";4
"2022-03-22 01:08:07";5
"2022-03-22 01:09:16";4
"2022-03-22 01:14:05";5
"2022-03-22 01:19:06";4
"2022-03-22 01:24:07";5
"2022-03-22 01:29:07";4
"2022-03-22 01:39:08";5
"2022-03-22 01:42:36";4
"2022-03-22 01:59:44";5
"2022-03-22 02:00:42";4
"2022-03-22 02:07:38";5
"2022-03-22 02:09:34";4
"2022-03-22 02:28:27";5
"2022-03-22 02:29:36";4
"2022-03-22 02:45:12";3
"2022-03-22 02:47:08";4
"2022-03-22 02:54:04";5
"2022-03-22 02:55:02";4
"2022-03-22 03:14:06";3
"2022-03-22 03:14:52";4
"2022-03-22 04:31:57";3
"2022-03-22 04:33:53";4
"2022-03-22 04:47:45";3
"2022-03-22 04:48:44";4
"2022-03-22 05:10:30";3
"2022-03-22 05:11:39";4
"2022-03-22 05:14:32";3
"2022-03-22 05:15:30";4
"2022-03-22 05:18:35";3
"2022-03-22 05:26:29";4
"2022-03-22 05:57:07";3
"2022-03-22 05:59:03";4
"2022-03-22 07:06:15";3
"2022-03-22 07:07:13";4
"2022-03-22 07:08:11";3
"2022-03-22 07:09:21";4
"2022-03-22 07:24:11";5
"2022-03-22 07:29:00";4
"2022-03-22 07:35:56";5
"2022-03-22 07:37:52";4
"2022-03-22 08:04:39";5
"2022-03-22 08:15:27";6
"2022-03-22 08:18:32";5
"2022-03-22 08:21:26";4
"2022-03-22 08:29:31";5
"2022-03-22 08:30:17";4
"2022-03-22 08:32:25";5
"2022-03-22 08:38:23";4
"2022-03-22 09:15:58";3
"2022-03-22 09:19:49";4
"2022-03-22 09:26:45";3
"2022-03-22 09:27:43";4
"2022-03-22 09:29:51";3
"2022-03-22 10:06:27";2
"2022-03-22 10:08:22";3
"2022-03-22 10:12:25";4
"2022-03-22 10:13:23";3
"2022-03-22 10:24:11";2
"2022-03-22 10:25:08";3
"2022-03-22 10:27:15";2
"2022-03-22 10:28:13";3
"2022-03-22 10:39:58";4
"2022-03-22 10:44:59";3
"2022-03-22 10:47:53";4
"2022-03-22 10:50:58";5
"2022-03-22 10:53:51";4
"2022-03-22 11:14:40";5
"2022-03-22 11:15:38";4
"2022-03-22 11:40:30";3
"2022-03-22 11:41:28";4
"2022-03-22 11:47:15";5
"2022-03-22 11:53:14";4
"2022-03-22 12:29:50";5
"2022-03-22 12:34:50";4
"2022-03-22 13:12:25";5
"2022-03-22 13:14:31";4
"2022-03-22 13:38:13";5
"2022-03-22 13:40:08";4
"2022-03-22 13:41:06";5
"2022-03-22 13:51:55";4
"2022-03-22 13:53:04";5
"2022-03-22 13:54:59";4
"2022-03-22 13:55:57";5
"2022-03-22 14:06:56";4
"2022-03-22 14:07:54";5
"2022-03-22 14:22:45";4
"2022-03-22 14:32:35";5
"2022-03-22 14:55:18";6
"2022-03-22 15:09:10";5
"2022-03-22 15:21:07";6
"2022-03-22 15:35:00";5
"2022-03-22 15:40:59";6
"2022-03-22 15:42:54";7
"2022-03-22 15:48:53";6
"2022-03-22 15:50:49";7
"2022-03-22 15:52:44";6
"2022-03-22 16:16:27";7
"2022-03-22 16:23:23";8
"2022-03-22 16:28:24";7
"2022-03-22 16:37:16";6
"2022-03-22 16:40:09";5
"2022-03-22 16:41:18";6
"2022-03-22 16:47:16";5
"2022-03-22 16:54:12";6
"2022-03-22 17:09:49";5
"2022-03-22 17:33:42";6
"2022-03-22 17:34:39";5
"2022-03-22 17:36:35";6
"2022-03-22 17:43:08";5
"2022-03-22 17:46:36";6
"2022-03-22 17:50:27";5
"2022-03-22 17:55:27";6
"2022-03-22 18:00:28";5
"2022-03-22 18:02:23";6
"2022-03-22 18:11:15";7
"2022-03-22 18:16:16";6
"2022-03-22 18:24:10";5
"2022-03-22 18:27:04";6
"2022-03-22 18:47:52";7
"2022-03-22 18:48:51";6
"2022-03-22 18:51:55";5
"2022-03-22 18:56:44";6
"2022-03-22 19:01:56";5
"2022-03-22 19:02:42";6
"2022-03-22 19:03:40";5
"2022-03-22 19:06:10";6
"2022-03-22 19:07:43";7
"2022-03-22 19:11:34";6
"2022-03-22 19:34:53";7
"2022-03-22 19:37:23";6
"2022-03-22 19:42:24";5
"2022-03-22 19:55:18";6
"2022-03-22 20:16:05";5
"2022-03-22 20:26:53";6
"2022-03-22 20:34:48";5
"2022-03-22 20:40:46";6
"2022-03-22 20:45:35";5
"2022-03-22 20:52:43";6
"2022-03-22 20:57:32";5
"2022-03-22 21:00:26";6
"2022-03-22 21:00:37";5
"2022-03-22 21:01:35";6
"2022-03-22 21:03:30";5
"2022-03-22 21:05:26";6
"2022-03-22 21:07:33";5
"2022-03-22 21:42:13";6
"2022-03-22 21:46:04";7
"2022-03-22 21:50:07";8
"2022-03-22 21:54:56";7
"2022-03-22 21:58:01";6
"2022-03-22 21:59:57";5
"2022-03-22 22:02:51";6
"2022-03-22 22:09:23";5
"2022-03-22 22:15:45";6
"2022-03-22 22:18:38";5
"2022-03-22 22:27:41";6
"2022-03-22 22:29:37";5
"2022-03-22 22:39:27";6
"2022-03-22 22:40:25";5
"2022-03-22 22:46:24";6
"2022-03-22 22:48:20";5
"2022-03-22 22:55:16";6
"2022-03-22 22:57:23";5
"2022-03-22 23:32:02";4
"2022-03-22 23:32:59";5
"2022-03-22 23:54:46";6
"2022-03-22 23:55:44";5
"2022-03-23 00:03:38";4
"2022-03-23 00:05:33";5
"2022-03-23 00:54:06";6
"2022-03-23 00:55:04";5
"2022-03-23 01:20:53";4
"2022-03-23 01:30:42";5
"2022-03-23 01:31:40";4
"2022-03-23 01:32:38";5
"2022-03-23 01:51:30";4
"2022-03-23 01:55:34";5
"2022-03-23 01:59:36";4
"2022-03-23 02:04:25";5
"2022-03-23 02:05:23";4
"2022-03-23 02:06:21";5
"2022-03-23 02:07:18";4
"2022-03-23 02:22:09";5
"2022-03-23 02:23:18";4
"2022-03-23 03:04:45";3
"2022-03-23 03:06:41";4
"2022-03-23 03:19:36";3
"2022-03-23 03:22:41";4
"2022-03-23 03:36:33";5
"2022-03-23 03:37:19";4
"2022-03-23 04:08:08";3
"2022-03-23 04:11:02";4
"2022-03-23 05:02:29";3
"2022-03-23 05:04:13";4
"2022-03-23 05:04:24";3
"2022-03-23 05:05:34";4
"2022-03-23 05:08:27";3
"2022-03-23 05:13:28";4
"2022-03-23 05:20:24";3
"2022-03-23 05:21:22";4
"2022-03-23 05:35:15";3
"2022-03-23 05:47:58";4
"2022-03-23 06:07:48";3
"2022-03-23 06:12:49";4
"2022-03-23 06:33:37";3
"2022-03-23 06:38:26";4
"2022-03-23 06:58:17";3
"2022-03-23 07:01:22";4
"2022-03-23 07:20:03";5
"2022-03-23 07:22:45";6
"2022-03-23 07:31:59";5
"2022-03-23 07:39:53";4
"2022-03-23 07:43:45";5
"2022-03-23 07:48:45";6
"2022-03-23 08:06:30";5
"2022-03-23 08:18:27";6
"2022-03-23 08:24:48";5
"2022-03-23 08:30:12";4
"2022-03-23 08:31:33";5
"2022-03-23 08:32:19";4
"2022-03-23 08:33:17";5
"2022-03-23 08:45:14";4
"2022-03-23 08:46:00";5
"2022-03-23 08:49:05";4
"2022-03-23 08:51:01";5
"2022-03-23 08:56:01";4
"2022-03-23 09:04:53";5
"2022-03-23 09:06:48";4
"2022-03-23 09:08:56";5
"2022-03-23 09:09:54";4
"2022-03-23 09:21:39";5
"2022-03-23 09:38:36";4
"2022-03-23 09:46:30";5
"2022-03-23 09:51:20";4
"2022-03-23 09:55:23";5
"2022-03-23 10:02:19";4
"2022-03-23 11:12:37";3
"2022-03-23 11:15:31";4
"2022-03-23 11:16:28";3
"2022-03-23 11:17:26";4
"2022-03-23 11:20:31";3
"2022-03-23 11:21:29";4
"2022-03-23 11:27:27";3
"2022-03-23 11:32:15";4
"2022-03-23 11:44:11";5
"2022-03-23 11:46:07";4
"2022-03-23 11:50:10";3
"2022-03-23 11:52:05";5
"2022-03-23 11:57:05";4
"2022-03-23 11:59:59";3
"2022-03-23 12:00:57";4
"2022-03-23 12:09:03";3
"2022-03-23 12:15:58";4
"2022-03-23 12:36:46";3
"2022-03-23 12:37:33";4
"2022-03-23 12:38:42";3
"2022-03-23 12:39:40";4
"2022-03-23 13:04:20";3
"2022-03-23 13:12:15";4
"2022-03-23 13:31:07";5
"2022-03-23 13:33:25";4
"2022-03-23 14:00:47";5
"2022-03-23 14:01:44";4
"2022-03-23 14:02:54";5
"2022-03-23 14:18:41";4
"2022-03-23 14:21:34";5
"2022-03-23 14:27:09";4
"2022-03-23 14:32:32";5
"2022-03-23 14:40:03";4
"2022-03-23 14:43:20";5
"2022-03-23 14:47:23";4
"2022-03-23 14:59:08";5
"2022-03-23 15:04:08";4
"2022-03-23 15:09:09";5
"2022-03-23 15:10:06";4
"2022-03-23 15:50:22";3
"2022-03-23 15:52:41";4
"2022-03-23 16:06:10";3
"2022-03-23 16:06:34";4
"2022-03-23 16:07:32";3
"2022-03-23 16:08:29";4
"2022-03-23 16:11:23";3
"2022-03-23 16:12:21";4
"2022-03-23 16:19:17";3
"2022-03-23 16:38:11";4
"2022-03-23 16:39:08";3
"2022-03-23 17:00:55";4
"2022-03-23 17:05:20";3
"2022-03-23 17:06:53";4
"2022-03-23 17:08:48";3
"2022-03-23 17:10:44";4
"2022-03-23 17:11:53";3
"2022-03-23 17:42:32";4
"2022-03-23 17:43:29";3
"2022-03-23 18:24:56";4
"2022-03-23 18:27:03";3
"2022-03-23 18:34:57";4
"2022-03-23 18:38:02";3
"2022-03-23 18:42:50";4
"2022-03-23 18:47:51";3
"2022-03-23 18:51:43";4
"2022-03-23 19:23:30";5
"2022-03-23 19:24:28";6
"2022-03-23 19:32:21";5
"2022-03-23 19:34:17";6
"2022-03-23 19:40:16";5
"2022-03-23 19:49:08";6
"2022-03-23 19:50:05";5
"2022-03-23 19:51:15";6
"2022-03-23 19:55:06";5
"2022-03-23 20:08:00";6
"2022-03-23 20:11:52";5
"2022-03-23 20:21:53";6
"2022-03-23 20:32:41";7
"2022-03-23 20:35:46";6
"2022-03-23 20:39:36";5
"2022-03-23 20:44:37";6
"2022-03-23 20:48:40";5
"2022-03-23 20:50:35";6
"2022-03-23 21:12:21";5
"2022-03-23 21:15:14";6
"2022-03-23 22:38:27";5
"2022-03-23 22:39:25";6
"2022-03-23 22:44:13";5
"2022-03-23 22:46:21";6
"2022-03-23 23:22:01";5
"2022-03-23 23:23:56";6
"2022-03-23 23:29:54";5
"2022-03-23 23:30:52";6
"2022-03-23 23:31:49";5
"2022-03-23 23:37:01";6
"2022-03-23 23:38:46";5
"2022-03-23 23:46:06";6
"2022-03-23 23:58:37";5
"2022-03-24 00:04:35";6
"2022-03-24 00:10:34";5
"2022-03-24 00:11:32";6
"2022-03-24 00:13:27";5
"2022-03-24 00:15:23";6
"2022-03-24 00:20:24";5
"2022-03-24 00:27:20";6
"2022-03-24 00:32:09";5
"2022-03-24 00:35:14";6
"2022-03-24 00:41:13";5
"2022-03-24 01:05:52";6
"2022-03-24 01:06:50";5
"2022-03-24 01:11:51";6
"2022-03-24 01:12:49";5
"2022-03-24 01:28:37";6
"2022-03-24 01:38:38";5
"2022-03-24 01:53:29";6
"2022-03-24 01:57:21";5
"2022-03-24 02:02:21";6
"2022-03-24 02:07:22";5
"2022-03-24 02:09:18";6
"2022-03-24 02:11:13";5
"2022-03-24 02:12:11";6
"2022-03-24 02:14:18";5
"2022-03-24 02:16:14";6
"2022-03-24 02:21:14";5
"2022-03-24 02:27:01";6
"2022-03-24 02:33:00";5
"2022-03-24 02:40:53";6
"2022-03-24 02:42:49";5
"2022-03-24 02:44:57";6
"2022-03-24 02:45:54";5
"2022-03-24 02:48:48";6
"2022-03-24 02:49:46";5
"2022-03-24 02:53:48";6
"2022-03-24 02:54:46";5
"2022-03-24 02:55:44";6
"2022-03-24 02:58:49";5
"2022-03-24 03:03:38";6
"2022-03-24 03:05:45";5
"2022-03-24 03:07:41";6
"2022-03-24 03:12:30";5
"2022-03-24 03:14:37";6
"2022-03-24 03:33:30";5
"2022-03-24 03:39:17";6
"2022-03-24 03:41:25";5
"2022-03-24 04:02:13";6
"2022-03-24 04:05:06";5
"2022-03-24 04:24:56";6
"2022-03-24 04:29:45";5
"2022-03-24 04:38:58";6
"2022-03-24 04:40:43";5
"2022-03-24 04:56:32";6
"2022-03-24 04:59:37";5
"2022-03-24 05:02:30";4
"2022-03-24 05:03:28";5
"2022-03-24 05:46:15";4
"2022-03-24 05:47:01";5
"2022-03-24 05:57:02";6
"2022-03-24 05:58:00";5
"2022-03-24 06:30:32";6
"2022-03-24 06:31:41";5
"2022-03-24 06:39:35";4
"2022-03-24 06:41:31";5
"2022-03-24 07:23:07";6
"2022-03-24 07:37:56";7
"2022-03-24 07:38:54";6
"2022-03-24 08:13:34";5
"2022-03-24 08:15:06";6
"2022-03-24 08:21:39";5
"2022-03-24 09:40:40";4
"2022-03-24 09:42:46";5
"2022-03-24 09:47:35";4
"2022-03-24 09:51:38";5
"2022-03-24 09:56:39";4
"2022-03-24 10:04:32";5
"2022-03-24 10:05:30";4
"2022-03-24 10:08:23";5
"2022-03-24 10:14:22";4
"2022-03-24 10:15:20";5
"2022-03-24 10:16:29";4
"2022-03-24 10:21:18";5
"2022-03-24 10:25:22";4
"2022-03-24 10:37:07";5
"2022-03-24 10:41:09";4
"2022-03-24 10:48:05";5
"2022-03-24 10:56:00";4
"2022-03-24 10:57:55";5
"2022-03-24 11:02:56";4
"2022-03-24 11:26:38";3
"2022-03-24 11:29:43";4
"2022-03-24 11:47:26";3
"2022-03-24 11:48:24";4
"2022-03-24 11:52:27";5
"2022-03-24 11:59:23";4
"2022-03-24 12:17:17";3
"2022-03-24 12:35:01";2
"2022-03-24 12:38:05";3
"2022-03-24 12:42:55";2
"2022-03-24 12:43:53";3
"2022-03-24 12:44:51";2
"2022-03-24 12:51:47";3
"2022-03-24 12:52:57";2
"2022-03-24 12:53:43";3
"2022-03-24 12:58:43";2
"2022-03-24 13:11:38";3
"2022-03-24 13:15:40";2
"2022-03-24 13:22:37";3
"2022-03-24 13:26:28";2
"2022-03-24 14:00:10";3
"2022-03-24 14:04:59";2
"2022-03-24 14:29:50";3
"2022-03-24 14:37:21";2
"2022-03-24 15:42:04";3
"2022-03-24 15:53:03";4
"2022-03-24 15:54:01";3
"2022-03-24 16:19:39";4
"2022-03-24 16:21:35";3
"2022-03-24 16:28:31";4
"2022-03-24 16:50:28";5
"2022-03-24 17:00:18";4
"2022-03-24 17:01:15";5
"2022-03-24 17:04:21";4
"2022-03-24 17:05:18";5
"2022-03-24 17:06:16";4
"2022-03-24 17:23:01";5
"2022-03-24 17:34:00";4
"2022-03-24 17:35:56";5
"2022-03-24 17:38:50";6
"2022-03-24 17:39:48";7
"2022-03-24 17:41:55";8
"2022-03-24 17:46:44";7
"2022-03-24 17:50:46";6
"2022-03-24 17:51:44";7
"2022-03-24 17:55:35";6
"2022-03-24 18:02:32";5
"2022-03-24 18:18:31";4
"2022-03-24 18:19:29";5
"2022-03-24 18:30:17";6
"2022-03-24 18:34:19";5
"2022-03-24 18:49:09";4
"2022-03-24 19:01:05";5
"2022-03-24 19:13:49";4
"2022-03-24 19:36:33";5
"2022-03-24 19:38:40";4
"2022-03-24 20:01:23";5
"2022-03-24 20:04:16";4
"2022-03-24 20:19:29";5
"2022-03-24 20:27:11";6
"2022-03-24 20:32:00";5
"2022-03-24 20:59:44";6
"2022-03-24 21:02:50";5
"2022-03-24 21:05:43";6
"2022-03-24 21:12:40";5
"2022-03-24 21:19:36";6
"2022-03-24 21:27:30";5
"2022-03-24 21:39:15";6
"2022-03-24 21:41:22";5
"2022-03-24 21:47:20";6
"2022-03-24 21:52:10";5
"2022-03-24 21:56:13";6
"2022-03-24 22:02:11";5
"2022-03-24 22:42:40";6
"2022-03-24 22:52:41";5
"2022-03-24 22:56:32";6
"2022-03-24 22:58:28";5
"2022-03-24 22:59:26";6
"2022-03-24 23:01:33";5
"2022-03-24 23:02:30";6
"2022-03-24 23:04:26";5
"2022-03-24 23:16:23";6
"2022-03-24 23:21:12";5
"2022-03-24 23:47:03";6
"2022-03-24 23:48:01";5
"2022-03-24 23:51:05";6
"2022-03-24 23:52:03";5
"2022-03-24 23:53:58";6
"2022-03-24 23:55:54";5
"2022-03-24 23:58:01";6
"2022-03-24 23:58:59";5
"2022-03-25 00:05:55";6
"2022-03-25 00:10:44";5
"2022-03-25 00:57:23";6
"2022-03-25 00:58:22";5
"2022-03-25 01:05:17";6
"2022-03-25 01:08:11";5
"2022-03-25 01:34:00";6
"2022-03-25 01:35:56";5
"2022-03-25 01:36:53";6
"2022-03-25 01:42:53";5
"2022-03-25 01:45:57";6
"2022-03-25 01:50:47";5
"2022-03-25 02:04:40";6
"2022-03-25 02:05:37";5
"2022-03-25 02:20:27";6
"2022-03-25 02:22:34";5
"2022-03-25 02:34:19";6
"2022-03-25 02:35:29";5
"2022-03-25 02:36:38";6
"2022-03-25 02:39:20";5
"2022-03-25 02:40:17";6
"2022-03-25 02:46:16";5
"2022-03-25 02:48:11";6
"2022-03-25 02:50:19";5
"2022-03-25 02:51:16";6
"2022-03-25 02:53:12";5
"2022-03-25 03:00:08";6
"2022-03-25 03:06:06";5
"2022-03-25 03:12:04";6
"2022-03-25 03:14:00";5
"2022-03-25 03:19:59";6
"2022-03-25 03:27:53";5
"2022-03-25 03:28:51";6
"2022-03-25 03:29:49";5
"2022-03-25 03:34:49";6
"2022-03-25 03:36:45";5
"2022-03-25 03:54:40";6
"2022-03-25 03:57:22";5
"2022-03-25 04:21:16";6
"2022-03-25 04:24:20";7
"2022-03-25 04:30:18";8
"2022-03-25 04:33:12";9
"2022-03-25 04:35:08";8
"2022-03-25 04:41:06";7
"2022-03-25 04:42:15";8
"2022-03-25 04:46:06";7
"2022-03-25 05:04:59";6
"2022-03-25 05:39:28";5
"2022-03-25 05:40:38";6
"2022-03-25 05:42:33";5
"2022-03-25 05:44:29";6
"2022-03-25 05:45:26";5
"2022-03-25 05:50:27";6
"2022-03-25 05:53:20";5
"2022-03-25 05:54:30";6
"2022-03-25 06:05:17";5
"2022-03-25 06:14:09";6
"2022-03-25 06:20:07";5
"2022-03-25 06:21:05";6
"2022-03-25 06:22:03";5
"2022-03-25 06:49:48";6
"2022-03-25 07:02:41";5
"2022-03-25 07:03:40";6
"2022-03-25 07:05:23";5
"2022-03-25 07:26:11";6
"2022-03-25 07:27:32";7
"2022-03-25 07:29:27";8
"2022-03-25 07:32:21";9
"2022-03-25 07:35:26";8
"2022-03-25 07:37:21";7
"2022-03-25 07:38:20";6
"2022-03-25 07:59:08";5
"2022-03-25 08:01:03";6
"2022-03-25 08:04:08";5
"2022-03-25 08:05:06";6
"2022-03-25 08:06:04";5
"2022-03-25 08:07:59";6
"2022-03-25 08:14:56";5
"2022-03-25 08:16:05";6
"2022-03-25 08:18:01";5
"2022-03-25 08:27:51";6
"2022-03-25 08:29:47";5
"2022-03-25 09:06:35";4
"2022-03-25 09:08:07";5
"2022-03-25 09:08:30";4
"2022-03-25 09:09:28";5
"2022-03-25 09:16:25";4
"2022-03-25 09:24:19";5
"2022-03-25 09:25:16";4
"2022-03-25 09:28:21";5
"2022-03-25 09:30:05";4
"2022-03-25 09:32:12";5
"2022-03-25 09:51:05";4
"2022-03-25 10:15:45";5
"2022-03-25 10:17:52";4
"2022-03-25 10:26:32";5
"2022-03-25 10:26:44";4
"2022-03-25 10:34:38";5
"2022-03-25 10:39:38";6
"2022-03-25 10:41:34";7
"2022-03-25 10:43:30";8
"2022-03-25 10:47:33";7
"2022-03-25 10:52:22";6
"2022-03-25 10:58:20";5
"2022-03-25 11:15:17";6
"2022-03-25 11:20:06";5
"2022-03-25 11:21:04";6
"2022-03-25 11:23:11";5
"2022-03-25 11:25:07";6
"2022-03-25 11:35:55";5
"2022-03-25 11:36:53";6
"2022-03-25 11:38:02";5
"2022-03-25 11:44:01";4
"2022-03-25 12:02:42";3
"2022-03-25 12:05:46";4
"2022-03-25 12:15:36";3
"2022-03-25 12:27:33";2
"2022-03-25 12:28:31";3
"2022-03-25 12:29:29";2
"2022-03-25 12:31:24";3
"2022-03-25 12:40:16";2
"2022-03-25 13:00:07";3
"2022-03-25 13:01:05";2
"2022-03-25 13:03:24";3
"2022-03-25 13:04:10";2
"2022-03-25 14:39:11";3
"2022-03-25 14:44:00";2
"2022-03-25 14:48:03";3
"2022-03-25 14:51:54";2
"2022-03-25 15:03:50";3
"2022-03-25 15:05:57";2
"2022-03-25 15:40:04";3
"2022-03-25 15:44:30";2
"2022-03-25 16:08:13";1
"2022-03-25 16:10:08";2
"2022-03-25 16:11:06";1
"2022-03-25 16:17:04";2
"2022-03-25 16:24:57";1
"2022-03-25 16:29:58";2
"2022-03-25 16:33:50";1
"2022-03-25 16:43:51";2
"2022-03-25 17:04:39";1
"2022-03-25 17:05:37";2
"2022-03-25 17:25:50";3
"2022-03-25 17:26:25";2
"2022-03-25 17:43:11";3
"2022-03-25 17:47:14";2
"2022-03-25 17:50:07";3
"2022-03-25 18:01:07";2
"2022-03-25 18:09:59";3
"2022-03-25 18:11:55";2
"2022-03-25 18:13:50";3
"2022-03-25 18:32:44";4
"2022-03-25 18:34:39";3
"2022-03-25 18:38:42";4
"2022-03-25 18:40:03";5
"2022-03-25 18:40:38";6
"2022-03-25 18:41:36";8
"2022-03-25 18:42:33";9
"2022-03-25 18:43:31";10
"2022-03-25 18:45:38";9
"2022-03-25 18:55:28";8
"2022-03-25 19:06:17";7
"2022-03-25 19:17:15";6
"2022-03-25 19:28:03";7
"2022-03-25 19:34:01";6
"2022-03-25 19:35:00";7
"2022-03-25 19:35:57";6
"2022-03-25 19:39:03";7
"2022-03-25 19:41:56";6
"2022-03-25 19:45:01";5
"2022-03-25 19:45:59";6
"2022-03-25 19:47:55";7
"2022-03-25 19:49:50";8
"2022-03-25 19:51:00";9
"2022-03-25 19:52:55";13
"2022-03-25 19:53:53";18
"2022-03-25 19:54:51";23
"2022-03-25 19:55:49";27
"2022-03-25 19:56:58";30
"2022-03-25 19:57:56";29
"2022-03-25 19:58:54";27
"2022-03-25 20:00:50";25
"2022-03-25 20:02:10";22
"2022-03-25 20:02:45";20
"2022-03-25 20:03:54";19
"2022-03-25 20:04:52";18
"2022-03-25 20:05:49";16
"2022-03-25 20:06:47";15
"2022-03-25 20:09:40";14
"2022-03-25 20:14:41";13
"2022-03-25 20:16:36";14
"2022-03-25 20:18:43";13
"2022-03-25 20:19:41";14
"2022-03-25 20:20:39";13
"2022-03-25 20:28:33";12
"2022-03-25 20:34:42";13
"2022-03-25 20:35:29";15
"2022-03-25 20:36:27";17
"2022-03-25 20:37:24";19
"2022-03-25 20:38:22";22
"2022-03-25 20:39:20";26
"2022-03-25 20:40:29";30
"2022-03-25 20:41:27";33
"2022-03-25 20:42:24";36
"2022-03-25 20:43:22";39
"2022-03-25 20:45:18";38
"2022-03-25 20:47:13";36
"2022-03-25 20:47:25";34
"2022-03-25 20:48:22";32
"2022-03-25 20:49:43";30
"2022-03-25 20:53:23";29
"2022-03-25 20:54:21";27
"2022-03-25 20:55:19";26
"2022-03-25 20:56:16";24
"2022-03-25 20:58:47";23
"2022-03-25 20:59:10";22
"2022-03-25 21:02:16";21
"2022-03-25 21:03:13";19
"2022-03-25 21:05:09";18
"2022-03-25 21:06:06";17
"2022-03-25 21:09:11";16
"2022-03-25 21:12:05";15
"2022-03-25 21:17:06";16
"2022-03-25 21:19:01";18
"2022-03-25 21:19:59";19
"2022-03-25 21:22:06";20
"2022-03-25 21:25:00";19
"2022-03-25 21:25:58";20
"2022-03-25 21:26:55";19
"2022-03-25 21:30:58";18
"2022-03-25 21:32:53";17
"2022-03-25 21:37:54";16
"2022-03-25 21:39:49";15
"2022-03-25 21:40:47";14
"2022-03-25 21:42:43";15
"2022-03-25 21:44:50";16
"2022-03-25 21:50:48";17
"2022-03-25 21:52:43";18
"2022-03-25 21:54:39";19
"2022-03-25 21:58:42";20
"2022-03-25 22:00:37";21
"2022-03-25 22:06:36";20
"2022-03-25 22:08:32";19
"2022-03-25 22:10:27";18
"2022-03-25 22:12:34";17
"2022-03-25 22:13:32";16
"2022-03-25 22:15:27";15
"2022-03-25 22:16:25";14
"2022-03-25 22:19:30";13
"2022-03-25 22:22:23";12
"2022-03-25 22:23:22";13
"2022-03-25 22:27:25";12
"2022-03-25 22:28:22";13
"2022-03-25 22:30:17";12
"2022-03-25 22:34:20";11
"2022-03-25 22:39:09";12
"2022-03-25 22:44:09";11
"2022-03-25 22:50:08";10
"2022-03-25 22:51:06";11
"2022-03-25 22:56:18";10
"2022-03-25 22:58:02";11
"2022-03-25 22:58:59";10
"2022-03-25 22:59:57";11
"2022-03-25 23:03:02";10
"2022-03-25 23:08:49";11
"2022-03-25 23:11:54";10
"2022-03-25 23:19:48";11
"2022-03-25 23:20:46";10
"2022-03-25 23:36:34";9
"2022-03-25 23:38:42";10
"2022-03-26 00:03:21";9
"2022-03-26 00:04:19";10
"2022-03-26 00:06:26";9
"2022-03-26 00:13:10";10
"2022-03-26 00:14:20";9
"2022-03-26 00:25:08";8
"2022-03-26 00:29:10";9
"2022-03-26 00:33:01";8
"2022-03-26 00:35:09";9
"2022-03-26 00:37:04";8
"2022-03-26 00:38:02";9
"2022-03-26 01:02:42";10
"2022-03-26 01:07:42";9
"2022-03-26 01:12:43";10
"2022-03-26 01:15:36";9
"2022-03-26 01:31:24";10
"2022-03-26 01:33:19";9
"2022-03-26 01:34:28";10
"2022-03-26 01:37:33";9
"2022-03-26 01:38:31";10
"2022-03-26 01:39:29";9
"2022-03-26 01:43:20";8
"2022-03-26 01:48:21";9
"2022-03-26 01:56:15";8
"2022-03-26 02:05:06";9
"2022-03-26 02:13:12";8
"2022-03-26 02:38:50";7
"2022-03-26 02:39:48";8
"2022-03-26 02:40:45";7
"2022-03-26 02:42:06";8
"2022-03-26 02:51:44";7
"2022-03-26 02:52:41";8
"2022-03-26 02:57:42";7
"2022-03-26 03:16:24";8
"2022-03-26 03:21:24";7
"2022-03-26 04:00:55";6
"2022-03-26 04:04:00";7
"2022-03-26 04:06:53";6
"2022-03-26 04:12:51";7
"2022-03-26 04:13:49";6
"2022-03-26 04:45:02";7
"2022-03-26 04:45:37";6
"2022-03-26 05:18:22";5
"2022-03-26 05:22:13";6
"2022-03-26 05:45:55";5
"2022-03-26 05:50:56";6
"2022-03-26 05:58:50";5
"2022-03-26 06:02:53";6
"2022-03-26 06:18:29";5
"2022-03-26 06:22:43";6
"2022-03-26 06:29:28";5
"2022-03-26 06:30:26";6
"2022-03-26 06:36:24";5
"2022-03-26 07:01:15";4
"2022-03-26 07:04:09";5
"2022-03-26 07:36:54";6
"2022-03-26 07:56:33";5
"2022-03-26 07:59:38";6
"2022-03-26 08:00:35";5
"2022-03-26 08:06:34";6
"2022-03-26 08:07:32";5
"2022-03-26 08:17:21";6
"2022-03-26 08:20:37";5
"2022-03-26 08:25:14";6
"2022-03-26 08:33:19";5
"2022-03-26 08:34:17";6
"2022-03-26 08:37:10";5
"2022-03-26 08:38:09";6
"2022-03-26 08:50:05";5
"2022-03-26 08:55:06";6
"2022-03-26 09:02:02";5
"2022-03-26 09:12:49";6
"2022-03-26 09:13:47";5
"2022-03-26 09:24:47";4
"2022-03-26 09:25:45";5
"2022-03-26 09:26:43";4
"2022-03-26 09:31:43";5
"2022-03-26 09:38:28";4
"2022-03-26 09:41:33";5
"2022-03-26 10:12:10";4
"2022-03-26 10:16:13";5
"2022-03-26 10:30:05";4
"2022-03-26 11:25:24";3
"2022-03-26 11:51:14";4
"2022-03-26 11:52:12";3
"2022-03-26 12:12:02";2
"2022-03-26 12:14:55";3
"2022-03-26 12:15:53";2
"2022-03-26 12:17:03";3
"2022-03-26 13:05:24";2
"2022-03-26 13:08:29";3
"2022-03-26 13:23:18";2
"2022-03-26 13:30:13";3
"2022-03-26 13:35:14";2
"2022-03-26 13:39:05";3
"2022-03-26 14:20:43";2
"2022-03-26 14:22:38";3
"2022-03-26 14:52:19";4
"2022-03-26 15:09:16";3
"2022-03-26 15:10:15";4
"2022-03-26 15:11:12";3
"2022-03-26 15:39:55";2
"2022-03-26 15:44:55";3
"2022-03-26 16:03:36";2
"2022-03-26 16:08:36";3
"2022-03-26 16:18:26";2
"2022-03-26 16:20:33";3
"2022-03-26 16:21:31";2
"2022-03-26 16:23:26";3
"2022-03-26 16:32:17";4
"2022-03-26 16:33:16";3
"2022-03-26 16:36:21";4
"2022-03-26 16:37:18";3
"2022-03-26 16:46:10";4
"2022-03-26 17:06:58";5
"2022-03-26 17:11:01";4
"2022-03-26 17:16:47";5
"2022-03-26 17:33:45";6
"2022-03-26 17:36:38";5
"2022-03-26 17:44:32";6
"2022-03-26 18:19:01";7
"2022-03-26 18:22:18";6
"2022-03-26 18:29:02";7
"2022-03-26 18:30:00";6
"2022-03-26 18:31:09";7
"2022-03-26 18:32:07";6
"2022-03-26 18:41:56";7
"2022-03-26 18:42:54";6
"2022-03-26 18:43:52";7
"2022-03-26 18:51:47";6
"2022-03-26 18:56:48";7
"2022-03-26 18:58:43";6
"2022-03-26 19:16:04";7
"2022-03-26 19:23:35";8
"2022-03-26 19:25:31";9
"2022-03-26 19:30:31";8
"2022-03-26 19:36:30";7
"2022-03-26 19:47:17";8
"2022-03-26 19:56:10";9
"2022-03-26 20:20:50";8
"2022-03-26 20:31:48";7
"2022-03-26 20:33:44";8
"2022-03-26 20:58:35";9
"2022-03-26 21:02:26";10
"2022-03-26 21:05:31";11
"2022-03-26 21:06:29";13
"2022-03-26 21:07:27";14
"2022-03-26 21:09:22";16
"2022-03-26 21:11:06";17
"2022-03-26 21:11:29";16
"2022-03-26 21:12:27";15
"2022-03-26 21:13:25";14
"2022-03-26 21:14:23";13
"2022-03-26 21:15:20";12
"2022-03-26 21:16:30";11
"2022-03-26 21:17:16";10
"2022-03-26 21:26:19";9
"2022-03-26 21:29:12";10
"2022-03-26 21:32:18";9
"2022-03-26 21:59:40";8
"2022-03-26 22:03:54";9
"2022-03-26 22:13:44";8
"2022-03-26 22:15:39";9
"2022-03-26 22:18:44";8
"2022-03-26 22:32:37";9
"2022-03-26 22:48:25";8
"2022-03-26 22:55:21";9
"2022-03-26 23:08:26";8
"2022-03-26 23:13:16";9
"2022-03-26 23:14:13";8
"2022-03-26 23:23:05";9
"2022-03-26 23:30:25";8
"2022-03-26 23:59:42";7
"2022-03-27 00:00:40";8
"2022-03-27 00:06:38";7
"2022-03-27 00:07:36";8
"2022-03-27 00:17:02";7
"2022-03-27 00:19:32";8
"2022-03-27 00:23:23";7
"2022-03-27 00:28:24";8
"2022-03-27 00:33:25";7
"2022-03-27 00:40:09";8
"2022-03-27 00:41:07";7
"2022-03-27 01:09:50";6
"2022-03-27 01:15:49";7
"2022-03-27 01:16:47";6
"2022-03-27 01:17:56";7
"2022-03-27 01:27:46";6
"2022-03-27 01:30:39";7
"2022-03-27 01:43:34";8
"2022-03-27 01:45:29";7
"2022-03-27 03:08:13";8
"2022-03-27 03:09:22";7
"2022-03-27 03:12:16";6
"2022-03-27 03:17:16";7
"2022-03-27 03:18:14";6
"2022-03-27 03:19:12";7
"2022-03-27 03:20:10";6
"2022-03-27 03:24:01";7
"2022-03-27 03:29:01";6
"2022-03-27 03:37:06";7
"2022-03-27 03:38:15";6
"2022-03-27 03:39:01";7
"2022-03-27 03:45:58";6
"2022-03-27 03:59:50";5
"2022-03-27 04:02:43";6
"2022-03-27 04:43:10";5
"2022-03-27 04:50:07";6
"2022-03-27 04:55:06";5
"2022-03-27 04:57:02";6
"2022-03-27 04:59:10";5
"2022-03-27 05:00:07";6
"2022-03-27 05:01:05";5
"2022-03-27 05:06:06";6
"2022-03-27 05:07:03";5
"2022-03-27 05:11:52";6
"2022-03-27 05:15:56";5
"2022-03-27 06:00:25";4
"2022-03-27 06:02:21";5
"2022-03-27 06:15:16";4
"2022-03-27 06:22:12";5
"2022-03-27 06:23:44";4
"2022-03-27 06:37:02";5
"2022-03-27 06:41:04";4
"2022-03-27 06:53:58";5
"2022-03-27 06:55:54";4
"2022-03-27 07:01:52";5
"2022-03-27 07:06:41";4
"2022-03-27 07:20:33";5
"2022-03-27 07:27:29";4
"2022-03-27 07:34:25";5
"2022-03-27 07:38:27";4
"2022-03-27 07:42:18";5
"2022-03-27 07:57:08";6
"2022-03-27 08:02:09";5
"2022-03-27 08:10:03";6
"2022-03-27 08:13:07";5
"2022-03-27 08:24:53";6
"2022-03-27 08:31:49";7
"2022-03-27 09:00:32";6
"2022-03-27 09:28:16";5
"2022-03-27 09:51:11";6
"2022-03-27 09:52:09";5
"2022-03-27 09:53:07";6
"2022-03-27 09:54:05";5
"2022-03-27 10:04:52";4
"2022-03-27 10:05:50";5
"2022-03-27 10:51:29";4
"2022-03-27 10:52:27";5
"2022-03-27 10:53:25";4
"2022-03-27 10:54:23";5
"2022-03-27 11:01:19";4
"2022-03-27 11:02:16";5
"2022-03-27 11:08:15";4
"2022-03-27 11:13:15";5
"2022-03-27 11:18:15";4
"2022-03-27 11:21:09";5
"2022-03-27 11:23:16";4
"2022-03-27 11:33:06";5
"2022-03-27 11:34:03";4
"2022-03-27 11:47:55";3
"2022-03-27 11:49:51";4
"2022-03-27 12:46:18";3
"2022-03-27 12:53:15";2
"2022-03-27 12:56:08";3
"2022-03-27 13:02:17";2
"2022-03-27 13:42:45";1
"2022-03-27 13:45:50";2
"2022-03-27 13:49:41";1
"2022-03-27 13:55:40";2
"2022-03-27 13:58:33";1
"2022-03-27 14:00:29";2
"2022-03-27 14:13:46";1
"2022-03-27 14:15:19";2
"2022-03-27 14:17:26";1
"2022-03-27 14:18:24";2
"2022-03-27 14:20:19";1
"2022-03-27 14:27:16";2
"2022-03-27 14:36:19";1
"2022-03-27 14:40:10";2
"2022-03-27 15:00:58";3
"2022-03-27 15:03:51";2
"2022-03-27 15:09:49";3
"2022-03-27 15:15:48";2
"2022-03-27 15:52:23";3
"2022-03-27 15:53:21";2
"2022-03-27 16:15:08";3
"2022-03-27 16:21:07";2
"2022-03-27 16:43:50";3
"2022-03-27 16:46:55";2
"2022-03-27 17:37:25";1
"2022-03-27 17:40:18";2
"2022-03-27 19:07:24";3
"2022-03-27 19:36:04";4
"2022-03-27 19:44:56";5
"2022-03-27 19:49:10";4
"2022-03-27 20:39:29";3
"2022-03-27 20:41:25";4
"2022-03-27 20:47:23";3
"2022-03-27 20:49:42";4
"2022-03-27 21:08:12";3
"2022-03-27 21:09:10";4
"2022-03-27 21:19:57";3
"2022-03-27 21:20:55";4
"2022-03-27 22:40:18";5
"2022-03-27 22:42:14";4
"2022-03-27 23:31:45";5
"2022-03-27 23:32:43";4
"2022-03-27 23:56:24";5
"2022-03-27 23:59:29";4
"2022-03-28 00:37:02";5
"2022-03-28 00:39:56";4
"2022-03-28 00:50:55";5
"2022-03-28 00:51:53";4
"2022-03-28 00:56:53";5
"2022-03-28 00:58:49";4
"2022-03-28 01:03:37";5
"2022-03-28 01:07:40";4
"2022-03-28 01:19:14";5
"2022-03-28 01:21:33";4
"2022-03-28 01:48:21";5
"2022-03-28 01:53:08";4
"2022-03-28 01:55:04";5
"2022-03-28 02:03:09";4
"2022-03-28 02:17:49";5
"2022-03-28 02:20:54";205
"2022-03-28 02:21:05";5
"2022-03-28 02:24:45";4
"2022-03-28 02:31:41";5
"2022-03-28 02:42:40";4
"2022-03-28 02:53:27";5
"2022-03-28 02:54:36";4
"2022-03-28 03:00:23";5
"2022-03-28 03:03:40";4
"2022-03-28 03:09:15";5
"2022-03-28 03:13:18";4
"2022-03-28 03:25:15";5
"2022-03-28 03:36:02";4
"2022-03-28 03:42:59";5
"2022-03-28 03:45:52";4
"2022-03-28 03:47:02";5
"2022-03-28 03:47:48";4
"2022-03-28 03:53:23";5
"2022-03-28 03:58:47";4
"2022-03-28 04:14:35";5
"2022-03-28 04:16:30";4
"2022-03-28 04:22:29";5
"2022-03-28 04:25:34";4
"2022-03-28 04:37:19";5
"2022-03-28 04:46:22";4
"2022-03-28 04:51:11";5
"2022-03-28 05:10:04";4
"2022-03-28 05:11:59";5
"2022-03-28 05:13:55";4
"2022-03-28 05:19:53";5
"2022-03-28 05:21:49";4
"2022-03-28 05:22:58";5
"2022-03-28 05:30:52";4
"2022-03-28 05:37:48";5
"2022-03-28 05:43:46";4
"2022-03-28 05:48:35";5
"2022-03-28 05:50:31";4
"2022-03-28 05:52:38";5
"2022-03-28 05:54:34";4
"2022-03-28 05:55:32";5
"2022-03-28 05:57:27";4
"2022-03-28 06:01:30";5
"2022-03-28 06:12:17";4
"2022-03-28 06:13:27";5
"2022-03-28 06:21:21";4
"2022-03-28 06:25:12";5
"2022-03-28 06:40:59";4
"2022-03-28 06:45:02";5
"2022-03-28 06:46:11";4
"2022-03-28 06:51:58";5
"2022-03-28 07:02:57";4
"2022-03-28 07:03:55";5
"2022-03-28 07:08:44";4
"2022-03-28 07:13:44";5
"2022-03-28 07:15:39";6
"2022-03-28 07:17:47";7
"2022-03-28 07:20:40";6
"2022-03-28 07:28:35";5
"2022-03-28 07:30:07";6
"2022-03-28 07:31:39";5
"2022-03-28 07:35:31";6
"2022-03-28 07:36:40";5
"2022-03-28 07:41:29";6
"2022-03-28 07:45:55";7
"2022-03-28 07:46:18";6
"2022-03-28 08:21:56";5
"2022-03-28 08:23:06";6
"2022-03-28 09:00:41";7
"2022-03-28 09:01:39";6
"2022-03-28 09:05:30";5
"2022-03-28 09:06:28";6
"2022-03-28 09:27:17";7
"2022-03-28 09:40:11";6
"2022-03-28 09:43:15";7
"2022-03-28 09:44:14";6
"2022-03-28 09:46:09";7
"2022-03-28 09:49:14";6
"2022-03-28 10:33:43";7
"2022-03-28 10:41:37";6
"2022-03-28 10:43:32";7
"2022-03-28 10:50:29";6
"2022-03-28 10:53:34";7
"2022-03-28 11:33:38";8
"2022-03-28 11:34:59";7
"2022-03-28 11:38:27";6
"2022-03-28 11:39:02";7
"2022-03-28 11:42:53";8
"2022-03-28 11:55:48";9
"2022-03-28 12:00:49";8
"2022-03-28 12:22:35";7
"2022-03-28 12:24:31";8
"2022-03-28 12:35:18";7
"2022-03-28 12:48:13";8
"2022-03-28 12:53:14";7
"2022-03-28 13:05:56";8
"2022-03-28 13:09:12";7
"2022-03-28 13:17:53";8
"2022-03-28 13:19:49";7
"2022-03-28 13:50:26";6
"2022-03-28 13:51:24";7
"2022-03-28 13:52:33";6
"2022-03-28 13:53:31";7
"2022-03-28 14:06:14";6
"2022-03-28 14:45:55";5
"2022-03-28 14:50:44";6
"2022-03-28 15:06:44";5
"2022-03-28 15:09:37";6
"2022-03-28 15:28:19";7
"2022-03-28 15:30:26";6
"2022-03-28 15:41:14";5
"2022-03-28 16:02:36";6
"2022-03-28 16:03:57";5
"2022-03-28 16:08:58";6
"2022-03-28 16:22:49";5
"2022-03-28 16:27:50";6
"2022-03-28 16:37:40";5
"2022-03-28 16:44:12";6
"2022-03-28 16:44:36";5
"2022-03-28 16:46:32";6
"2022-03-28 17:03:17";5
"2022-03-28 17:04:26";6
"2022-03-28 17:42:02";7
"2022-03-28 17:46:51";6
"2022-03-28 17:56:41";7
"2022-03-28 17:59:45";6
"2022-03-28 18:17:30";7
"2022-03-28 18:19:37";8
"2022-03-28 18:21:32";9
"2022-03-28 18:24:14";10
"2022-03-28 18:25:23";11
"2022-03-28 18:26:33";10
"2022-03-28 18:29:27";9
"2022-03-28 18:31:22";10
"2022-03-28 18:45:15";9
"2022-03-28 18:47:10";10
"2022-03-28 18:48:20";9
"2022-03-28 18:52:11";8
"2022-03-28 19:08:56";7
"2022-03-28 19:14:20";8
"2022-03-28 19:18:00";9
"2022-03-28 19:20:53";14
"2022-03-28 19:21:51";17
"2022-03-28 19:23:58";20
"2022-03-28 19:25:19";22
"2022-03-28 19:25:54";24
"2022-03-28 19:26:52";20
"2022-03-28 19:27:50";18
"2022-03-28 19:28:47";16
"2022-03-28 19:29:45";15
"2022-03-28 19:30:55";14
"2022-03-28 19:33:48";13
"2022-03-28 19:35:44";12
"2022-03-28 19:36:42";11
"2022-03-28 19:38:49";10
"2022-03-28 19:40:45";9
"2022-03-28 19:46:44";8
"2022-03-28 19:55:35";7
"2022-03-28 20:09:28";8
"2022-03-28 20:10:26";7
"2022-03-28 20:13:19";8
"2022-03-28 20:14:28";7
"2022-03-28 20:43:10";6
"2022-03-28 20:58:59";5
"2022-03-28 20:59:57";6
"2022-03-28 21:11:43";7
"2022-03-28 21:13:50";8
"2022-03-28 21:15:46";9
"2022-03-28 21:17:41";10
"2022-03-28 21:20:45";9
"2022-03-28 21:23:39";8
"2022-03-28 21:27:31";7
"2022-03-28 21:32:31";6
"2022-03-28 21:33:29";7
"2022-03-28 21:37:32";6
"2022-03-28 21:47:21";7
"2022-03-28 21:48:19";6
"2022-03-28 21:50:26";7
"2022-03-28 21:51:24";6
"2022-03-28 21:52:33";7
"2022-03-28 21:53:20";6
"2022-03-28 22:14:10";5
"2022-03-28 22:16:05";6
"2022-03-28 22:20:08";7
"2022-03-28 22:22:04";8
"2022-03-28 22:30:56";7
"2022-03-28 22:44:48";8
"2022-03-28 22:56:45";7
"2022-03-28 23:03:42";8
"2022-03-28 23:04:39";7
"2022-03-28 23:14:29";8
"2022-03-28 23:18:32";9
"2022-03-28 23:19:29";8
"2022-03-28 23:20:27";9
"2022-03-28 23:23:20";8
"2022-03-28 23:33:22";7
"2022-03-28 23:38:11";8
"2022-03-28 23:41:16";7
"2022-03-29 00:18:50";6
"2022-03-29 00:19:47";7
"2022-03-29 00:40:36";6
"2022-03-29 01:01:25";7
"2022-03-29 01:05:16";6
"2022-03-29 01:39:57";5
"2022-03-29 01:43:02";6
"2022-03-29 01:52:51";5
"2022-03-29 01:57:52";6
"2022-03-29 02:14:38";5
"2022-03-29 02:26:35";6
"2022-03-29 02:29:28";5
"2022-03-29 02:35:26";6
"2022-03-29 02:36:24";5
"2022-03-29 02:38:54";6
"2022-03-29 02:45:27";5
"2022-03-29 02:50:16";6
"2022-03-29 02:52:23";5
"2022-03-29 03:12:03";6
"2022-03-29 03:25:55";5
"2022-03-29 03:29:00";6
"2022-03-29 03:35:56";5
"2022-03-29 03:38:49";6
"2022-03-29 03:42:52";5
"2022-03-29 03:58:39";6
"2022-03-29 04:04:37";5
"2022-03-29 04:18:30";4
"2022-03-29 04:21:23";5
"2022-03-29 04:29:17";4
"2022-03-29 04:38:08";5
"2022-03-29 04:48:09";4
"2022-03-29 04:57:00";5
"2022-03-29 04:57:58";4
"2022-03-29 06:13:20";3
"2022-03-29 06:19:19";4
"2022-03-29 06:27:24";3
"2022-03-29 06:36:04";4
"2022-03-29 06:39:55";3
"2022-03-29 06:45:53";4
"2022-03-29 06:47:49";3
"2022-03-29 06:53:47";4
"2022-03-29 06:57:50";3
"2022-03-29 06:58:48";4
"2022-03-29 07:28:28";3
"2022-03-29 07:30:23";4
"2022-03-29 07:52:10";5
"2022-03-29 07:55:15";4
"2022-03-29 08:01:14";3
"2022-03-29 08:02:12";4
"2022-03-29 08:09:31";5
"2022-03-29 08:10:06";7
"2022-03-29 08:12:02";9
"2022-03-29 08:12:59";10
"2022-03-29 08:13:57";11
"2022-03-29 08:17:02";9
"2022-03-29 08:18:58";8
"2022-03-29 08:22:02";7
"2022-03-29 08:24:10";6
"2022-03-29 08:27:50";7
"2022-03-29 08:31:52";8
"2022-03-29 08:36:53";7
"2022-03-29 08:41:07";6
"2022-03-29 08:42:51";7
"2022-03-29 08:52:41";6
"2022-03-29 08:53:39";7
"2022-03-29 09:03:29";6
"2022-03-29 09:18:31";7
"2022-03-29 09:19:17";6
"2022-03-29 09:40:04";5
"2022-03-29 09:52:59";6
"2022-03-29 09:55:41";5
"2022-03-29 09:59:55";6
"2022-03-29 10:05:54";5
"2022-03-29 10:26:31";4
"2022-03-29 10:27:40";5
"2022-03-29 10:34:36";6
"2022-03-29 10:35:34";5
"2022-03-29 10:39:25";4
"2022-03-29 10:41:33";5
"2022-03-29 10:53:18";4
"2022-03-29 10:55:14";5
"2022-03-29 11:00:15";6
"2022-03-29 11:10:16";5
"2022-03-29 11:11:13";6
"2022-03-29 11:28:00";5
"2022-03-29 11:28:57";6
"2022-03-29 11:29:55";5
"2022-03-29 11:31:51";6
"2022-03-29 11:33:01";5
"2022-03-29 11:49:46";4
"2022-03-29 11:51:42";5
"2022-03-29 11:59:36";4
"2022-03-29 12:02:30";5
"2022-03-29 12:03:39";4
"2022-03-29 12:04:37";5
"2022-03-29 12:13:28";6
"2022-03-29 12:17:31";5
"2022-03-29 12:21:22";4
"2022-03-29 12:31:12";5
"2022-03-29 12:32:22";4
"2022-03-29 12:40:16";5
"2022-03-29 12:43:09";6
"2022-03-29 12:45:05";7
"2022-03-29 12:48:10";6
"2022-03-29 12:57:01";5
"2022-03-29 13:12:50";6
"2022-03-29 13:18:48";5
"2022-03-29 13:29:47";4
"2022-03-29 13:30:45";5
"2022-03-29 13:49:27";6
"2022-03-29 13:53:29";5
"2022-03-29 14:14:19";4
"2022-03-29 14:16:14";5
"2022-03-29 14:17:12";4
"2022-03-29 14:19:08";5
"2022-03-29 14:53:50";4
"2022-03-29 14:55:46";5
"2022-03-29 15:07:42";6
"2022-03-29 15:08:40";5
"2022-03-29 15:10:35";6
"2022-03-29 15:29:28";5
"2022-03-29 15:36:24";6
"2022-03-29 15:39:18";5
"2022-03-29 15:45:15";6
"2022-03-29 15:46:13";5
"2022-03-29 16:08:00";6
"2022-03-29 16:12:03";5
"2022-03-29 16:13:01";6
"2022-03-29 16:14:57";5
"2022-03-29 16:28:49";4
"2022-03-29 16:29:47";5
"2022-03-29 16:33:49";6
"2022-03-29 16:34:47";5
"2022-03-29 17:06:25";4
"2022-03-29 17:13:21";5
"2022-03-29 17:20:17";4
"2022-03-29 17:23:10";5
"2022-03-29 17:44:56";6
"2022-03-29 17:48:01";5
"2022-03-29 18:16:44";4
"2022-03-29 18:48:20";5
"2022-03-29 18:49:18";4
"2022-03-29 19:17:04";3
"2022-03-29 19:18:59";4
"2022-03-29 19:29:00";3
"2022-03-29 19:30:56";4
"2022-03-29 20:10:38";5
"2022-03-29 20:14:28";6
"2022-03-29 20:15:38";5
"2022-03-29 20:17:33";4
"2022-03-29 20:34:19";3
"2022-03-29 20:40:18";4
"2022-03-29 20:52:14";3
"2022-03-29 21:23:50";2
"2022-03-29 21:27:41";3
"2022-03-29 22:15:16";4
"2022-03-29 22:16:14";3
"2022-03-29 22:32:02";4
"2022-03-29 22:33:11";3
"2022-03-29 22:43:58";4
"2022-03-29 22:45:53";3
"2022-03-29 23:07:39";4
"2022-03-29 23:19:36";3
"2022-03-29 23:21:31";4
"2022-03-29 23:33:27";3
"2022-03-29 23:36:21";4
"2022-03-29 23:37:30";3
"2022-03-29 23:47:20";4
"2022-03-29 23:52:09";3
"2022-03-29 23:54:16";4
"2022-03-30 00:06:02";5
"2022-03-30 00:12:00";4
"2022-03-30 00:24:55";5
"2022-03-30 00:27:48";4
"2022-03-30 00:28:58";5
"2022-03-30 00:29:56";4
"2022-03-30 00:55:33";3
"2022-03-30 01:00:33";4
"2022-03-30 01:19:14";3
"2022-03-30 01:58:21";4
"2022-03-30 02:02:46";3
"2022-03-30 02:14:43";4
"2022-03-30 02:22:37";3
"2022-03-30 02:34:33";4
"2022-03-30 02:44:23";3
"2022-03-30 02:51:42";4
"2022-03-30 03:01:20";3
"2022-03-30 03:07:52";4
"2022-03-30 03:09:13";3
"2022-03-30 03:15:58";4
"2022-03-30 03:17:07";3
"2022-03-30 03:18:05";4
"2022-03-30 03:42:56";3
"2022-03-30 03:43:53";4
"2022-03-30 03:44:51";3
"2022-03-30 03:47:57";4
"2022-03-30 03:58:44";3
"2022-03-30 04:04:43";4
"2022-03-30 04:07:48";3
"2022-03-30 04:17:37";4
"2022-03-30 04:20:31";3
"2022-03-30 04:23:35";4
"2022-03-30 04:24:33";3
"2022-03-30 04:25:31";4
"2022-03-30 04:26:28";3
"2022-03-30 04:35:32";4
"2022-03-30 04:44:24";3
"2022-03-30 05:07:08";4
"2022-03-30 05:08:06";3
"2022-03-30 05:14:04";4
"2022-03-30 05:17:55";3
"2022-03-30 05:24:51";4
"2022-03-30 05:30:02";3
"2022-03-30 05:36:47";4
"2022-03-30 05:39:52";3
"2022-03-30 05:47:46";4
"2022-03-30 05:48:44";3
"2022-03-30 05:49:42";4
"2022-03-30 05:55:40";3
"2022-03-30 06:13:35";4
"2022-03-30 06:19:22";3
"2022-03-30 06:26:18";4
"2022-03-30 06:31:19";3
"2022-03-30 06:46:08";4
"2022-03-30 06:47:06";3
"2022-03-30 06:49:13";4
"2022-03-30 06:52:07";3
"2022-03-30 07:05:36";4
"2022-03-30 07:06:57";3
"2022-03-30 07:12:55";4
"2022-03-30 07:22:45";3
"2022-03-30 07:25:50";4
"2022-03-30 07:26:48";3
"2022-03-30 07:29:41";4
"2022-03-30 07:31:48";5
"2022-03-30 07:34:30";6
"2022-03-30 07:34:41";7
"2022-03-30 07:35:39";8
"2022-03-30 07:37:35";9
"2022-03-30 07:39:43";8
"2022-03-30 07:41:38";7
"2022-03-30 07:43:34";6
"2022-03-30 07:49:32";7
"2022-03-30 07:52:37";8
"2022-03-30 07:58:23";7
"2022-03-30 08:00:30";6
"2022-03-30 08:05:20";5
"2022-03-30 08:18:15";4
"2022-03-30 08:20:23";5
"2022-03-30 08:22:53";4
"2022-03-30 08:24:02";5
"2022-03-30 08:24:14";4
"2022-03-30 08:26:44";5
"2022-03-30 08:33:17";4
"2022-03-30 08:43:06";5
"2022-03-30 08:54:04";6
"2022-03-30 08:56:00";5
"2022-03-30 08:57:56";4
"2022-03-30 09:02:56";5
"2022-03-30 09:08:55";4
"2022-03-30 09:10:50";5
"2022-03-30 09:12:46";4
"2022-03-30 09:13:44";5
"2022-03-30 09:31:39";4
"2022-03-30 09:34:32";5
"2022-03-30 09:39:33";4
"2022-03-30 09:41:29";5
"2022-03-30 09:44:34";4
"2022-03-30 09:49:22";5
"2022-03-30 09:54:00";4
"2022-03-30 09:58:14";5
"2022-03-30 10:13:17";4
"2022-03-30 10:16:09";5
"2022-03-30 10:18:05";6
"2022-03-30 10:19:15";7
"2022-03-30 10:20:01";8
"2022-03-30 10:25:02";7
"2022-03-30 10:26:58";6
"2022-03-30 10:30:02";5
"2022-03-30 10:34:52";4
"2022-03-30 10:39:53";5
"2022-03-30 10:42:46";4
"2022-03-30 10:56:50";5
"2022-03-30 10:57:48";4
"2022-03-30 10:59:44";5
"2022-03-30 11:08:47";4
"2022-03-30 11:34:24";5
"2022-03-30 12:03:07";4
"2022-03-30 12:14:06";5
"2022-03-30 12:40:41";6
"2022-03-30 13:02:38";5
"2022-03-30 13:06:30";6
"2022-03-30 13:13:02";7
"2022-03-30 13:20:22";6
"2022-03-30 13:23:27";5
"2022-03-30 13:26:21";6
"2022-03-30 13:27:19";5
"2022-03-30 13:45:02";4
"2022-03-30 13:52:10";5
"2022-03-30 14:17:49";4
"2022-03-30 14:21:52";5
"2022-03-30 14:34:34";4
"2022-03-30 14:41:30";5
"2022-03-30 14:52:30";6
"2022-03-30 15:01:21";7
"2022-03-30 15:03:17";8
"2022-03-30 15:05:47";9
"2022-03-30 15:07:20";10
"2022-03-30 15:10:24";11
"2022-03-30 15:11:23";12
"2022-03-30 15:15:14";13
"2022-03-30 15:16:11";12
"2022-03-30 15:19:05";11
"2022-03-30 15:23:31";10
"2022-03-30 15:24:06";11
"2022-03-30 15:25:04";10
"2022-03-30 15:31:02";9
"2022-03-30 15:37:12";8
"2022-03-30 15:43:57";7
"2022-03-30 15:48:34";6
"2022-03-30 15:50:53";7
"2022-03-30 15:51:51";6
"2022-03-30 15:52:49";7
"2022-03-30 15:55:42";6
"2022-03-30 16:08:36";5
"2022-03-30 16:14:34";6
"2022-03-30 16:22:28";7
"2022-03-30 16:26:08";6
"2022-03-30 16:26:31";7
"2022-03-30 16:27:29";6
"2022-03-30 16:34:25";5
"2022-03-30 16:41:21";4
"2022-03-30 16:46:10";5
"2022-03-30 17:00:02";4
"2022-03-30 17:29:42";3
"2022-03-30 17:31:38";4
"2022-03-30 17:43:34";3
"2022-03-30 17:45:41";4
"2022-03-30 17:53:35";3
"2022-03-30 17:56:28";4
"2022-03-30 18:22:41";5
"2022-03-30 18:23:16";4
"2022-03-30 18:25:58";5
"2022-03-30 18:37:08";4
"2022-03-30 18:39:04";5
"2022-03-30 19:20:40";6
"2022-03-30 19:24:31";5
"2022-03-30 19:27:25";6
"2022-03-30 19:28:34";7
"2022-03-30 19:30:30";8
"2022-03-30 19:32:26";9
"2022-03-30 19:33:23";10
"2022-03-30 19:34:21";12
"2022-03-30 19:36:29";14
"2022-03-30 19:37:26";16
"2022-03-30 19:38:24";17
"2022-03-30 19:39:22";18
"2022-03-30 19:41:29";19
"2022-03-30 19:44:22";18
"2022-03-30 19:45:20";17
"2022-03-30 19:46:18";16
"2022-03-30 19:49:23";15
"2022-03-30 19:50:21";14
"2022-03-30 19:52:16";13
"2022-03-30 19:55:21";12
"2022-03-30 19:59:12";11
"2022-03-30 20:04:13";12
"2022-03-30 20:24:03";11
"2022-03-30 20:30:59";12
"2022-03-30 20:31:57";11
"2022-03-30 20:32:55";12
"2022-03-30 20:34:50";11
"2022-03-30 20:38:53";10
"2022-03-30 20:39:51";11
"2022-03-30 20:44:52";12
"2022-03-30 20:45:50";11
"2022-03-30 20:49:06";12
"2022-03-30 20:49:41";11
"2022-03-30 20:50:39";12
"2022-03-30 20:53:44";11
"2022-03-30 21:04:08";12
"2022-03-30 21:04:31";11
"2022-03-30 21:06:38";12
"2022-03-30 21:08:34";13
"2022-03-30 21:09:32";12
"2022-03-30 21:13:35";11
"2022-03-30 21:17:25";10
"2022-03-30 21:24:22";11
"2022-03-30 21:27:27";10
"2022-03-30 21:41:08";9
"2022-03-30 21:55:58";10
"2022-03-30 21:59:03";9
"2022-03-30 22:06:58";10
"2022-03-30 22:08:54";11
"2022-03-30 22:13:57";10
"2022-03-30 22:21:48";9
"2022-03-30 22:47:37";8
"2022-03-30 22:51:28";9
"2022-03-30 23:04:23";8
"2022-03-30 23:13:14";9
"2022-03-30 23:17:17";8
"2022-03-30 23:24:13";9
"2022-03-30 23:29:03";8
"2022-03-30 23:44:50";7
"2022-03-30 23:47:54";8
"2022-03-30 23:51:46";7
"2022-03-31 00:07:34";6
"2022-03-31 00:08:43";7
"2022-03-31 00:11:37";6
"2022-03-31 00:12:34";7
"2022-03-31 00:15:39";6
"2022-03-31 00:23:45";7
"2022-03-31 00:28:22";6
"2022-03-31 00:36:16";7
"2022-03-31 00:44:33";6
"2022-03-31 00:45:19";7
"2022-03-31 00:46:17";6
"2022-03-31 00:47:15";7
"2022-03-31 00:50:08";6
"2022-03-31 01:02:05";7
"2022-03-31 01:03:03";6
"2022-03-31 01:23:51";5
"2022-03-31 01:24:49";6
"2022-03-31 01:39:39";5
"2022-03-31 01:46:35";6
"2022-03-31 01:52:21";5
"2022-03-31 02:31:03";4
"2022-03-31 02:33:57";5
"2022-03-31 02:38:00";4
"2022-03-31 02:43:58";5
"2022-03-31 02:49:45";4
"2022-03-31 03:15:34";5
"2022-03-31 03:16:54";4
"2022-03-31 03:23:28";5
"2022-03-31 03:27:19";4
"2022-03-31 03:33:18";5
"2022-03-31 03:35:13";4
"2022-03-31 04:05:52";5
"2022-03-31 04:06:49";4
"2022-03-31 04:47:29";5
"2022-03-31 04:48:27";4
"2022-03-31 05:47:47";3
"2022-03-31 05:52:47";4
"2022-03-31 06:12:38";5
"2022-03-31 06:16:29";4
"2022-03-31 06:45:12";5
"2022-03-31 06:46:10";4
"2022-03-31 06:56:00";5
"2022-03-31 06:58:07";4
"2022-03-31 07:05:03";5
"2022-03-31 07:06:00";4
"2022-03-31 07:08:54";5
"2022-03-31 07:10:49";4
"2022-03-31 07:11:59";5
"2022-03-31 07:23:43";6
"2022-03-31 07:26:37";7
"2022-03-31 07:28:44";6
"2022-03-31 07:31:38";7
"2022-03-31 07:41:39";6
"2022-03-31 07:44:32";7
"2022-03-31 07:45:30";6
"2022-03-31 07:55:31";5
"2022-03-31 07:58:24";6
"2022-03-31 07:59:22";5
"2022-03-31 08:01:18";6
"2022-03-31 08:03:25";5
"2022-03-31 08:04:23";6
"2022-03-31 08:05:21";5
"2022-03-31 08:06:19";6
"2022-03-31 08:14:12";7
"2022-03-31 08:18:15";6
"2022-03-31 08:23:04";7
"2022-03-31 08:26:09";8
"2022-03-31 08:27:08";7
"2022-03-31 08:29:03";6
"2022-03-31 08:45:48";7
"2022-03-31 09:01:48";6
"2022-03-31 09:08:44";7
"2022-03-31 09:14:31";8
"2022-03-31 09:16:38";9
"2022-03-31 09:21:26";8
"2022-03-31 09:31:27";7
"2022-03-31 09:41:17";6
"2022-03-31 09:43:12";7
"2022-03-31 09:49:11";6
"2022-03-31 09:50:08";7
"2022-03-31 09:58:14";6
"2022-03-31 10:03:03";7
"2022-03-31 10:06:07";6
"2022-03-31 10:16:55";7
"2022-03-31 10:33:41";6
"2022-03-31 10:41:34";7
"2022-03-31 10:42:32";6
"2022-03-31 10:47:33";7
"2022-03-31 10:53:31";8
"2022-03-31 10:56:25";7
"2022-03-31 11:07:58";6
"2022-03-31 11:22:25";7
"2022-03-31 11:25:53";8
"2022-03-31 11:32:14";9
"2022-03-31 11:35:08";10
"2022-03-31 11:37:04";9
"2022-03-31 11:38:02";10
"2022-03-31 11:43:02";9
"2022-03-31 11:51:54";8
"2022-03-31 12:00:45";7
"2022-03-31 12:02:41";8
"2022-03-31 12:03:51";7
"2022-03-31 12:07:42";8
"2022-03-31 12:11:45";7
"2022-03-31 12:26:36";6
"2022-03-31 12:29:30";7
"2022-03-31 12:30:28";6
"2022-03-31 12:33:21";7
"2022-03-31 12:38:21";6
"2022-03-31 12:49:43";5
"2022-03-31 12:55:18";6
"2022-03-31 13:01:05";5
"2022-03-31 13:35:46";4
"2022-03-31 13:43:41";5
"2022-03-31 13:47:44";4
"2022-03-31 14:04:29";3
"2022-03-31 14:07:22";4
"2022-03-31 14:14:18";5
"2022-03-31 14:15:16";6
"2022-03-31 14:17:23";7
"2022-03-31 14:19:19";8
"2022-03-31 14:25:17";7
"2022-03-31 14:28:10";6
"2022-03-31 14:31:15";5
"2022-03-31 14:33:11";6
"2022-03-31 14:40:07";5
"2022-03-31 14:46:16";6
"2022-03-31 14:47:03";5
"2022-03-31 14:49:56";4
"2022-03-31 14:53:59";5
"2022-03-31 15:00:55";4
"2022-03-31 15:01:53";5
"2022-03-31 15:12:41";4
"2022-03-31 15:19:37";5
"2022-03-31 15:22:31";6
"2022-03-31 15:27:31";5
"2022-03-31 15:32:32";4
"2022-03-31 15:41:25";3
"2022-03-31 15:43:21";4
"2022-03-31 15:48:21";3
"2022-03-31 16:02:01";2
"2022-03-31 16:25:56";3
"2022-03-31 16:28:49";2
"2022-03-31 17:16:24";1
"2022-03-31 17:17:22";2
"2022-03-31 17:48:00";3
"2022-03-31 17:49:09";2
"2022-03-31 18:05:55";1
"2022-03-31 18:09:46";2
"2022-03-31 18:41:33";3
"2022-03-31 18:42:31";2
"2022-03-31 18:51:23";3
"2022-03-31 18:52:32";2
"2022-03-31 19:07:23";3
"2022-03-31 19:09:18";2
"2022-03-31 19:27:02";3
"2022-03-31 19:33:01";2
"2022-03-31 19:33:59";3
"2022-03-31 19:44:58";4
"2022-03-31 19:59:48";5
"2022-03-31 20:00:46";4
"2022-03-31 20:01:44";5
"2022-03-31 20:03:39";4
"2022-03-31 20:09:38";5
"2022-03-31 20:15:37";4
"2022-03-31 20:19:28";5
"2022-03-31 20:26:24";4
"2022-03-31 20:38:21";5
"2022-03-31 20:39:19";4
"2022-03-31 21:09:10";5
"2022-03-31 21:11:06";4
"2022-03-31 21:26:54";3
"2022-03-31 21:27:52";4
"2022-03-31 21:58:29";3
"2022-03-31 21:59:27";4
"2022-03-31 22:05:25";3
"2022-03-31 22:45:06";4
"2022-03-31 22:58:58";3
"2022-03-31 23:04:56";4
"2022-03-31 23:13:47";3
"2022-03-31 23:15:43";4
"2022-03-31 23:16:41";3
"2022-03-31 23:47:20";4
"2022-03-31 23:48:41";3
"2022-04-01 00:01:13";4
"2022-04-01 00:03:08";3
"2022-04-01 00:08:21";4
"2022-04-01 00:10:05";3
"2022-04-01 00:12:12";4
"2022-04-01 00:21:10";3
"2022-04-01 00:22:02";4
"2022-04-01 00:22:59";3
"2022-04-01 00:58:37";2
"2022-04-01 01:02:40";3
"2022-04-01 01:06:31";2
"2022-04-01 01:12:53";3
"2022-04-01 01:13:27";2
"2022-04-01 01:30:14";1
"2022-04-01 01:40:15";2
"2022-04-01 01:46:13";1
"2022-04-01 02:04:55";0
"2022-04-01 02:09:55";1
"2022-04-01 02:25:44";0
"2022-04-01 05:03:45";0
"2022-04-01 05:03:57";0
"2022-04-01 05:04:08";0
"2022-04-01 05:04:20";0
"2022-04-01 05:04:31";0
"2022-04-01 05:04:43";0
"2022-04-01 05:04:55";0
"2022-04-01 05:05:06";0
"2022-04-01 05:05:18";0
"2022-04-01 05:05:30";0
"2022-04-01 05:05:41";0
"2022-04-01 05:05:53";0
"2022-04-01 05:06:04";0
"2022-04-01 05:06:16";0
"2022-04-01 05:06:28";0
"2022-04-01 05:06:39";0
"2022-04-01 05:06:50";0
"2022-04-01 05:07:02";0
"2022-04-01 05:07:13";0
"2022-04-01 05:07:25";0
"2022-04-01 05:07:37";0
"2022-04-01 05:07:48";0
"2022-04-01 05:08:00";0
"2022-04-01 05:08:11";0
"2022-04-01 05:08:23";0
"2022-04-01 05:08:34";0
"2022-04-01 05:08:46";0
"2022-04-01 05:08:58";0
"2022-04-01 05:09:09";0
"2022-04-01 05:09:21";0
"2022-04-01 05:09:33";0
"2022-04-01 05:09:44";0
"2022-04-01 05:09:56";0
"2022-04-01 05:10:08";0
"2022-04-01 05:10:19";0
"2022-04-01 05:10:31";0
"2022-04-01 05:10:42";0
"2022-04-01 05:11:51";0
"2022-04-01 05:12:03";0
"2022-04-01 05:12:15";0
"2022-04-01 05:12:26";0
"2022-04-01 05:12:38";0
"2022-04-01 05:12:49";0
"2022-04-01 05:13:01";0
"2022-04-01 05:13:12";0
"2022-04-01 05:13:24";0
"2022-04-01 05:13:36";0
"2022-04-01 05:13:47";0
"2022-04-01 05:13:59";0
"2022-04-01 05:14:10";0
"2022-04-01 05:14:22";0
"2022-04-01 05:14:33";0
"2022-04-01 05:14:45";0
"2022-04-01 05:14:56";0
"2022-04-01 05:15:08";0
"2022-04-01 05:15:20";0
"2022-04-01 05:15:31";0
"2022-04-01 05:15:42";0
"2022-04-01 05:15:54";0
"2022-04-01 05:16:06";0
"2022-04-01 05:16:17";0
"2022-04-01 05:16:28";0
"2022-04-01 05:16:40";0
"2022-04-01 05:16:52";0
"2022-04-01 05:17:03";0
"2022-04-01 05:17:15";0
"2022-04-01 05:17:27";0
"2022-04-01 05:17:38";0
"2022-04-01 05:17:50";0
"2022-04-01 05:18:01";0
"2022-04-01 05:18:13";0
"2022-04-01 05:18:24";0
"2022-04-01 05:18:36";0
"2022-04-01 05:18:47";0
"2022-04-01 05:18:59";0
"2022-04-01 05:20:08";0
"2022-04-01 05:20:20";0
"2022-04-01 05:20:31";0
"2022-04-01 05:20:43";0
"2022-04-01 05:20:55";0
"2022-04-01 05:21:06";0
"2022-04-01 05:21:18";0
"2022-04-01 05:21:29";0
"2022-04-01 05:21:41";0
"2022-04-01 05:21:53";0
"2022-04-01 05:22:04";0
"2022-04-01 05:22:16";0
"2022-04-01 05:22:27";0
"2022-04-01 05:22:39";0
"2022-04-01 05:22:50";0
"2022-04-01 05:23:02";0
"2022-04-01 05:23:14";0
"2022-04-01 05:23:25";0
"2022-04-01 05:23:37";0
"2022-04-01 05:23:48";0
"2022-04-01 05:24:00";0
"2022-04-01 05:24:12";0
"2022-04-01 05:24:23";0
"2022-04-01 05:24:35";0
"2022-04-01 05:24:46";0
"2022-04-01 05:24:58";0
"2022-04-01 05:25:09";0
"2022-04-01 05:25:21";0
"2022-04-01 05:25:32";0
"2022-04-01 05:25:44";0
"2022-04-01 05:25:56";0
"2022-04-01 05:26:07";0
"2022-04-01 05:26:19";0
"2022-04-01 05:26:30";0
"2022-04-01 05:26:42";0
"2022-04-01 05:26:54";0
"2022-04-01 05:27:05";0
"2022-04-01 05:27:17";0
"2022-04-01 05:27:28";0
"2022-04-01 05:27:40";0
"2022-04-01 05:27:51";0
"2022-04-01 05:29:01";0
"2022-04-01 05:29:12";0
"2022-04-01 05:29:24";0
"2022-04-01 05:29:35";0
"2022-04-01 05:29:47";0
"2022-04-01 05:29:58";0
"2022-04-01 05:30:10";0
"2022-04-01 05:30:22";0
"2022-04-01 05:30:33";0
"2022-04-01 05:30:45";0
"2022-04-01 05:30:56";0
"2022-04-01 05:31:08";0
"2022-04-01 05:31:20";0
"2022-04-01 05:31:31";0
"2022-04-01 05:31:43";0
"2022-04-01 05:31:54";0
"2022-04-01 05:32:06";0
"2022-04-01 05:32:17";0
"2022-04-01 05:32:29";0
"2022-04-01 05:32:40";0
"2022-04-01 05:32:52";0
"2022-04-01 05:33:03";0
"2022-04-01 05:33:15";0
"2022-04-01 05:33:27";0
"2022-04-01 05:33:38";0
"2022-04-01 05:33:50";0
"2022-04-01 05:34:01";0
"2022-04-01 05:34:13";0
"2022-04-01 05:34:24";0
"2022-04-01 05:34:36";0
"2022-04-01 05:34:47";0
"2022-04-01 05:34:59";0
"2022-04-01 05:35:11";0
"2022-04-01 05:35:22";0
"2022-04-01 05:35:34";0
"2022-04-01 05:35:46";0
"2022-04-01 05:35:57";0
"2022-04-01 05:36:08";0
"2022-04-01 05:36:20";0
"2022-04-01 05:36:32";0
"2022-04-01 05:36:43";0
"2022-04-01 05:36:55";0
"2022-04-01 05:37:06";0
"2022-04-01 05:37:18";0
"2022-04-01 05:37:29";0
"2022-04-01 05:37:41";0
"2022-04-01 05:37:52";0
"2022-04-01 05:38:04";0
"2022-04-01 05:38:15";0
"2022-04-01 05:38:27";0
"2022-04-01 05:38:39";0
"2022-04-01 05:38:50";0
"2022-04-01 05:39:02";0
"2022-04-01 05:39:13";0
"2022-04-01 05:39:25";0
"2022-04-01 05:39:37";0
"2022-04-01 05:39:48";0
"2022-04-01 05:39:59";0
"2022-04-01 05:40:11";0
"2022-04-01 05:40:23";0
"2022-04-01 05:40:34";0
"2022-04-01 05:40:46";0
"2022-04-01 05:40:57";0
"2022-04-01 05:41:09";0
"2022-04-01 05:41:20";0
"2022-04-01 05:41:32";0
"2022-04-01 05:41:44";0
"2022-04-01 05:41:55";0
"2022-04-01 05:42:07";0
"2022-04-01 05:42:18";0
"2022-04-01 05:42:30";0
"2022-04-01 05:42:41";0
"2022-04-01 05:42:53";0
"2022-04-01 05:43:05";0
"2022-04-01 05:43:16";0
"2022-04-01 05:43:27";0
"2022-04-01 05:43:39";0
"2022-04-01 05:43:50";0
"2022-04-01 05:44:02";0
"2022-04-01 05:44:13";0
"2022-04-01 05:44:25";0
"2022-04-01 05:44:36";0
"2022-04-01 05:44:48";0
"2022-04-01 05:45:00";0
"2022-04-01 05:45:11";0
"2022-04-01 05:45:23";0
"2022-04-01 05:45:35";0
"2022-04-01 05:45:46";0
"2022-04-01 05:45:57";0
"2022-04-01 05:46:09";0
"2022-04-01 05:46:21";0
"2022-04-01 05:46:32";0
"2022-04-01 05:46:43";0
"2022-04-01 05:46:55";0
"2022-04-01 05:47:07";0
"2022-04-01 05:47:19";0
"2022-04-01 05:47:30";0
"2022-04-01 05:47:42";0
"2022-04-01 05:47:53";0
"2022-04-01 05:48:05";0
"2022-04-01 05:48:16";0
"2022-04-01 05:48:28";0
"2022-04-01 05:48:39";0
"2022-04-01 05:48:51";0
"2022-04-01 05:49:03";0
"2022-04-01 05:49:14";0
"2022-04-01 05:49:26";0
"2022-04-01 05:49:37";0
"2022-04-01 05:49:49";0
"2022-04-01 05:50:00";0
"2022-04-01 05:50:12";0
"2022-04-01 05:50:24";0
"2022-04-01 05:50:35";0
"2022-04-01 05:50:47";0
"2022-04-01 05:50:58";0
"2022-04-01 05:51:10";0
"2022-04-01 05:52:07";0
"2022-04-01 05:52:19";0
"2022-04-01 05:52:30";0
"2022-04-01 05:52:42";0
"2022-04-01 05:52:54";0
"2022-04-01 05:53:05";0
"2022-04-01 05:53:17";0
"2022-04-01 05:53:28";0
"2022-04-01 05:53:40";0
"2022-04-01 05:53:51";0
"2022-04-01 05:54:03";0
"2022-04-01 05:54:14";0
"2022-04-01 05:54:26";0
"2022-04-01 05:54:38";0
"2022-04-01 05:54:49";0
"2022-04-01 05:55:01";0
"2022-04-01 05:55:13";0
"2022-04-01 05:55:24";0
"2022-04-01 05:55:35";0
"2022-04-01 05:55:47";0
"2022-04-01 05:55:59";0
"2022-04-01 05:56:11";0
"2022-04-01 05:56:22";0
"2022-04-01 05:56:33";0
"2022-04-01 05:56:45";0
"2022-04-01 05:56:57";0
"2022-04-01 05:57:08";0
"2022-04-01 05:57:20";0
"2022-04-01 05:57:31";0
"2022-04-01 05:57:43";0
"2022-04-01 05:57:55";0
"2022-04-01 05:58:06";0
"2022-04-01 05:58:18";0
"2022-04-01 05:58:29";0
"2022-04-01 05:58:41";0
"2022-04-01 05:58:53";0
"2022-04-01 05:59:04";0
"2022-04-01 05:59:16";0
"2022-04-01 05:59:27";0
"2022-04-01 05:59:39";0
"2022-04-01 05:59:50";0
"2022-04-01 06:00:02";0
"2022-04-01 06:00:13";0
"2022-04-01 06:00:25";0
"2022-04-01 06:00:36";0
"2022-04-01 06:00:48";0
"2022-04-01 06:00:59";0
"2022-04-01 06:01:11";0
"2022-04-01 06:01:23";0
"2022-04-01 06:01:34";0
"2022-04-01 06:01:46";0
"2022-04-01 06:01:57";0
"2022-04-01 06:02:09";0
"2022-04-01 06:02:20";0
"2022-04-01 06:02:32";0
"2022-04-01 06:02:44";0
"2022-04-01 06:02:55";0
"2022-04-01 06:03:07";0
"2022-04-01 06:03:18";0
"2022-04-01 06:03:30";0
"2022-04-01 06:03:42";0
"2022-04-01 06:03:53";0
"2022-04-01 06:04:05";0
"2022-04-01 06:04:17";0
"2022-04-01 06:04:28";0
"2022-04-01 06:04:39";0
"2022-04-01 06:04:51";0
"2022-04-01 06:05:03";0
"2022-04-01 06:05:14";0
"2022-04-01 06:05:26";0
"2022-04-01 06:05:37";0
"2022-04-01 06:05:49";0
"2022-04-01 06:06:00";0
"2022-04-01 06:06:12";0
"2022-04-01 06:06:23";0
"2022-04-01 06:06:35";0
"2022-04-01 06:07:44";0
"2022-04-01 06:07:55";0
"2022-04-01 06:08:07";0
"2022-04-01 06:08:19";0
"2022-04-01 06:08:30";0
"2022-04-01 06:08:42";0
"2022-04-01 06:08:53";0
"2022-04-01 06:09:05";0
"2022-04-01 06:09:17";0
"2022-04-01 06:09:28";0
"2022-04-01 06:09:40";0
"2022-04-01 06:09:52";0
"2022-04-01 06:10:03";0
"2022-04-01 06:10:15";0
"2022-04-01 06:10:26";0
"2022-04-01 06:10:38";0
"2022-04-01 06:10:49";0
"2022-04-01 06:11:47";0
"2022-04-01 06:11:59";0
"2022-04-01 06:12:10";0
"2022-04-01 06:12:22";0
"2022-04-01 06:12:33";0
"2022-04-01 06:12:45";0
"2022-04-01 06:12:56";0
"2022-04-01 06:13:08";0
"2022-04-01 06:13:19";0
"2022-04-01 06:13:31";0
"2022-04-01 06:13:42";0
"2022-04-01 06:13:54";0
"2022-04-01 06:14:05";0
"2022-04-01 06:14:17";0
"2022-04-01 06:14:28";0
"2022-04-01 06:14:40";0
"2022-04-01 06:14:52";0
"2022-04-01 06:15:03";0
"2022-04-01 06:15:15";0
"2022-04-01 06:15:26";0
"2022-04-01 06:15:38";0
"2022-04-01 06:15:50";0
"2022-04-01 06:16:01";0
"2022-04-01 06:16:13";0
"2022-04-01 06:16:24";0
"2022-04-01 06:16:36";0
"2022-04-01 06:16:47";0
"2022-04-01 06:16:59";0
"2022-04-01 06:17:11";0
"2022-04-01 06:17:22";0
"2022-04-01 06:17:33";0
"2022-04-01 06:17:45";0
"2022-04-01 06:17:57";0
"2022-04-01 06:18:08";0
"2022-04-01 06:18:20";0
"2022-04-01 06:18:31";0
"2022-04-01 06:18:43";0
"2022-04-01 06:18:55";0
"2022-04-01 06:19:06";0
"2022-04-01 06:19:18";0
"2022-04-01 06:19:29";0
"2022-04-01 06:19:41";0
"2022-04-01 06:19:52";0
"2022-04-01 06:20:04";0
"2022-04-01 06:20:15";0
"2022-04-01 06:20:27";0
"2022-04-01 06:20:38";0
"2022-04-01 06:21:48";0
"2022-04-01 06:21:59";0
"2022-04-01 06:22:11";0
"2022-04-01 06:22:22";0
"2022-04-01 06:22:34";0
"2022-04-01 06:22:46";0
"2022-04-01 06:23:43";0
"2022-04-01 06:23:55";0
"2022-04-01 06:24:06";0
"2022-04-01 06:24:18";0
"2022-04-01 06:24:29";0
"2022-04-01 06:24:41";0
"2022-04-01 06:24:52";0
"2022-04-01 06:25:04";0
"2022-04-01 06:25:15";0
"2022-04-01 06:25:27";0
"2022-04-01 06:25:38";0
"2022-04-01 06:25:50";0
"2022-04-01 06:26:02";0
"2022-04-01 06:26:13";0
"2022-04-01 06:26:25";0
"2022-04-01 06:26:36";0
"2022-04-01 06:26:48";0
"2022-04-01 06:27:00";0
"2022-04-01 06:28:09";0
"2022-04-01 06:28:20";0
"2022-04-01 06:28:32";0
"2022-04-01 06:28:44";0
"2022-04-01 06:28:55";0
"2022-04-01 06:29:07";0
"2022-04-01 06:29:18";0
"2022-04-01 06:29:30";0
"2022-04-01 06:29:41";0
"2022-04-01 06:29:53";0
"2022-04-01 06:30:04";0
"2022-04-01 06:30:16";0
"2022-04-01 06:30:27";0
"2022-04-01 06:30:39";0
"2022-04-01 06:30:50";0
"2022-04-01 06:31:02";0
"2022-04-01 06:31:14";0
"2022-04-01 06:31:25";0
"2022-04-01 06:31:37";0
"2022-04-01 06:31:48";0
"2022-04-01 06:32:00";0
"2022-04-01 06:32:57";0
"2022-04-01 06:33:09";0
"2022-04-01 06:33:20";0
"2022-04-01 06:33:32";0
"2022-04-01 06:33:44";0
"2022-04-01 06:33:55";0
"2022-04-01 06:34:07";0
"2022-04-01 06:34:18";0
"2022-04-01 06:34:30";0
"2022-04-01 06:34:42";0
"2022-04-01 06:34:53";0
"2022-04-01 06:35:05";0
"2022-04-01 06:35:16";0
"2022-04-01 06:35:28";0
"2022-04-01 06:35:39";0
"2022-04-01 06:35:51";0
"2022-04-01 06:36:02";0
"2022-04-01 06:36:14";0
"2022-04-01 06:36:26";0
"2022-04-01 06:36:37";0
"2022-04-01 06:36:49";0
"2022-04-01 06:37:00";0
"2022-04-01 06:37:12";0
"2022-04-01 06:37:23";0
"2022-04-01 06:37:35";0
"2022-04-01 06:37:47";0
"2022-04-01 06:37:58";0
"2022-04-01 06:38:10";0
"2022-04-01 06:38:21";0
"2022-04-01 06:38:33";0
"2022-04-01 06:38:45";0
"2022-04-01 06:38:56";0
"2022-04-01 06:39:08";0
"2022-04-01 06:39:19";0
"2022-04-01 06:39:31";0
"2022-04-01 06:39:42";0
"2022-04-01 06:39:54";0
"2022-04-01 06:40:06";0
"2022-04-01 06:40:17";0
"2022-04-01 06:40:29";0
"2022-04-01 06:40:40";0
"2022-04-01 06:40:52";0
"2022-04-01 06:41:03";0
"2022-04-01 06:41:15";0
"2022-04-01 06:41:27";0
"2022-04-01 06:41:38";0
"2022-04-01 06:41:50";0
"2022-04-01 06:42:02";0
"2022-04-01 06:42:13";0
"2022-04-01 06:42:24";0
"2022-04-01 06:42:36";0
"2022-04-01 06:42:47";0
"2022-04-01 06:42:59";0
"2022-04-01 06:43:11";0
"2022-04-01 06:43:22";0
"2022-04-01 06:43:34";0
"2022-04-01 06:43:45";0
"2022-04-01 06:43:57";0
"2022-04-01 06:45:06";0
"2022-04-01 06:45:18";0
"2022-04-01 06:45:29";0
"2022-04-01 06:45:41";0
"2022-04-01 06:45:52";0
"2022-04-01 06:46:04";0
"2022-04-01 06:46:16";0
"2022-04-01 06:46:27";0
"2022-04-01 06:46:39";0
"2022-04-01 06:46:50";0
"2022-04-01 06:47:02";0
"2022-04-01 06:47:14";0
"2022-04-01 06:47:25";0
"2022-04-01 06:47:37";0
"2022-04-01 06:47:48";0
"2022-04-01 06:48:00";0
"2022-04-01 06:48:11";0
"2022-04-01 06:48:23";0
"2022-04-01 06:48:34";0
"2022-04-01 06:48:46";0
"2022-04-01 06:48:58";0
"2022-04-01 06:49:09";0
"2022-04-01 06:49:21";0
"2022-04-01 06:49:32";0
"2022-04-01 06:49:44";0
"2022-04-01 06:49:55";0
"2022-04-01 06:50:07";0
"2022-04-01 06:50:19";0
"2022-04-01 06:50:30";0
"2022-04-01 06:50:42";0
"2022-04-01 06:50:53";0
"2022-04-01 06:51:05";0
"2022-04-01 06:51:16";0
"2022-04-01 06:51:28";0
"2022-04-01 06:51:40";0
"2022-04-01 06:51:51";0
"2022-04-01 06:52:03";0
"2022-04-01 06:52:14";0
"2022-04-01 06:52:26";0
"2022-04-01 06:52:37";0
"2022-04-01 06:52:49";0
"2022-04-01 06:53:00";0
"2022-04-01 06:53:12";0
"2022-04-01 06:53:23";0
"2022-04-01 06:53:35";0
"2022-04-01 06:53:47";0
"2022-04-01 06:53:58";0
"2022-04-01 06:54:09";0
"2022-04-01 06:54:21";0
"2022-04-01 06:54:33";0
"2022-04-01 06:54:44";0
"2022-04-01 06:54:56";0
"2022-04-01 06:55:07";0
"2022-04-01 06:55:19";0
"2022-04-01 06:55:30";0
"2022-04-01 06:55:42";0
"2022-04-01 06:55:54";0
"2022-04-01 06:56:05";0
"2022-04-01 06:56:17";0
"2022-04-01 06:56:28";0
"2022-04-01 06:56:40";0
"2022-04-01 06:56:52";0
"2022-04-01 06:57:03";0
"2022-04-01 06:57:15";0
"2022-04-01 06:57:27";0
"2022-04-01 06:57:38";0
"2022-04-01 06:57:50";0
"2022-04-01 06:58:01";0
"2022-04-01 06:58:13";0
"2022-04-01 06:58:24";0
"2022-04-01 06:58:36";0
"2022-04-01 06:58:47";0
"2022-04-01 06:58:59";0
"2022-04-01 06:59:11";0
"2022-04-01 06:59:22";0
"2022-04-01 06:59:34";0
"2022-04-01 06:59:46";0
"2022-04-01 06:59:57";0
"2022-04-01 07:00:09";0
"2022-04-01 07:00:20";0
"2022-04-01 07:00:32";0
"2022-04-01 07:00:43";0
"2022-04-01 07:00:55";0
"2022-04-01 07:01:06";0
"2022-04-01 07:01:18";0
"2022-04-01 07:01:29";0
"2022-04-01 07:01:41";0
"2022-04-01 07:01:52";0
"2022-04-01 07:02:04";0
"2022-04-01 07:02:15";0
"2022-04-01 07:02:27";0
"2022-04-01 07:02:39";0
"2022-04-01 07:02:50";0
"2022-04-01 07:03:02";0
"2022-04-01 07:03:13";0
"2022-04-01 07:03:25";0
"2022-04-01 07:03:36";0
"2022-04-01 07:03:48";0
"2022-04-01 07:04:00";0
"2022-04-01 07:04:11";0
"2022-04-01 07:04:23";0
"2022-04-01 07:04:34";0
"2022-04-01 07:04:46";0
"2022-04-01 07:04:58";0
"2022-04-01 07:05:09";0
"2022-04-01 07:05:21";0
"2022-04-01 07:05:32";0
"2022-04-01 07:05:44";0
"2022-04-01 07:05:55";0
"2022-04-01 07:06:07";0
"2022-04-01 07:06:19";0
"2022-04-01 07:06:30";0
"2022-04-01 07:06:42";0
"2022-04-01 07:07:51";0
"2022-04-01 07:08:02";0
"2022-04-01 07:08:14";0
"2022-04-01 07:08:25";0
"2022-04-01 07:08:37";0
"2022-04-01 07:08:49";0
"2022-04-01 07:09:00";0
"2022-04-01 07:09:12";0
"2022-04-01 07:09:23";0
"2022-04-01 07:09:35";0
"2022-04-01 07:09:47";0
"2022-04-01 07:09:58";0
"2022-04-01 07:10:10";0
"2022-04-01 07:10:21";0
"2022-04-01 07:10:33";0
"2022-04-01 07:10:44";0
"2022-04-01 07:10:56";0
"2022-04-01 07:11:07";0
"2022-04-01 07:11:19";0
"2022-04-01 07:11:30";0
"2022-04-01 07:11:42";0
"2022-04-01 07:11:54";0
"2022-04-01 07:12:05";0
"2022-04-01 07:12:17";0
"2022-04-01 07:12:29";0
"2022-04-01 07:12:40";0
"2022-04-01 07:12:52";0
"2022-04-01 07:13:03";0
"2022-04-01 07:13:15";0
"2022-04-01 07:13:26";0
"2022-04-01 07:13:38";0
"2022-04-01 07:13:49";0
"2022-04-01 07:14:01";0
"2022-04-01 07:14:13";0
"2022-04-01 07:14:24";0
"2022-04-01 07:14:36";0
"2022-04-01 07:14:48";0
"2022-04-01 07:14:59";0
"2022-04-01 07:15:11";0
"2022-04-01 07:15:22";0
"2022-04-01 07:15:34";0
"2022-04-01 07:15:45";0
"2022-04-01 07:15:57";0
"2022-04-01 07:16:09";0
"2022-04-01 07:16:20";0
"2022-04-01 07:16:32";0
"2022-04-01 07:16:43";0
"2022-04-01 07:16:55";0
"2022-04-01 07:17:06";0
"2022-04-01 07:17:18";0
"2022-04-01 07:17:30";0
"2022-04-01 07:17:41";0
"2022-04-01 07:17:53";0
"2022-04-01 07:18:04";0
"2022-04-01 07:18:16";0
"2022-04-01 07:18:28";0
"2022-04-01 07:18:39";0
"2022-04-01 07:18:50";0
"2022-04-01 07:19:02";0
"2022-04-01 07:19:14";0
"2022-04-01 07:19:26";0
"2022-04-01 07:19:37";0
"2022-04-01 07:19:48";0
"2022-04-01 07:20:00";0
"2022-04-01 07:20:11";0
"2022-04-01 07:20:23";0
"2022-04-01 07:20:34";0
"2022-04-01 07:20:46";0
"2022-04-01 07:20:57";0
"2022-04-01 07:21:09";0
"2022-04-01 07:21:20";0
"2022-04-01 07:21:32";0
"2022-04-01 07:21:43";0
"2022-04-01 07:21:55";0
"2022-04-01 07:22:06";0
"2022-04-01 07:22:18";0
"2022-04-01 07:22:30";0
"2022-04-01 07:22:41";0
"2022-04-01 07:22:53";0
"2022-04-01 07:23:04";0
"2022-04-01 07:23:16";0
"2022-04-01 07:23:27";0
"2022-04-01 07:23:39";0
"2022-04-01 07:23:51";0
"2022-04-01 07:24:14";0
"2022-04-01 07:24:25";0
"2022-04-01 07:24:37";0
"2022-04-01 07:24:48";0
"2022-04-01 07:25:00";0
"2022-04-01 07:25:23";0
"2022-04-01 07:25:35";0
"2022-04-01 07:25:46";0
"2022-04-01 07:25:58";0
"2022-04-01 07:26:09";0
"2022-04-01 07:26:21";0
"2022-04-01 07:26:32";0
"2022-04-01 07:26:44";0
"2022-04-01 07:26:55";0
"2022-04-01 07:27:07";0
"2022-04-01 07:27:18";0
"2022-04-01 07:27:30";0
"2022-04-01 07:27:42";0
"2022-04-01 07:27:53";0
"2022-04-01 07:28:05";0
"2022-04-01 07:28:16";0
"2022-04-01 07:28:28";0
"2022-04-01 07:28:40";0
"2022-04-01 07:28:51";0
"2022-04-01 07:29:02";0
"2022-04-01 07:29:14";0
"2022-04-01 07:29:26";0
"2022-04-01 07:29:37";0
"2022-04-01 07:29:49";0
"2022-04-01 07:30:00";0
"2022-04-01 07:30:12";0
"2022-04-01 07:30:24";0
"2022-04-01 07:30:35";0
"2022-04-01 07:30:47";0
"2022-04-01 07:30:58";0
"2022-04-01 07:31:10";0
"2022-04-01 07:31:22";0
"2022-04-01 07:31:33";0
"2022-04-01 07:31:45";0
"2022-04-01 07:32:08";0
"2022-04-01 07:32:19";0
"2022-04-01 07:32:31";0
"2022-04-01 07:32:54";0
"2022-04-01 07:33:06";0
"2022-04-01 07:33:17";0
"2022-04-01 07:33:29";0
"2022-04-01 07:33:40";0
"2022-04-01 07:33:52";0
"2022-04-01 07:34:03";0
"2022-04-01 07:34:15";0
"2022-04-01 07:34:27";0
"2022-04-01 07:34:38";0
"2022-04-01 07:34:49";0
"2022-04-01 07:35:01";0
"2022-04-01 07:35:13";0
"2022-04-01 07:35:24";0
"2022-04-01 07:35:36";0
"2022-04-01 07:35:47";0
"2022-04-01 07:35:59";0
"2022-04-01 07:36:11";0
"2022-04-01 07:36:22";0
"2022-04-01 07:36:34";0
"2022-04-01 07:36:46";0
"2022-04-01 07:36:57";0
"2022-04-01 07:37:08";0
"2022-04-01 07:37:20";0
"2022-04-01 07:37:32";0
"2022-04-01 07:37:43";0
"2022-04-01 07:37:55";0
"2022-04-01 07:38:06";0
"2022-04-01 07:38:18";0
"2022-04-01 07:38:30";0
"2022-04-01 07:38:41";0
"2022-04-01 07:38:52";0
"2022-04-01 07:39:04";0
"2022-04-01 07:39:16";0
"2022-04-01 07:39:27";0
"2022-04-01 07:39:39";0
"2022-04-01 07:39:50";0
"2022-04-01 07:40:02";0
"2022-04-01 07:40:13";0
"2022-04-01 07:41:22";0
"2022-04-01 07:41:34";0
"2022-04-01 07:41:46";0
"2022-04-01 07:41:57";0
"2022-04-01 07:42:09";0
"2022-04-01 07:42:20";0
"2022-04-01 07:42:32";0
"2022-04-01 07:42:43";0
"2022-04-01 07:42:55";0
"2022-04-01 07:43:07";0
"2022-04-01 07:43:18";0
"2022-04-01 07:43:30";0
"2022-04-01 07:43:42";0
"2022-04-01 07:43:53";0
"2022-04-01 07:44:05";0
"2022-04-01 07:44:16";0
"2022-04-01 07:44:28";0
"2022-04-01 07:44:39";0
"2022-04-01 07:44:51";0
"2022-04-01 07:45:02";0
"2022-04-01 07:45:14";0
"2022-04-01 07:45:26";0
"2022-04-01 07:45:37";0
"2022-04-01 07:45:49";0
"2022-04-01 07:46:46";0
"2022-04-01 07:46:57";0
"2022-04-01 07:47:09";0
"2022-04-01 07:47:21";0
"2022-04-01 07:47:32";0
"2022-04-01 07:47:44";0
"2022-04-01 07:47:55";0
"2022-04-01 07:48:07";0
"2022-04-01 07:48:19";0
"2022-04-01 07:48:30";0
"2022-04-01 07:48:42";0
"2022-04-01 07:48:53";0
"2022-04-01 07:49:05";0
"2022-04-01 07:49:16";0
"2022-04-01 07:49:28";0
"2022-04-01 07:49:40";0
"2022-04-01 07:49:51";0
"2022-04-01 07:50:03";0
"2022-04-01 07:50:15";0
"2022-04-01 07:50:26";0
"2022-04-01 07:50:38";0
"2022-04-01 07:50:49";0
"2022-04-01 07:51:01";0
"2022-04-01 07:51:12";0
"2022-04-01 07:51:24";0
"2022-04-01 07:51:35";0
"2022-04-01 07:51:47";0
"2022-04-01 07:51:58";0
"2022-04-01 07:52:10";0
"2022-04-01 07:52:21";0
"2022-04-01 07:52:33";0
"2022-04-01 07:52:45";0
"2022-04-01 07:52:56";0
"2022-04-01 07:53:08";0
"2022-04-01 07:53:19";0
"2022-04-01 07:53:31";0
"2022-04-01 07:53:42";0
"2022-04-01 07:53:54";0
"2022-04-01 07:54:06";0
"2022-04-01 07:54:17";0
"2022-04-01 07:54:29";0
"2022-04-01 07:54:40";0
"2022-04-01 07:54:52";0
"2022-04-01 07:55:03";0
"2022-04-01 07:55:15";0
"2022-04-01 07:55:26";0
"2022-04-01 07:55:38";0
"2022-04-01 07:55:50";0
"2022-04-01 07:56:01";0
"2022-04-01 07:56:13";0
"2022-04-01 07:56:25";0
"2022-04-01 07:56:36";0
"2022-04-01 07:56:48";0
"2022-04-01 07:56:59";0
"2022-04-01 07:57:11";0
"2022-04-01 07:57:23";0
"2022-04-01 07:57:34";0
"2022-04-01 07:57:46";0
"2022-04-01 07:57:57";0
"2022-04-01 07:58:09";0
"2022-04-01 07:58:20";0
"2022-04-01 07:58:32";0
"2022-04-01 07:58:43";0
"2022-04-01 07:58:55";0
"2022-04-01 07:59:07";0
"2022-04-01 07:59:18";0
"2022-04-01 07:59:30";0
"2022-04-01 07:59:41";0
"2022-04-01 07:59:53";0
"2022-04-01 08:00:04";0
"2022-04-01 08:00:16";0
"2022-04-01 08:00:28";0
"2022-04-01 08:00:39";0
"2022-04-01 08:00:51";0
"2022-04-01 08:01:02";0
"2022-04-01 08:01:14";0
"2022-04-01 08:01:25";0
"2022-04-01 08:01:37";0
"2022-04-01 08:01:48";0
"2022-04-01 08:02:00";0
"2022-04-01 08:02:11";0
"2022-04-01 08:02:23";0
"2022-04-01 08:02:35";0
"2022-04-01 08:02:46";0
"2022-04-01 08:02:58";0
"2022-04-01 08:03:09";0
"2022-04-01 08:03:21";0
"2022-04-01 08:03:32";0
"2022-04-01 08:03:44";0
"2022-04-01 08:03:55";0
"2022-04-01 08:04:07";0
"2022-04-01 08:04:19";0
"2022-04-01 08:04:30";0
"2022-04-01 08:04:42";0
"2022-04-01 08:04:53";0
"2022-04-01 08:05:05";0
"2022-04-01 08:05:17";0
"2022-04-01 08:05:28";0
"2022-04-01 08:05:39";0
"2022-04-01 08:05:51";0
"2022-04-01 08:06:14";0
"2022-04-01 08:06:25";0
"2022-04-01 08:06:37";0
"2022-04-01 08:06:49";0
"2022-04-01 08:07:01";0
"2022-04-01 08:07:12";0
"2022-04-01 08:07:24";0
"2022-04-01 08:07:35";0
"2022-04-01 08:07:47";0
"2022-04-01 08:07:58";0
"2022-04-01 08:08:10";0
"2022-04-01 08:08:22";0
"2022-04-01 08:08:33";0
"2022-04-01 08:08:44";0
"2022-04-01 08:08:56";0
"2022-04-01 08:09:07";0
"2022-04-01 08:09:19";0
"2022-04-01 08:09:31";0
"2022-04-01 08:09:42";0
"2022-04-01 08:09:54";0
"2022-04-01 08:10:05";0
"2022-04-01 08:10:17";0
"2022-04-01 08:10:28";0
"2022-04-01 08:10:40";0
"2022-04-01 08:10:51";0
"2022-04-01 08:11:03";0
"2022-04-01 08:11:15";0
"2022-04-01 08:11:26";0
"2022-04-01 08:11:38";0
"2022-04-01 08:11:49";0
"2022-04-01 08:12:01";0
"2022-04-01 08:12:12";0
"2022-04-01 08:12:24";0
"2022-04-01 08:12:36";0
"2022-04-01 08:12:47";0
"2022-04-01 08:12:58";0
"2022-04-01 08:13:10";1
"2022-04-01 08:13:22";1
"2022-04-01 08:13:33";1
"2022-04-01 08:13:45";1
"2022-04-01 08:13:56";1
"2022-04-01 08:14:08";1
"2022-04-01 08:14:19";1
"2022-04-01 08:15:28";2
"2022-04-01 08:15:40";2
"2022-04-01 08:15:52";2
"2022-04-01 08:16:03";2
"2022-04-01 08:16:15";3
"2022-04-01 08:16:26";3
"2022-04-01 08:16:38";3
"2022-04-01 08:16:49";3
"2022-04-01 08:17:01";3
"2022-04-01 08:17:13";3
"2022-04-01 08:17:24";3
"2022-04-01 08:17:36";3
"2022-04-01 08:17:47";3
"2022-04-01 08:17:59";3
"2022-04-01 08:18:10";4
"2022-04-01 08:18:22";4
"2022-04-01 08:18:34";4
"2022-04-01 08:19:32";4
"2022-04-01 08:19:43";4
"2022-04-01 08:19:54";4
"2022-04-01 08:20:06";3
"2022-04-01 08:20:18";3
"2022-04-01 08:20:29";3
"2022-04-01 08:20:41";3
"2022-04-01 08:20:52";3
"2022-04-01 08:21:04";3
"2022-04-01 08:21:16";3
"2022-04-01 08:21:27";3
"2022-04-01 08:21:38";3
"2022-04-01 08:21:50";3
"2022-04-01 08:22:01";3
"2022-04-01 08:22:13";3
"2022-04-01 08:22:24";3
"2022-04-01 08:22:36";3
"2022-04-01 08:22:48";3
"2022-04-01 08:22:59";2
"2022-04-01 08:23:11";2
"2022-04-01 08:23:22";2
"2022-04-01 08:23:34";2
"2022-04-01 08:24:43";2
"2022-04-01 08:24:55";2
"2022-04-01 08:25:06";2
"2022-04-01 08:25:18";2
"2022-04-01 08:25:29";2
"2022-04-01 08:25:41";2
"2022-04-01 08:25:53";2
"2022-04-01 08:26:04";2
"2022-04-01 08:26:16";2
"2022-04-01 08:26:27";2
"2022-04-01 08:26:38";2
"2022-04-01 08:26:50";2
"2022-04-01 08:27:02";2
"2022-04-01 08:27:13";2
"2022-04-01 08:27:25";2
"2022-04-01 08:27:36";2
"2022-04-01 08:27:48";2
"2022-04-01 08:27:59";2
"2022-04-01 08:28:11";2
"2022-04-01 08:28:22";2
"2022-04-01 08:28:34";2
"2022-04-01 08:28:45";2
"2022-04-01 08:28:57";1
"2022-04-01 08:29:08";1
"2022-04-01 08:29:20";1
"2022-04-01 08:29:32";1
"2022-04-01 08:29:43";1
"2022-04-01 08:29:54";1
"2022-04-01 08:30:06";1
"2022-04-01 08:30:18";1
"2022-04-01 08:30:29";1
"2022-04-01 08:30:41";1
"2022-04-01 08:30:52";1
"2022-04-01 08:31:04";1
"2022-04-01 08:31:16";1
"2022-04-01 08:31:27";1
"2022-04-01 08:31:39";1
"2022-04-01 08:31:50";1
"2022-04-01 08:32:02";1
"2022-04-01 08:32:14";1
"2022-04-01 08:32:25";1
"2022-04-01 08:32:37";1
"2022-04-01 08:32:48";1
"2022-04-01 08:33:00";1
"2022-04-01 08:33:11";1
"2022-04-01 08:33:23";1
"2022-04-01 08:33:34";1
"2022-04-01 08:33:46";1
"2022-04-01 08:33:58";1
"2022-04-01 08:34:09";1
"2022-04-01 08:34:21";1
"2022-04-01 08:34:32";1
"2022-04-01 08:34:44";1
"2022-04-01 08:34:55";1
"2022-04-01 08:35:07";1
"2022-04-01 08:35:19";1
"2022-04-01 08:35:30";1
"2022-04-01 08:35:41";1
"2022-04-01 08:35:53";1
"2022-04-01 08:36:05";1
"2022-04-01 08:36:16";1
"2022-04-01 08:36:28";1
"2022-04-01 08:36:39";1
"2022-04-01 08:36:51";1
"2022-04-01 08:37:03";1
"2022-04-01 08:37:14";1
"2022-04-01 08:37:26";1
"2022-04-01 08:37:37";1
"2022-04-01 08:37:49";1
"2022-04-01 08:38:00";1
"2022-04-01 08:38:12";1
"2022-04-01 08:38:23";1
"2022-04-01 08:38:35";1
"2022-04-01 08:38:46";1
"2022-04-01 08:38:58";1
"2022-04-01 08:39:09";1
"2022-04-01 08:39:21";1
"2022-04-01 08:39:32";1
"2022-04-01 08:39:44";1
"2022-04-01 08:39:55";1
"2022-04-01 08:40:07";1
"2022-04-01 08:40:19";1
"2022-04-01 08:40:30";1
"2022-04-01 08:40:42";1
"2022-04-01 08:40:53";1
"2022-04-01 08:41:05";1
"2022-04-01 08:41:16";1
"2022-04-01 08:41:28";1
"2022-04-01 08:41:40";1
"2022-04-01 08:41:51";1
"2022-04-01 08:42:49";1
"2022-04-01 08:43:00";1
"2022-04-01 08:43:12";1
"2022-04-01 08:43:23";1
"2022-04-01 08:43:35";1
"2022-04-01 08:43:47";1
"2022-04-01 08:43:58";1
"2022-04-01 08:44:10";1
"2022-04-01 08:44:21";1
"2022-04-01 08:44:33";1
"2022-04-01 08:44:45";1
"2022-04-01 08:44:56";1
"2022-04-01 08:45:08";1
"2022-04-01 08:46:17";1
"2022-04-01 08:46:28";1
"2022-04-01 08:46:40";1
"2022-04-01 08:46:51";1
"2022-04-01 08:47:03";1
"2022-04-01 08:47:15";1
"2022-04-01 08:47:26";1
"2022-04-01 08:47:38";1
"2022-04-01 08:47:49";1
"2022-04-01 08:48:01";1
"2022-04-01 08:48:12";1
"2022-04-01 08:48:24";1
"2022-04-01 08:48:35";1
"2022-04-01 08:48:47";1
"2022-04-01 08:48:59";1
"2022-04-01 08:49:10";1
"2022-04-01 08:49:22";1
"2022-04-01 08:49:33";1
"2022-04-01 08:49:45";1
"2022-04-01 08:49:57";1
"2022-04-01 08:50:08";1
"2022-04-01 08:50:20";1
"2022-04-01 08:50:31";1
"2022-04-01 08:50:43";1
"2022-04-01 08:50:54";0
"2022-04-01 08:51:06";0
"2022-04-01 08:51:17";0
"2022-04-01 08:51:29";0
"2022-04-01 08:51:40";0
"2022-04-01 08:51:52";0
"2022-04-01 08:52:04";0
"2022-04-01 08:52:15";0
"2022-04-01 08:52:27";0
"2022-04-01 08:52:38";0
"2022-04-01 08:52:50";0
"2022-04-01 08:53:02";0
"2022-04-01 08:53:13";0
"2022-04-01 08:53:24";0
"2022-04-01 08:53:36";0
"2022-04-01 08:53:48";0
"2022-04-01 08:53:59";0
"2022-04-01 08:54:11";0
"2022-04-01 08:55:20";0
"2022-04-01 08:55:32";0
"2022-04-01 08:55:43";0
"2022-04-01 08:55:55";0
"2022-04-01 08:56:06";0
"2022-04-01 08:56:18";0
"2022-04-01 08:56:29";0
"2022-04-01 08:56:41";0
"2022-04-01 08:56:53";0
"2022-04-01 08:57:50";0
"2022-04-01 08:58:01";0
"2022-04-01 08:58:13";0
"2022-04-01 08:58:25";0
"2022-04-01 08:58:36";0
"2022-04-01 08:58:48";0
"2022-04-01 08:58:59";0
"2022-04-01 08:59:11";0
"2022-04-01 08:59:22";0
"2022-04-01 08:59:34";0
"2022-04-01 08:59:46";0
"2022-04-01 08:59:57";0
"2022-04-01 09:00:09";0
"2022-04-01 09:00:20";0
"2022-04-01 09:00:32";0
"2022-04-01 09:00:43";0
"2022-04-01 09:00:55";0
"2022-04-01 09:01:06";0
"2022-04-01 09:01:18";0
"2022-04-01 09:01:29";0
"2022-04-01 09:01:41";0
"2022-04-01 09:01:52";0
"2022-04-01 09:02:04";0
"2022-04-01 09:02:15";0
"2022-04-01 09:02:27";0
"2022-04-01 09:02:39";0
"2022-04-01 09:02:50";0
"2022-04-01 09:03:02";0
"2022-04-01 09:03:14";0
"2022-04-01 09:03:25";0
"2022-04-01 09:03:37";1
"2022-04-01 09:03:48";1
"2022-04-01 09:04:00";1
"2022-04-01 09:04:11";1
"2022-04-01 09:05:21";0
"2022-04-01 09:05:32";0
"2022-04-01 09:05:44";0
"2022-04-01 09:05:55";0
"2022-04-01 09:06:07";0
"2022-04-01 09:06:18";0
"2022-04-01 09:06:30";0
"2022-04-01 09:06:42";0
"2022-04-01 09:06:53";0
"2022-04-01 09:07:05";0
"2022-04-01 09:07:16";0
"2022-04-01 09:07:28";0
"2022-04-01 09:07:40";0
"2022-04-01 09:07:51";0
"2022-04-01 09:08:03";0
"2022-04-01 09:08:14";0
"2022-04-01 09:08:26";0
"2022-04-01 09:08:37";0
"2022-04-01 09:08:49";0
"2022-04-01 09:09:01";0
"2022-04-01 09:09:12";0
"2022-04-01 09:09:24";0
"2022-04-01 09:09:35";0
"2022-04-01 09:09:47";0
"2022-04-01 09:09:58";0
"2022-04-01 09:10:10";0
"2022-04-01 09:10:21";0
"2022-04-01 09:10:33";0
"2022-04-01 09:10:45";0
"2022-04-01 09:10:56";0
"2022-04-01 09:11:08";0
"2022-04-01 09:11:19";0
"2022-04-01 09:11:31";0
"2022-04-01 09:11:42";0
"2022-04-01 09:11:54";0
"2022-04-01 09:12:06";0
"2022-04-01 09:12:17";0
"2022-04-01 09:12:29";0
"2022-04-01 09:12:41";0
"2022-04-01 09:12:52";0
"2022-04-01 09:13:04";0
"2022-04-01 09:13:15";0
"2022-04-01 09:13:27";0
"2022-04-01 09:13:38";0
"2022-04-01 09:13:50";0
"2022-04-01 09:14:01";0
"2022-04-01 09:14:13";0
"2022-04-01 09:15:22";0
"2022-04-01 09:15:34";0
"2022-04-01 09:15:45";0
"2022-04-01 09:15:57";0
"2022-04-01 09:16:09";0
"2022-04-01 09:16:20";0
"2022-04-01 09:16:32";0
"2022-04-01 09:16:43";0
"2022-04-01 09:16:55";0
"2022-04-01 09:17:06";0
"2022-04-01 09:17:18";0
"2022-04-01 09:17:29";0
"2022-04-01 09:17:41";0
"2022-04-01 09:17:53";0
"2022-04-01 09:18:04";0
"2022-04-01 09:18:16";0
"2022-04-01 09:18:27";0
"2022-04-01 09:18:39";0
"2022-04-01 09:18:51";0
"2022-04-01 09:19:02";0
"2022-04-01 09:19:14";0
"2022-04-01 09:19:25";0
"2022-04-01 09:19:37";0
"2022-04-01 09:19:48";0
"2022-04-01 09:20:00";0
"2022-04-01 09:20:11";0
"2022-04-01 09:20:23";0
"2022-04-01 09:20:35";0
"2022-04-01 09:20:46";0
"2022-04-01 09:20:58";0
"2022-04-01 09:21:10";0
"2022-04-01 09:21:21";0
"2022-04-01 09:21:33";0
"2022-04-01 09:21:44";0
"2022-04-01 09:21:56";0
"2022-04-01 09:22:07";0
"2022-04-01 09:22:19";0
"2022-04-01 09:22:30";0
"2022-04-01 09:22:42";0
"2022-04-01 09:22:54";0
"2022-04-01 09:23:05";0
"2022-04-01 09:23:16";0
"2022-04-01 09:23:28";0
"2022-04-01 09:23:39";0
"2022-04-01 09:23:51";0
"2022-04-01 09:24:03";0
"2022-04-01 09:24:14";0
"2022-04-01 09:24:26";0
"2022-04-01 09:24:37";0
"2022-04-01 09:24:49";0
"2022-04-01 09:25:00";0
"2022-04-01 09:25:12";0
"2022-04-01 09:25:24";0
"2022-04-01 09:25:35";0
"2022-04-01 09:25:47";0
"2022-04-01 09:25:59";0
"2022-04-01 09:26:10";0
"2022-04-01 09:26:22";0
"2022-04-01 09:26:33";0
"2022-04-01 09:26:45";0
"2022-04-01 09:26:56";0
"2022-04-01 09:27:08";0
"2022-04-01 09:27:20";0
"2022-04-01 09:27:43";0
"2022-04-01 09:27:54";0
"2022-04-01 09:28:06";0
"2022-04-01 09:28:17";0
"2022-04-01 09:28:29";0
"2022-04-01 09:28:40";0
"2022-04-01 09:28:52";0
"2022-04-01 09:29:04";0
"2022-04-01 09:29:15";0
"2022-04-01 09:29:27";0
"2022-04-01 09:29:38";0
"2022-04-01 09:29:50";0
"2022-04-01 09:30:01";0
"2022-04-01 09:30:13";0
"2022-04-01 09:30:25";0
"2022-04-01 09:30:36";0
"2022-04-01 09:30:48";0
"2022-04-01 09:30:59";0
"2022-04-01 09:31:11";0
"2022-04-01 09:31:22";0
"2022-04-01 09:31:34";0
"2022-04-01 09:31:45";0
"2022-04-01 09:31:57";0
"2022-04-01 09:32:09";0
"2022-04-01 09:32:20";0
"2022-04-01 09:32:32";0
"2022-04-01 09:32:43";0
"2022-04-01 09:32:55";0
"2022-04-01 09:33:06";0
"2022-04-01 09:33:18";0
"2022-04-01 09:33:30";0
"2022-04-01 09:33:41";0
"2022-04-01 09:33:53";0
"2022-04-01 09:34:04";0
"2022-04-01 09:34:16";0
"2022-04-01 09:34:27";0
"2022-04-01 09:34:39";0
"2022-04-01 09:34:51";0
"2022-04-01 09:35:02";0
"2022-04-01 09:35:14";0
"2022-04-01 09:35:25";0
"2022-04-01 09:36:46";0
"2022-04-01 09:36:58";0
"2022-04-01 09:37:09";0
"2022-04-01 09:37:21";0
"2022-04-01 09:37:32";0
"2022-04-01 09:37:44";0
"2022-04-01 09:38:41";0
"2022-04-01 09:38:53";0
"2022-04-01 09:39:05";0
"2022-04-01 09:39:17";0
"2022-04-01 09:39:28";0
"2022-04-01 09:39:39";0
"2022-04-01 09:39:51";0
"2022-04-01 09:40:03";0
"2022-04-01 09:40:14";0
"2022-04-01 09:40:26";0
"2022-04-01 09:40:38";0
"2022-04-01 09:40:49";0
"2022-04-01 09:41:01";0
"2022-04-01 09:41:12";0
"2022-04-01 09:41:24";0
"2022-04-01 09:41:35";0
"2022-04-01 09:41:47";0
"2022-04-01 09:41:58";0
"2022-04-01 09:42:10";0
"2022-04-01 09:42:21";0
"2022-04-01 09:42:33";0
"2022-04-01 09:42:45";0
"2022-04-01 09:42:56";0
"2022-04-01 09:43:07";0
"2022-04-01 09:43:19";0
"2022-04-01 09:43:31";0
"2022-04-01 09:43:42";0
"2022-04-01 09:43:54";0
"2022-04-01 09:44:05";0
"2022-04-01 09:44:17";0
"2022-04-01 09:44:28";0
"2022-04-01 09:44:40";0
"2022-04-01 09:44:52";0
"2022-04-01 09:45:03";0
"2022-04-01 09:45:15";0
"2022-04-01 09:45:26";0
"2022-04-01 09:45:38";0
"2022-04-01 09:45:49";0
"2022-04-01 09:46:01";0
"2022-04-01 09:46:12";0
"2022-04-01 09:46:24";0
"2022-04-01 09:46:36";0
"2022-04-01 09:46:47";0
"2022-04-01 09:46:59";0
"2022-04-01 09:47:10";0
"2022-04-01 09:47:22";0
"2022-04-01 09:47:33";0
"2022-04-01 09:47:45";0
"2022-04-01 09:47:57";0
"2022-04-01 09:48:08";0
"2022-04-01 09:48:20";0
"2022-04-01 09:48:31";0
"2022-04-01 09:48:43";0
"2022-04-01 09:48:54";0
"2022-04-01 09:49:06";0
"2022-04-01 09:49:18";0
"2022-04-01 09:49:29";0
"2022-04-01 09:49:41";0
"2022-04-01 09:49:53";0
"2022-04-01 09:50:04";0
"2022-04-01 09:50:16";0
"2022-04-01 09:50:27";0
"2022-04-01 09:50:39";0
"2022-04-01 09:50:51";0
"2022-04-01 09:51:02";0
"2022-04-01 09:51:13";0
"2022-04-01 09:51:25";0
"2022-04-01 09:51:37";0
"2022-04-01 09:51:48";0
"2022-04-01 09:52:00";0
"2022-04-01 09:52:11";0
"2022-04-01 09:52:23";0
"2022-04-01 09:52:34";0
"2022-04-01 09:52:46";0
"2022-04-01 09:52:57";0
"2022-04-01 09:53:09";0
"2022-04-01 09:53:21";0
"2022-04-01 09:53:32";0
"2022-04-01 09:53:44";0
"2022-04-01 09:53:55";0
"2022-04-01 09:54:07";0
"2022-04-01 09:54:18";0
"2022-04-01 09:54:30";0
"2022-04-01 09:54:42";0
"2022-04-01 09:54:53";0
"2022-04-01 09:55:05";0
"2022-04-01 09:55:16";0
"2022-04-01 09:55:28";0
"2022-04-01 09:55:39";0
"2022-04-01 09:55:51";0
"2022-04-01 09:56:02";0
"2022-04-01 09:56:14";0
"2022-04-01 09:56:26";0
"2022-04-01 09:56:37";0
"2022-04-01 09:56:49";0
"2022-04-01 09:57:00";0
"2022-04-01 09:57:12";0
"2022-04-01 09:57:23";0
"2022-04-01 09:57:35";0
"2022-04-01 09:57:47";0
"2022-04-01 09:57:58";0
"2022-04-01 09:58:10";0
"2022-04-01 09:58:21";0
"2022-04-01 09:58:33";0
"2022-04-01 09:58:45";0
"2022-04-01 09:58:56";0
"2022-04-01 09:59:08";0
"2022-04-01 09:59:19";0
"2022-04-01 09:59:31";0
"2022-04-01 09:59:42";0
"2022-04-01 09:59:54";0
"2022-04-01 10:00:05";0
"2022-04-01 10:00:17";0
"2022-04-01 10:00:29";0
"2022-04-01 10:00:40";0
"2022-04-01 10:00:52";0
"2022-04-01 10:01:04";0
"2022-04-01 10:01:15";0
"2022-04-01 10:01:26";0
"2022-04-01 10:01:39";0
"2022-04-01 10:01:49";0
"2022-04-01 10:02:01";0
"2022-04-01 10:02:12";0
"2022-04-01 10:02:24";0
"2022-04-01 10:02:36";0
"2022-04-01 10:02:47";0
"2022-04-01 10:02:59";0
"2022-04-01 10:03:10";0
"2022-04-01 10:03:22";0
"2022-04-01 10:03:34";0
"2022-04-01 10:03:45";0
"2022-04-01 10:03:57";0
"2022-04-01 10:04:09";0
"2022-04-01 10:04:20";0
"2022-04-01 10:04:32";0
"2022-04-01 10:04:43";0
"2022-04-01 10:04:55";0
"2022-04-01 10:05:06";0
"2022-04-01 10:05:18";0
"2022-04-01 10:05:30";0
"2022-04-01 10:05:41";0
"2022-04-01 10:05:53";0
"2022-04-01 10:06:04";0
"2022-04-01 10:06:16";0
"2022-04-01 10:06:28";0
"2022-04-01 10:06:39";0
"2022-04-01 10:06:51";0
"2022-04-01 10:07:02";0
"2022-04-01 10:07:14";0
"2022-04-01 10:07:25";0
"2022-04-01 10:07:37";0
"2022-04-01 10:07:48";0
"2022-04-01 10:08:00";0
"2022-04-01 10:08:11";0
"2022-04-01 10:08:23";0
"2022-04-01 10:08:34";0
"2022-04-01 10:08:46";0
"2022-04-01 10:08:58";0
"2022-04-01 10:09:09";0
"2022-04-01 10:09:21";0
"2022-04-01 10:09:32";0
"2022-04-01 10:09:44";0
"2022-04-01 10:09:55";0
"2022-04-01 10:10:07";0
"2022-04-01 10:10:18";0
"2022-04-01 10:10:30";0
"2022-04-01 10:10:42";0
"2022-04-01 10:10:53";0
"2022-04-01 10:11:05";0
"2022-04-01 10:11:16";0
"2022-04-01 10:11:28";0
"2022-04-01 10:11:40";0
"2022-04-01 10:12:48";0
"2022-04-01 10:13:00";0
"2022-04-01 10:13:12";0
"2022-04-01 10:13:23";0
"2022-04-01 10:13:35";0
"2022-04-01 10:13:46";0
"2022-04-01 10:13:58";0
"2022-04-01 10:14:09";0
"2022-04-01 10:15:18";0
"2022-04-01 10:15:30";0
"2022-04-01 10:15:42";0
"2022-04-01 10:15:53";0
"2022-04-01 10:16:05";0
"2022-04-01 10:16:16";0
"2022-04-01 10:16:28";0
"2022-04-01 10:16:39";0
"2022-04-01 10:16:51";0
"2022-04-01 10:17:02";0
"2022-04-01 10:17:14";0
"2022-04-01 10:17:26";0
"2022-04-01 10:17:37";0
"2022-04-01 10:17:49";0
"2022-04-01 10:18:00";0
"2022-04-01 10:18:12";0
"2022-04-01 10:18:24";0
"2022-04-01 10:18:35";0
"2022-04-01 10:18:47";0
"2022-04-01 10:18:58";0
"2022-04-01 10:19:10";0
"2022-04-01 10:19:21";0
"2022-04-01 10:19:33";0
"2022-04-01 10:19:45";0
"2022-04-01 10:19:56";0
"2022-04-01 10:20:08";0
"2022-04-01 10:20:19";0
"2022-04-01 10:20:31";0
"2022-04-01 10:20:42";0
"2022-04-01 10:20:54";0
"2022-04-01 10:21:06";0
"2022-04-01 10:21:17";0
"2022-04-01 10:21:29";0
"2022-04-01 10:21:40";0
"2022-04-01 10:21:52";0
"2022-04-01 10:22:03";0
"2022-04-01 10:22:15";0
"2022-04-01 10:22:26";0
"2022-04-01 10:22:38";0
"2022-04-01 10:22:50";0
"2022-04-01 10:23:01";0
"2022-04-01 10:23:13";0
"2022-04-01 10:23:25";0
"2022-04-01 10:23:36";0
"2022-04-01 10:23:47";0
"2022-04-01 10:23:59";0
"2022-04-01 10:24:10";0
"2022-04-01 10:24:22";0
"2022-04-01 10:24:34";0
"2022-04-01 10:24:45";0
"2022-04-01 10:24:57";0
"2022-04-01 10:25:08";0
"2022-04-01 10:25:20";0
"2022-04-01 10:25:32";0
"2022-04-01 10:25:43";1
"2022-04-01 10:25:55";1
"2022-04-01 10:26:06";1
"2022-04-01 10:26:18";1
"2022-04-01 10:26:29";1
"2022-04-01 10:26:41";1
"2022-04-01 10:26:53";3
"2022-04-01 10:27:04";3
"2022-04-01 10:27:15";3
"2022-04-01 10:27:27";3
"2022-04-01 10:27:39";3
"2022-04-01 10:27:50";4
"2022-04-01 10:28:02";4
"2022-04-01 10:28:14";4
"2022-04-01 10:29:11";5
"2022-04-01 10:29:23";5
"2022-04-01 10:29:34";5
"2022-04-01 10:29:46";6
"2022-04-01 10:29:57";6
"2022-04-01 10:30:09";6
"2022-04-01 10:30:21";6
"2022-04-01 10:30:32";6
"2022-04-01 10:30:44";5
"2022-04-01 10:30:55";5
"2022-04-01 10:31:07";5
"2022-04-01 10:31:19";5
"2022-04-01 10:31:30";5
"2022-04-01 10:31:41";5
"2022-04-01 10:31:53";4
"2022-04-01 10:32:04";4
"2022-04-01 10:32:16";4
"2022-04-01 10:32:28";4
"2022-04-01 10:32:39";4
"2022-04-01 10:32:51";4
"2022-04-01 10:33:02";4
"2022-04-01 10:33:14";4
"2022-04-01 10:33:25";4
"2022-04-01 10:33:37";4
"2022-04-01 10:33:49";3
"2022-04-01 10:34:00";3
"2022-04-01 10:34:12";3
"2022-04-01 10:34:23";3
"2022-04-01 10:35:33";3
"2022-04-01 10:35:44";3
"2022-04-01 10:35:56";3
"2022-04-01 10:36:07";3
"2022-04-01 10:36:19";3
"2022-04-01 10:36:30";3
"2022-04-01 10:36:42";3
"2022-04-01 10:36:53";3
"2022-04-01 10:37:05";3
"2022-04-01 10:37:16";3
"2022-04-01 10:37:28";3
"2022-04-01 10:37:40";3
"2022-04-01 10:37:51";3
"2022-04-01 10:38:03";3
"2022-04-01 10:38:14";3
"2022-04-01 10:38:26";3
"2022-04-01 10:38:37";3
"2022-04-01 10:38:49";3
"2022-04-01 10:39:00";3
"2022-04-01 10:39:12";3
"2022-04-01 10:39:24";3
"2022-04-01 10:39:35";3
"2022-04-01 10:39:47";3
"2022-04-01 10:39:58";3
"2022-04-01 10:40:10";3
"2022-04-01 10:40:22";3
"2022-04-01 10:40:33";3
"2022-04-01 10:40:45";3
"2022-04-01 10:40:56";3
"2022-04-01 10:41:08";3
"2022-04-01 10:41:19";3
"2022-04-01 10:41:31";3
"2022-04-01 10:41:43";3
"2022-04-01 10:41:54";3
"2022-04-01 10:42:06";3
"2022-04-01 10:42:17";3
"2022-04-01 10:42:29";3
"2022-04-01 10:42:40";3
"2022-04-01 10:42:52";3
"2022-04-01 10:43:03";3
"2022-04-01 10:43:15";3
"2022-04-01 10:43:26";3
"2022-04-01 10:43:38";3
"2022-04-01 10:43:49";3
"2022-04-01 10:44:01";3
"2022-04-01 10:44:13";3
"2022-04-01 10:44:24";3
"2022-04-01 10:44:36";3
"2022-04-01 10:44:47";3
"2022-04-01 10:44:59";3
"2022-04-01 10:45:11";3
"2022-04-01 10:45:22";3
"2022-04-01 10:45:34";3
"2022-04-01 10:45:45";3
"2022-04-01 10:45:57";3
"2022-04-01 10:46:08";3
"2022-04-01 10:46:20";3
"2022-04-01 10:46:32";3
"2022-04-01 10:46:43";3
"2022-04-01 10:46:54";3
"2022-04-01 10:47:06";3
"2022-04-01 10:47:17";3
"2022-04-01 10:47:29";3
"2022-04-01 10:47:41";3
"2022-04-01 10:47:52";3