"DateTime";"[Diag Pack][PM - Capteur 3][PM1] ug/m3"
"2022-03-15 07:37:30";0,495
"2022-03-15 08:37:30";0,083333
"2022-03-15 09:37:30";0
"2022-03-15 10:37:30";0,041667
"2022-03-15 11:37:30";0
"2022-03-15 17:37:30";0,385833
"2022-03-15 18:37:30";0,501667
"2022-03-15 19:37:30";0,916667
"2022-03-15 20:37:30";0,366667
"2022-03-15 21:37:30";0,164167
"2022-03-15 22:37:30";0
"2022-03-15 23:37:30";0,125
"2022-03-16 00:37:30";0,0675
"2022-03-16 01:37:30";0,021667
"2022-03-16 02:37:30";0,078333
"2022-03-16 03:37:30";0,175
"2022-03-16 04:37:30";0,243333
"2022-03-16 05:37:30";0,411667
"2022-03-16 06:37:30";0,79
"2022-03-16 07:37:30";1,405833
"2022-03-16 08:37:30";1,145
"2022-03-16 09:37:30";1,825833
"2022-03-16 10:37:30";1,540833
"2022-03-16 11:37:30";1,585
"2022-03-16 12:37:30";1,094167
"2022-03-16 13:37:30";0,916667
"2022-03-16 14:37:30";1
"2022-03-16 15:37:30";0,99
"2022-03-16 16:37:30";1
"2022-03-16 17:37:30";0,9275
"2022-03-16 18:37:30";1,375
"2022-03-16 19:37:30";2,083333
"2022-03-16 20:37:30";2,5725
"2022-03-16 21:37:30";2,4175
"2022-03-16 22:37:30";1,921667
"2022-03-16 23:37:30";2,0025
"2022-03-17 00:37:30";1,495
"2022-03-17 01:37:30";1,25
"2022-03-17 02:37:30";1
"2022-03-17 04:37:30";1,418333
"2022-03-17 05:37:30";1,99
"2022-03-17 06:37:30";2,166667
"2022-03-17 07:37:30";3,125
"2022-03-17 08:37:30";3,750833
"2022-03-17 09:37:30";3,25
"2022-03-17 10:37:30";3,921667
"2022-03-17 11:37:30";3,510833
"2022-03-17 12:37:30";3
"2022-03-17 13:37:30";3,500833
"2022-03-17 14:37:30";3,5
"2022-03-17 15:37:30";3,25
"2022-03-17 16:37:30";2,898333
"2022-03-17 17:37:30";2,9875
"2022-03-17 18:37:30";4,201667
"2022-03-17 19:37:30";4,085833
"2022-03-17 20:37:30";4,3025
"2022-03-17 21:37:30";2,523333
"2022-03-17 22:37:30";1,421667
"2022-03-17 23:37:30";0,335
"2022-03-18 00:37:30";0
"2022-03-18 07:15:00";0,99999904632568
"2022-03-18 07:20:00";1
"2022-03-18 07:25:00";4,7683715820312e-7
"2022-03-18 07:30:00";0,99999904632568
"2022-03-18 07:35:00";0,0000019073486328125
"2022-03-18 07:40:00";0,99999904632568
"2022-03-18 07:45:00";1
"2022-03-18 08:05:00";0,0078125
"2022-03-18 08:10:00";0
"2022-03-18 08:15:00";0,007568359375
"2022-03-18 08:20:00";0,875
"2022-03-18 08:25:00";1
"2022-03-18 08:40:00";0,00006103515625
"2022-03-18 08:45:00";0
"2022-03-18 08:55:00";0,99996948242188
"2022-03-18 09:00:00";9,5367431640625e-7
"2022-03-18 09:05:00";0
"2022-03-18 09:10:00";0,99999904632568
"2022-03-18 09:15:00";1
"2022-03-18 09:20:00";1,99951171875
"2022-03-18 09:25:00";1,0000152587891
"2022-03-18 09:30:00";1,00048828125
"2022-03-18 09:35:00";0,99952697753906
"2022-03-18 09:40:00";1
"2022-03-18 10:15:00";1,99609375
"2022-03-18 10:20:00";1,0000019073487
"2022-03-18 10:25:00";1
"2022-03-18 10:54:14";0
"2022-03-18 10:57:07";1
"2022-03-18 11:01:10";0
"2022-03-18 11:30:50";1
"2022-03-18 11:33:44";0
"2022-03-18 15:22:26";1
"2022-03-18 15:24:33";2
"2022-03-18 15:27:27";1
"2022-03-18 15:30:32";0
"2022-03-18 15:40:21";1
"2022-03-18 15:41:19";0
"2022-03-18 15:47:17";1
"2022-03-18 15:52:06";2
"2022-03-18 15:52:18";1
"2022-03-18 16:15:59";0
"2022-03-18 16:21:00";1
"2022-03-18 16:22:55";0
"2022-03-18 16:34:52";1
"2022-03-18 16:40:51";0
"2022-03-18 16:47:47";1
"2022-03-18 16:51:38";0
"2022-03-18 17:35:21";1
"2022-03-18 17:44:13";0
"2022-03-18 18:05:02";1
"2022-03-18 18:06:57";0
"2022-03-18 18:18:54";1
"2022-03-18 18:24:52";0
"2022-03-18 18:27:46";1
"2022-03-18 18:44:31";2
"2022-03-18 18:48:34";1
"2022-03-18 18:58:23";2
"2022-03-18 19:03:24";1
"2022-03-18 19:19:58";2
"2022-03-18 19:20:10";1
"2022-03-18 19:33:04";2
"2022-03-18 19:38:05";3
"2022-03-18 19:42:07";2
"2022-03-18 20:17:47";3
"2022-03-18 20:45:20";2
"2022-03-18 20:57:16";3
"2022-03-18 21:23:52";2
"2022-03-18 21:24:03";3
"2022-03-18 22:01:35";4
"2022-03-18 22:28:45";5
"2022-03-18 22:29:19";4
"2022-03-18 22:30:28";5
"2022-03-18 22:33:22";4
"2022-03-18 22:34:19";5
"2022-03-18 23:03:13";4
"2022-03-18 23:04:11";5
"2022-03-18 23:28:51";6
"2022-03-18 23:29:49";5
"2022-03-18 23:30:46";6
"2022-03-18 23:31:56";5
"2022-03-19 00:01:24";6
"2022-03-19 00:07:34";5
"2022-03-19 00:17:23";4
"2022-03-19 00:18:21";5
"2022-03-19 00:19:18";4
"2022-03-19 00:20:28";5
"2022-03-19 00:23:21";4
"2022-03-19 00:24:19";5
"2022-03-19 00:25:16";4
"2022-03-19 00:26:14";5
"2022-03-19 00:31:15";4
"2022-03-19 00:33:10";5
"2022-03-19 00:41:15";4
"2022-03-19 00:46:04";5
"2022-03-19 00:51:05";4
"2022-03-19 00:54:21";5
"2022-03-19 00:55:07";4
"2022-03-19 00:59:56";5
"2022-03-19 01:06:17";4
"2022-03-19 01:12:51";5
"2022-03-19 01:14:46";4
"2022-03-19 01:28:39";5
"2022-03-19 01:30:46";4
"2022-03-19 01:31:44";5
"2022-03-19 01:33:40";4
"2022-03-19 02:24:08";5
"2022-03-19 02:27:12";4
"2022-03-19 02:34:09";3
"2022-03-19 02:36:04";4
"2022-03-19 03:27:30";3
"2022-03-19 04:22:04";4
"2022-03-19 04:23:02";3
"2022-03-19 05:10:27";4
"2022-03-19 05:13:32";3
"2022-03-19 05:18:21";4
"2022-03-19 05:23:22";3
"2022-03-19 05:29:20";4
"2022-03-19 05:30:18";3
"2022-03-19 05:32:25";4
"2022-03-19 05:38:11";3
"2022-03-19 06:15:23";4
"2022-03-19 06:15:58";3
"2022-03-19 06:21:46";4
"2022-03-19 06:22:43";3
"2022-03-19 06:36:36";4
"2022-03-19 06:41:37";3
"2022-03-19 06:44:42";4
"2022-03-19 06:49:31";3
"2022-03-19 06:50:29";4
"2022-03-19 07:11:17";3
"2022-03-19 07:13:24";4
"2022-03-19 07:38:03";5
"2022-03-19 07:43:04";4
"2022-03-19 07:49:02";5
"2022-03-19 07:53:04";4
"2022-03-19 07:53:50";5
"2022-03-19 07:58:51";4
"2022-03-19 08:01:56";5
"2022-03-19 08:39:30";4
"2022-03-19 08:43:21";5
"2022-03-19 08:47:24";4
"2022-03-19 09:18:02";3
"2022-03-19 09:19:12";4
"2022-03-19 09:24:01";3
"2022-03-19 09:33:04";4
"2022-03-19 09:36:56";5
"2022-03-19 09:37:53";4
"2022-03-19 10:02:46";5
"2022-03-19 10:03:43";4
"2022-03-19 10:05:39";5
"2022-03-19 10:06:37";4
"2022-03-19 10:30:30";5
"2022-03-19 10:31:28";4
"2022-03-19 10:52:18";5
"2022-03-19 10:57:18";4
"2022-03-19 11:06:10";5
"2022-03-19 11:13:06";4
"2022-03-19 11:28:55";3
"2022-03-19 11:31:48";4
"2022-03-19 11:39:42";3
"2022-03-19 11:45:40";4
"2022-03-19 11:50:40";3
"2022-03-19 11:51:38";4
"2022-03-19 11:56:39";3
"2022-03-19 11:57:37";4
"2022-03-19 12:02:36";3
"2022-03-19 12:15:42";4
"2022-03-19 12:25:21";3
"2022-03-19 12:30:10";4
"2022-03-19 12:43:05";3
"2022-03-19 13:07:56";4
"2022-03-19 13:10:50";3
"2022-03-19 13:47:27";2
"2022-03-19 13:58:26";3
"2022-03-19 14:31:11";2
"2022-03-19 14:33:07";3
"2022-03-19 14:36:00";2
"2022-03-19 14:37:10";3
"2022-03-19 14:46:59";2
"2022-03-19 14:58:32";3
"2022-03-19 14:58:55";2
"2022-03-19 15:00:51";3
"2022-03-19 15:15:40";2
"2022-03-19 15:16:38";3
"2022-03-19 15:43:25";4
"2022-03-19 15:46:18";3
"2022-03-19 16:25:24";4
"2022-03-19 16:31:57";3
"2022-03-19 16:36:57";4
"2022-03-19 16:38:53";3
"2022-03-19 16:43:54";4
"2022-03-19 16:44:52";3
"2022-03-19 16:48:43";4
"2022-03-19 16:52:47";3
"2022-03-19 17:12:37";4
"2022-03-19 17:20:31";3
"2022-03-19 17:25:31";4
"2022-03-19 17:27:27";3
"2022-03-19 17:32:28";4
"2022-03-19 17:36:19";3
"2022-03-19 17:39:24";4
"2022-03-19 17:47:06";5
"2022-03-19 17:52:07";4
"2022-03-19 17:55:12";5
"2022-03-19 18:00:47";4
"2022-03-19 18:39:41";5
"2022-03-19 18:40:39";4
"2022-03-19 18:57:12";5
"2022-03-19 18:58:33";6
"2022-03-19 18:59:31";7
"2022-03-19 19:03:22";6
"2022-03-19 19:11:16";7
"2022-03-19 19:13:24";6
"2022-03-19 19:16:17";5
"2022-03-19 19:21:18";6
"2022-03-19 19:27:17";5
"2022-03-19 19:35:10";6
"2022-03-19 19:38:04";5
"2022-03-19 19:41:08";4
"2022-03-19 19:45:00";5
"2022-03-19 20:14:41";6
"2022-03-19 20:18:43";5
"2022-03-19 20:58:25";6
"2022-03-19 20:59:23";5
"2022-03-19 21:02:16";6
"2022-03-19 21:05:21";5
"2022-03-19 21:31:57";6
"2022-03-19 21:36:46";7
"2022-03-19 21:38:54";6
"2022-03-19 22:02:46";5
"2022-03-19 22:03:44";6
"2022-03-19 22:13:33";5
"2022-03-19 22:20:30";6
"2022-03-19 22:27:26";5
"2022-03-19 22:29:33";6
"2022-03-19 22:34:23";5
"2022-03-19 23:24:51";4
"2022-03-19 23:34:54";5
"2022-03-19 23:44:42";4
"2022-03-19 23:50:40";5
"2022-03-19 23:51:38";4
"2022-03-19 23:57:59";5
"2022-03-19 23:58:34";4
"2022-03-20 00:11:28";5
"2022-03-20 00:18:24";4
"2022-03-20 00:23:24";5
"2022-03-20 00:28:14";4
"2022-03-20 00:30:21";5
"2022-03-20 00:32:16";4
"2022-03-20 00:33:14";5
"2022-03-20 00:35:10";4
"2022-03-20 00:42:06";5
"2022-03-20 00:43:15";4
"2022-03-20 00:45:45";5
"2022-03-20 00:46:08";4
"2022-03-20 00:48:04";5
"2022-03-20 01:32:45";4
"2022-03-20 01:33:43";5
"2022-03-20 01:56:26";4
"2022-03-20 01:57:24";5
"2022-03-20 02:02:24";4
"2022-03-20 02:06:15";5
"2022-03-20 02:27:04";4
"2022-03-20 02:33:59";5
"2022-03-20 02:35:09";4
"2022-03-20 02:38:02";5
"2022-03-20 02:44:58";4
"2022-03-20 02:50:57";5
"2022-03-20 02:52:52";4
"2022-03-20 02:54:48";5
"2022-03-20 03:00:46";4
"2022-03-20 03:01:44";5
"2022-03-20 03:03:52";4
"2022-03-20 03:04:49";5
"2022-03-20 03:09:39";4
"2022-03-20 03:15:14";5
"2022-03-20 03:33:31";4
"2022-03-20 03:35:27";5
"2022-03-20 03:44:19";4
"2022-03-20 03:49:19";5
"2022-03-20 04:05:07";4
"2022-03-20 04:08:12";5
"2022-03-20 04:09:10";4
"2022-03-20 04:11:06";5
"2022-03-20 04:26:53";4
"2022-03-20 04:29:58";5
"2022-03-20 04:30:56";4
"2022-03-20 04:31:54";5
"2022-03-20 04:32:52";4
"2022-03-20 04:33:50";5
"2022-03-20 04:46:44";4
"2022-03-20 04:49:49";5
"2022-03-20 04:50:47";4
"2022-03-20 06:12:03";5
"2022-03-20 06:13:58";4
"2022-03-20 06:34:47";5
"2022-03-20 06:36:43";4
"2022-03-20 06:42:42";5
"2022-03-20 06:43:40";4
"2022-03-20 06:59:27";5
"2022-03-20 07:50:06";4
"2022-03-20 08:03:58";5
"2022-03-20 08:09:46";4
"2022-03-20 08:32:40";3
"2022-03-20 08:37:30";4
"2022-03-20 08:44:26";3
"2022-03-20 08:46:32";4
"2022-03-20 08:51:44";3
"2022-03-20 09:12:10";2
"2022-03-20 09:27:58";1
"2022-03-20 09:58:48";0
"2022-03-20 10:04:46";1
"2022-03-20 10:27:31";0
"2022-03-20 10:32:20";1
"2022-03-20 10:47:22";0
"2022-03-20 10:52:10";1
"2022-03-20 10:56:14";0
"2022-03-20 11:01:03";1
"2022-03-20 11:04:07";0
"2022-03-20 11:11:04";1
"2022-03-20 11:18:00";0
"2022-03-21 11:48:48";1
"2022-03-21 12:10:35";2
"2022-03-21 12:11:33";1
"2022-03-21 12:19:27";2
"2022-03-21 12:55:18";3
"2022-03-21 12:56:15";2
"2022-03-21 13:03:12";3
"2022-03-21 13:06:05";2
"2022-03-21 13:12:03";3
"2022-03-21 13:13:59";2
"2022-03-21 13:25:33";3
"2022-03-21 13:31:55";2
"2022-03-21 13:52:43";1
"2022-03-21 13:57:32";2
"2022-03-21 14:05:38";1
"2022-03-21 14:15:27";2
"2022-03-21 14:17:00";1
"2022-03-21 14:27:12";2
"2022-03-21 14:31:15";1
"2022-03-21 15:14:48";2
"2022-03-21 15:24:03";1
"2022-03-21 15:24:37";2
"2022-03-21 15:25:46";1
"2022-03-21 15:28:40";2
"2022-03-21 15:32:43";3
"2022-03-21 15:36:11";2
"2022-03-21 15:36:34";3
"2022-03-21 15:43:30";2
"2022-03-21 15:44:28";3
"2022-03-21 15:53:19";4
"2022-03-21 15:54:29";3
"2022-03-21 16:00:27";4
"2022-03-21 16:04:18";3
"2022-03-21 16:09:19";4
"2022-03-21 16:11:37";3
"2022-03-21 16:13:10";4
"2022-03-21 16:15:17";3
"2022-03-21 16:16:15";4
"2022-03-21 16:33:00";3
"2022-03-21 16:34:09";4
"2022-03-21 16:59:59";3
"2022-03-21 17:04:48";4
"2022-03-21 17:06:55";3
"2022-03-21 17:14:49";4
"2022-03-21 17:19:50";3
"2022-03-21 17:25:37";4
"2022-03-21 17:29:40";3
"2022-03-21 17:32:45";4
"2022-03-21 17:34:41";3
"2022-03-21 17:42:34";4
"2022-03-21 17:46:25";3
"2022-03-21 17:53:33";4
"2022-03-21 17:55:29";3
"2022-03-21 18:04:21";4
"2022-03-21 18:14:22";3
"2022-03-21 18:16:18";4
"2022-03-21 18:22:16";3
"2022-03-21 18:25:09";4
"2022-03-21 18:47:54";3
"2022-03-21 18:51:57";4
"2022-03-21 19:03:53";3
"2022-03-21 19:05:49";4
"2022-03-21 19:43:34";3
"2022-03-21 19:51:29";4
"2022-03-21 19:56:18";3
"2022-03-21 20:04:12";4
"2022-03-21 20:07:17";3
"2022-03-21 20:10:10";4
"2022-03-21 20:15:11";3
"2022-03-21 20:34:04";4
"2022-03-21 20:35:59";3
"2022-03-21 21:03:44";2
"2022-03-21 21:11:37";3
"2022-03-21 21:13:44";2
"2022-03-21 21:17:36";3
"2022-03-21 21:23:34";2
"2022-03-21 21:24:32";3
"2022-03-21 21:32:25";2
"2022-03-21 21:37:26";3
"2022-03-21 21:46:18";2
"2022-03-21 21:51:18";3
"2022-03-21 22:20:58";2
"2022-03-21 22:22:54";3
"2022-03-21 22:47:45";2
"2022-03-21 22:52:45";3
"2022-03-21 23:28:34";2
"2022-03-21 23:30:18";3
"2022-03-21 23:50:20";2
"2022-03-21 23:52:04";3
"2022-03-21 23:57:05";2
"2022-03-21 23:58:02";3
"2022-03-22 00:07:40";2
"2022-03-22 00:25:46";3
"2022-03-22 00:26:44";2
"2022-03-22 00:31:45";3
"2022-03-22 00:33:41";2
"2022-03-22 00:36:46";3
"2022-03-22 00:37:44";2
"2022-03-22 00:38:42";3
"2022-03-22 00:41:47";2
"2022-03-22 00:42:33";3
"2022-03-22 00:44:40";2
"2022-03-22 00:54:30";3
"2022-03-22 00:56:25";2
"2022-03-22 01:09:20";3
"2022-03-22 01:13:58";2
"2022-03-22 01:38:02";3
"2022-03-22 01:40:09";2
"2022-03-22 06:03:34";1
"2022-03-22 06:04:43";2
"2022-03-22 07:57:36";1
"2022-03-22 08:00:29";2
"2022-03-22 08:05:30";1
"2022-03-22 08:07:26";2
"2022-03-22 08:20:21";1
"2022-03-22 08:22:17";2
"2022-03-22 08:38:04";1
"2022-03-22 09:17:45";2
"2022-03-22 09:21:47";3
"2022-03-22 09:22:45";2
"2022-03-22 09:38:34";1
"2022-03-22 09:47:25";2
"2022-03-22 10:02:16";3
"2022-03-22 10:04:23";2
"2022-03-22 10:35:02";1
"2022-03-22 10:35:59";2
"2022-03-22 10:38:52";1
"2022-03-22 10:39:50";2
"2022-03-22 10:46:46";1
"2022-03-22 10:48:53";2
"2022-03-22 11:15:51";1
"2022-03-22 11:17:35";2
"2022-03-22 12:50:38";3
"2022-03-22 12:57:35";2
"2022-03-22 12:59:31";3
"2022-03-22 13:23:24";2
"2022-03-22 13:27:16";3
"2022-03-22 13:34:12";2
"2022-03-22 13:42:06";3
"2022-03-22 13:55:01";2
"2022-03-22 14:00:01";3
"2022-03-22 14:12:56";2
"2022-03-22 14:35:40";3
"2022-03-22 14:39:19";2
"2022-03-22 14:49:32";3
"2022-03-22 14:55:31";2
"2022-03-22 15:04:23";3
"2022-03-22 15:09:24";2
"2022-03-22 15:47:56";3
"2022-03-22 15:48:54";2
"2022-03-22 15:55:50";3
"2022-03-22 15:57:57";2
"2022-03-22 16:02:46";3
"2022-03-22 16:05:51";2
"2022-03-22 16:10:51";3
"2022-03-22 16:14:42";2
"2022-03-22 16:18:34";3
"2022-03-22 16:44:23";2
"2022-03-22 16:48:27";3
"2022-03-22 16:53:15";2
"2022-03-22 17:01:09";3
"2022-03-22 17:02:19";2
"2022-03-22 17:03:16";3
"2022-03-22 17:05:12";2
"2022-03-22 17:10:12";3
"2022-03-22 17:21:58";2
"2022-03-22 17:28:54";3
"2022-03-22 17:35:51";2
"2022-03-22 17:38:56";3
"2022-03-22 17:42:47";4
"2022-03-22 17:43:45";3
"2022-03-22 18:49:14";2
"2022-03-22 18:50:11";3
"2022-03-22 19:04:03";4
"2022-03-22 19:05:01";3
"2022-03-22 19:14:52";4
"2022-03-22 19:19:52";3
"2022-03-22 19:31:49";4
"2022-03-22 19:37:48";3
"2022-03-22 19:45:41";4
"2022-03-22 19:46:39";3
"2022-03-22 19:48:11";4
"2022-03-22 19:55:31";3
"2022-03-22 19:58:36";4
"2022-03-22 19:59:34";3
"2022-03-22 20:00:55";4
"2022-03-22 20:01:30";3
"2022-03-22 20:10:21";4
"2022-03-22 20:12:29";3
"2022-03-22 21:02:00";2
"2022-03-22 21:03:55";3
"2022-03-22 21:21:49";2
"2022-03-22 21:25:40";3
"2022-03-22 21:56:19";4
"2022-03-22 21:59:24";3
"2022-03-22 22:56:49";2
"2022-03-22 23:01:49";3
"2022-03-22 23:09:44";2
"2022-03-22 23:11:39";3
"2022-03-23 00:27:57";4
"2022-03-23 00:34:54";3
"2022-03-23 00:46:40";4
"2022-03-23 01:10:33";3
"2022-03-23 02:10:03";2
"2022-03-23 02:11:01";3
"2022-03-23 02:18:20";2
"2022-03-23 02:30:52";3
"2022-03-23 02:42:37";2
"2022-03-23 02:50:31";3
"2022-03-23 02:55:31";2
"2022-03-23 03:00:32";3
"2022-03-23 03:02:28";2
"2022-03-23 03:36:11";3
"2022-03-23 03:37:09";2
"2022-03-23 03:55:04";3
"2022-03-23 03:56:02";2
"2022-03-23 03:59:54";3
"2022-03-23 04:03:56";2
"2022-03-23 05:26:13";3
"2022-03-23 05:35:06";2
"2022-03-23 05:43:00";3
"2022-03-23 05:46:05";2
"2022-03-23 05:58:02";3
"2022-03-23 05:59:57";2
"2022-03-23 06:07:51";3
"2022-03-23 06:08:49";2
"2022-03-23 06:09:47";3
"2022-03-23 06:11:54";2
"2022-03-23 06:36:33";3
"2022-03-23 06:41:34";2
"2022-03-23 06:50:37";3
"2022-03-23 06:55:03";2
"2022-03-23 07:00:26";3
"2022-03-23 07:03:31";2
"2022-03-23 07:08:20";3
"2022-03-23 07:09:18";2
"2022-03-23 07:14:18";3
"2022-03-23 08:30:36";2
"2022-03-23 08:34:40";3
"2022-03-23 08:39:40";2
"2022-03-23 08:48:31";3
"2022-03-23 08:51:25";2
"2022-03-23 08:53:32";3
"2022-03-23 08:58:21";2
"2022-03-23 09:10:17";3
"2022-03-23 09:40:54";4
"2022-03-23 09:45:54";3
"2022-03-23 09:49:00";4
"2022-03-23 09:53:49";3
"2022-03-23 10:07:41";2
"2022-03-23 10:14:37";3
"2022-03-23 10:17:42";2
"2022-03-23 10:18:40";3
"2022-03-23 10:19:37";2
"2022-03-23 10:38:31";3
"2022-03-23 10:44:17";2
"2022-03-23 12:00:34";3
"2022-03-23 12:01:43";2
"2022-03-23 13:07:59";1
"2022-03-23 13:09:54";2
"2022-03-23 13:13:58";3
"2022-03-23 13:15:53";4
"2022-03-23 13:18:58";5
"2022-03-23 13:19:56";4
"2022-03-23 13:20:54";3
"2022-03-23 13:22:50";4
"2022-03-23 13:25:55";3
"2022-03-23 13:50:46";2
"2022-03-23 13:57:31";3
"2022-03-23 13:59:38";2
"2022-03-23 14:20:27";3
"2022-03-23 14:25:16";2
"2022-03-23 15:27:41";3
"2022-03-23 15:29:49";2
"2022-03-23 16:57:51";1
"2022-03-23 16:58:49";2
"2022-03-23 17:11:44";1
"2022-03-23 17:14:49";2
"2022-03-23 17:32:32";1
"2022-03-23 17:35:37";2
"2022-03-23 17:55:16";1
"2022-03-23 18:00:15";2
"2022-03-23 18:08:09";1
"2022-03-23 18:14:07";2
"2022-03-23 18:46:52";3
"2022-03-23 18:54:45";2
"2022-03-23 18:59:46";3
"2022-03-23 19:03:37";4
"2022-03-23 19:04:47";3
"2022-03-23 19:06:42";4
"2022-03-23 19:11:43";3
"2022-03-23 19:22:31";2
"2022-03-23 19:24:38";3
"2022-03-23 19:53:20";4
"2022-03-23 19:54:18";3
"2022-03-23 20:23:00";2
"2022-03-23 20:26:51";3
"2022-03-23 20:54:36";4
"2022-03-23 20:56:44";3
"2022-03-23 20:58:27";4
"2022-03-23 21:02:31";3
"2022-03-23 21:06:33";4
"2022-03-23 21:07:31";3
"2022-03-23 21:23:20";4
"2022-03-23 21:25:27";3
"2022-03-23 21:34:54";4
"2022-03-23 21:35:17";3
"2022-03-23 21:36:15";4
"2022-03-23 21:42:13";3
"2022-03-23 21:48:12";4
"2022-03-23 21:53:01";3
"2022-03-23 22:04:00";4
"2022-03-23 22:09:01";3
"2022-03-23 22:20:46";4
"2022-03-23 22:22:53";3
"2022-03-23 22:54:27";4
"2022-03-23 22:55:25";3
"2022-03-24 00:23:42";4
"2022-03-24 00:24:39";3
"2022-03-24 00:25:37";4
"2022-03-24 00:26:46";3
"2022-03-24 01:23:13";4
"2022-03-24 01:25:09";3
"2022-03-24 01:29:00";2
"2022-03-24 01:31:08";3
"2022-03-24 01:34:59";4
"2022-03-24 01:37:06";3
"2022-03-24 01:41:55";4
"2022-03-24 01:44:02";3
"2022-03-24 01:48:51";4
"2022-03-24 01:51:56";3
"2022-03-24 02:06:47";4
"2022-03-24 02:35:41";3
"2022-03-24 02:41:27";4
"2022-03-24 02:47:25";3
"2022-03-24 03:02:16";4
"2022-03-24 03:03:13";3
"2022-03-24 03:08:14";4
"2022-03-24 03:12:05";3
"2022-03-24 03:24:59";4
"2022-03-24 03:30:58";3
"2022-03-24 03:32:53";4
"2022-03-24 03:33:51";3
"2022-03-24 03:34:49";4
"2022-03-24 03:43:40";3
"2022-03-24 03:49:51";4
"2022-03-24 03:56:35";3
"2022-03-24 04:03:43";4
"2022-03-24 04:08:32";3
"2022-03-24 04:16:37";4
"2022-03-24 04:20:28";3
"2022-03-24 04:24:20";4
"2022-03-24 04:26:27";3
"2022-03-24 04:39:21";4
"2022-03-24 04:40:19";3
"2022-03-24 04:41:16";4
"2022-03-24 04:44:10";3
"2022-03-24 05:04:59";4
"2022-03-24 05:09:59";3
"2022-03-24 05:26:56";4
"2022-03-24 05:33:52";3
"2022-03-24 05:41:46";4
"2022-03-24 05:43:42";3
"2022-03-24 06:02:35";4
"2022-03-24 06:04:31";3
"2022-03-24 06:15:30";4
"2022-03-24 06:27:39";3
"2022-03-24 07:05:59";4
"2022-03-24 07:10:59";3
"2022-03-24 07:11:57";4
"2022-03-24 07:17:55";3
"2022-03-24 07:21:58";4
"2022-03-24 07:50:40";3
"2022-03-24 07:56:04";4
"2022-03-24 08:17:28";3
"2022-03-24 08:21:19";4
"2022-03-24 08:26:20";3
"2022-03-24 08:28:16";4
"2022-03-24 08:42:08";3
"2022-03-24 08:43:06";4
"2022-03-24 08:48:07";3
"2022-03-24 09:02:56";4
"2022-03-24 09:08:54";3
"2022-03-24 09:24:54";4
"2022-03-24 09:26:50";3
"2022-03-24 09:45:44";2
"2022-03-24 09:50:43";3
"2022-03-24 09:52:39";2
"2022-03-24 09:53:48";3
"2022-03-24 09:55:44";2
"2022-03-24 09:56:42";3
"2022-03-24 10:24:26";2
"2022-03-24 10:28:29";3
"2022-03-24 10:33:18";4
"2022-03-24 10:36:23";5
"2022-03-24 10:39:17";4
"2022-03-24 10:43:20";3
"2022-03-24 11:06:03";2
"2022-03-24 11:12:59";3
"2022-03-24 11:13:57";2
"2022-03-24 11:16:04";3
"2022-03-24 11:17:01";2
"2022-03-24 12:31:11";1
"2022-03-24 12:39:05";2
"2022-03-24 12:40:14";1
"2022-03-24 12:45:04";2
"2022-03-24 12:48:55";1
"2022-03-24 12:57:58";2
"2022-03-24 13:01:03";1
"2022-03-24 16:03:30";2
"2022-03-24 16:07:22";1
"2022-03-24 16:16:14";2
"2022-03-24 16:32:02";1
"2022-03-24 16:34:09";2
"2022-03-24 17:36:23";3
"2022-03-24 17:41:23";2
"2022-03-24 18:03:20";3
"2022-03-24 18:10:05";2
"2022-03-24 18:44:46";3
"2022-03-24 18:47:39";2
"2022-03-24 18:56:42";3
"2022-03-24 19:01:43";2
"2022-03-24 19:06:43";3
"2022-03-24 19:13:39";2
"2022-03-24 19:36:24";3
"2022-03-24 19:40:27";2
"2022-03-24 19:45:16";3
"2022-03-24 19:49:19";2
"2022-03-24 19:52:13";3
"2022-03-24 19:59:09";2
"2022-03-24 20:00:18";3
"2022-03-24 20:03:11";2
"2022-03-24 20:16:06";3
"2022-03-24 20:27:51";2
"2022-03-24 20:32:52";3
"2022-03-24 20:56:34";2
"2022-03-24 20:57:43";3
"2022-03-24 21:05:38";4
"2022-03-24 21:09:30";3
"2022-03-24 21:16:25";4
"2022-03-24 21:20:28";3
"2022-03-24 21:24:20";4
"2022-03-24 21:25:29";3
"2022-03-24 21:27:25";4
"2022-03-24 21:28:22";3
"2022-03-24 21:53:14";4
"2022-03-24 21:56:08";3
"2022-03-24 22:11:56";2
"2022-03-24 22:14:03";3
"2022-03-24 22:44:41";2
"2022-03-24 22:46:36";3
"2022-03-24 23:29:21";4
"2022-03-24 23:35:08";3
"2022-03-24 23:49:11";4
"2022-03-24 23:50:09";3
"2022-03-24 23:59:12";4
"2022-03-25 00:03:03";3
"2022-03-25 00:09:59";4
"2022-03-25 00:11:20";3
"2022-03-25 00:13:04";4
"2022-03-25 00:14:02";3
"2022-03-25 01:23:24";4
"2022-03-25 01:25:31";3
"2022-03-25 01:35:21";4
"2022-03-25 01:36:19";3
"2022-03-25 02:58:35";4
"2022-03-25 03:01:40";3
"2022-03-25 03:26:32";4
"2022-03-25 03:27:30";3
"2022-03-25 03:37:19";4
"2022-03-25 03:43:17";3
"2022-03-25 03:54:16";4
"2022-03-25 03:57:09";3
"2022-03-25 04:04:06";4
"2022-03-25 04:05:04";3
"2022-03-25 04:48:37";4
"2022-03-25 04:55:34";5
"2022-03-25 04:56:32";4
"2022-03-25 05:04:26";3
"2022-03-25 05:05:35";4
"2022-03-25 05:12:31";3
"2022-03-25 05:17:21";4
"2022-03-25 05:20:14";3
"2022-03-25 05:21:24";4
"2022-03-25 05:22:22";3
"2022-03-25 05:30:16";4
"2022-03-25 05:32:12";3
"2022-03-25 05:37:12";4
"2022-03-25 05:43:10";3
"2022-03-25 06:40:36";4
"2022-03-25 06:41:34";3
"2022-03-25 06:42:32";4
"2022-03-25 06:43:30";3
"2022-03-25 06:45:37";4
"2022-03-25 06:48:30";3
"2022-03-25 06:55:26";4
"2022-03-25 07:01:24";3
"2022-03-25 07:07:22";4
"2022-03-25 07:17:35";3
"2022-03-25 08:36:36";2
"2022-03-25 08:37:34";3
"2022-03-25 08:41:37";2
"2022-03-25 08:44:30";3
"2022-03-25 08:57:14";2
"2022-03-25 09:05:19";3
"2022-03-25 09:21:20";2
"2022-03-25 09:23:15";3
"2022-03-25 09:47:07";2
"2022-03-25 09:49:03";3
"2022-03-25 10:00:59";2
"2022-03-25 10:04:03";3
"2022-03-25 10:10:01";2
"2022-03-25 10:10:59";3
"2022-03-25 10:22:45";2
"2022-03-25 10:29:40";3
"2022-03-25 10:32:45";2
"2022-03-25 10:37:46";3
"2022-03-25 10:40:39";2
"2022-03-25 10:43:32";3
"2022-03-25 10:49:31";2
"2022-03-25 10:54:31";3
"2022-03-25 10:57:25";2
"2022-03-25 10:58:23";3
"2022-03-25 10:59:32";2
"2022-03-25 11:03:24";3
"2022-03-25 11:24:12";2
"2022-03-25 11:30:11";3
"2022-03-25 11:34:02";2
"2022-03-25 11:43:05";3
"2022-03-25 11:45:01";2
"2022-03-25 12:18:44";1
"2022-03-25 12:19:42";2
"2022-03-25 12:24:31";1
"2022-03-25 12:31:39";2
"2022-03-25 12:40:19";1
"2022-03-25 13:10:00";0
"2022-03-25 13:12:08";1
"2022-03-25 15:31:35";0
"2022-03-25 15:36:36";1
"2022-03-25 15:47:35";0
"2022-03-25 15:53:22";1
"2022-03-25 15:54:31";0
"2022-03-25 15:59:21";1
"2022-03-25 16:05:19";0
"2022-03-25 16:10:43";1
"2022-03-25 16:18:14";0
"2022-03-25 16:20:09";1
"2022-03-25 16:49:50";0
"2022-03-25 16:50:48";1
"2022-03-25 17:15:40";0
"2022-03-25 17:17:35";1
"2022-03-25 18:20:58";2
"2022-03-25 18:24:04";1
"2022-03-25 18:25:01";2
"2022-03-25 18:25:59";1
"2022-03-25 18:27:55";2
"2022-03-25 18:54:41";3
"2022-03-25 19:02:36";2
"2022-03-25 19:04:43";3
"2022-03-25 19:23:24";4
"2022-03-25 19:52:06";5
"2022-03-25 19:54:13";6
"2022-03-25 20:10:01";7
"2022-03-25 20:24:50";8
"2022-03-25 20:25:48";7
"2022-03-25 20:28:53";8
"2022-03-25 20:34:52";9
"2022-03-25 20:36:47";10
"2022-03-25 20:37:45";11
"2022-03-25 20:38:43";12
"2022-03-25 20:43:43";13
"2022-03-25 20:44:41";14
"2022-03-25 20:47:35";15
"2022-03-25 20:54:31";14
"2022-03-25 20:59:32";13
"2022-03-25 21:03:23";12
"2022-03-25 21:12:27";13
"2022-03-25 21:15:20";14
"2022-03-25 21:16:18";15
"2022-03-25 21:17:16";16
"2022-03-25 21:18:14";18
"2022-03-25 21:19:23";19
"2022-03-25 21:20:21";21
"2022-03-25 21:21:19";22
"2022-03-25 21:22:17";23
"2022-03-25 21:23:14";24
"2022-03-25 21:27:17";23
"2022-03-25 21:28:15";22
"2022-03-25 21:29:13";21
"2022-03-25 21:31:09";20
"2022-03-25 21:33:16";19
"2022-03-25 21:35:11";18
"2022-03-25 21:41:09";19
"2022-03-25 21:45:59";18
"2022-03-25 21:50:02";19
"2022-03-25 21:56:00";20
"2022-03-25 21:56:58";21
"2022-03-25 21:58:54";22
"2022-03-25 21:59:52";23
"2022-03-25 22:01:48";24
"2022-03-25 22:03:20";25
"2022-03-25 22:03:55";26
"2022-03-25 22:09:53";25
"2022-03-25 22:11:02";24
"2022-03-25 22:12:46";23
"2022-03-25 22:13:44";22
"2022-03-25 22:14:42";21
"2022-03-25 22:15:51";20
"2022-03-25 22:17:47";19
"2022-03-25 22:19:42";18
"2022-03-25 22:22:48";17
"2022-03-25 22:24:43";16
"2022-03-25 22:25:41";15
"2022-03-25 22:28:35";14
"2022-03-25 22:30:41";13
"2022-03-25 22:34:33";12
"2022-03-25 22:36:40";11
"2022-03-25 22:38:35";10
"2022-03-25 22:45:32";9
"2022-03-25 22:59:01";8
"2022-03-25 23:03:16";9
"2022-03-25 23:05:23";8
"2022-03-25 23:15:13";7
"2022-03-25 23:28:08";6
"2022-03-25 23:31:13";7
"2022-03-25 23:35:04";6
"2022-03-25 23:40:05";7
"2022-03-25 23:47:01";6
"2022-03-26 00:23:48";5
"2022-03-26 00:27:40";6
"2022-03-26 00:32:40";5
"2022-03-26 00:35:34";6
"2022-03-26 00:39:37";5
"2022-03-26 00:57:32";6
"2022-03-26 01:03:19";5
"2022-03-26 01:14:18";6
"2022-03-26 01:16:13";5
"2022-03-26 01:52:39";4
"2022-03-26 01:53:59";5
"2022-03-26 01:55:56";4
"2022-03-26 02:00:56";5
"2022-03-26 02:08:39";4
"2022-03-26 02:18:39";5
"2022-03-26 02:32:32";4
"2022-03-26 02:34:28";5
"2022-03-26 02:35:25";4
"2022-03-26 02:37:21";5
"2022-03-26 02:42:21";4
"2022-03-26 02:50:27";5
"2022-03-26 02:54:18";4
"2022-03-26 03:09:08";5
"2022-03-26 03:14:09";4
"2022-03-26 03:54:59";5
"2022-03-26 03:55:45";4
"2022-03-26 04:53:56";3
"2022-03-26 04:54:19";4
"2022-03-26 05:00:17";3
"2022-03-26 05:01:26";4
"2022-03-26 05:09:09";3
"2022-03-26 05:12:02";4
"2022-03-26 05:37:51";3
"2022-03-26 05:39:00";4
"2022-03-26 05:41:54";3
"2022-03-26 05:47:53";4
"2022-03-26 05:49:48";3
"2022-03-26 06:15:47";4
"2022-03-26 06:20:36";3
"2022-03-26 06:34:28";4
"2022-03-26 06:36:35";3
"2022-03-26 06:41:36";4
"2022-03-26 06:45:27";3
"2022-03-26 06:54:31";4
"2022-03-26 06:55:28";3
"2022-03-26 07:18:13";4
"2022-03-26 07:37:06";3
"2022-03-26 07:42:29";4
"2022-03-26 07:54:03";3
"2022-03-26 07:55:01";4
"2022-03-26 08:00:01";3
"2022-03-26 08:01:57";4
"2022-03-26 08:12:32";3
"2022-03-26 08:21:48";4
"2022-03-26 08:22:45";3
"2022-03-26 08:32:35";4
"2022-03-26 08:33:33";3
"2022-03-26 10:33:34";2
"2022-03-26 10:35:30";3
"2022-03-26 10:39:33";2
"2022-03-26 11:06:19";1
"2022-03-26 11:11:20";2
"2022-03-26 11:17:53";1
"2022-03-26 11:43:07";2
"2022-03-26 11:46:00";1
"2022-03-26 12:27:24";2
"2022-03-26 12:28:45";1
"2022-03-26 12:33:34";2
"2022-03-26 12:35:41";1
"2022-03-26 12:41:40";2
"2022-03-26 12:42:26";1
"2022-03-26 12:50:32";2
"2022-03-26 12:54:23";1
"2022-03-26 13:31:10";2
"2022-03-26 13:34:03";1
"2022-03-26 13:50:03";2
"2022-03-26 13:54:29";1
"2022-03-26 13:57:57";2
"2022-03-26 14:14:42";1
"2022-03-26 14:19:43";2
"2022-03-26 14:21:38";1
"2022-03-26 14:23:34";2
"2022-03-26 14:39:33";1
"2022-03-26 14:44:22";2
"2022-03-26 14:54:22";1
"2022-03-26 14:59:11";2
"2022-03-26 15:12:05";1
"2022-03-26 15:16:08";2
"2022-03-26 15:20:11";1
"2022-03-26 15:43:52";2
"2022-03-26 15:45:48";1
"2022-03-26 15:50:48";2
"2022-03-26 15:55:49";1
"2022-03-26 16:10:39";2
"2022-03-26 16:14:30";1
"2022-03-26 16:24:19";2
"2022-03-26 16:25:29";1
"2022-03-26 16:30:29";2
"2022-03-26 16:58:02";3
"2022-03-26 17:06:07";2
"2022-03-26 17:14:01";3
"2022-03-26 17:32:54";4
"2022-03-26 17:34:49";3
"2022-03-26 17:42:43";4
"2022-03-26 17:47:43";3
"2022-03-26 17:52:32";4
"2022-03-26 17:54:39";3
"2022-03-26 17:57:33";4
"2022-03-26 18:02:34";3
"2022-03-26 18:04:29";4
"2022-03-26 18:36:17";3
"2022-03-26 18:37:15";4
"2022-03-26 19:51:26";3
"2022-03-26 19:52:35";4
"2022-03-26 19:56:50";5
"2022-03-26 19:58:33";6
"2022-03-26 20:00:18";7
"2022-03-26 20:01:27";8
"2022-03-26 20:03:23";9
"2022-03-26 20:12:14";10
"2022-03-26 20:15:18";12
"2022-03-26 20:16:16";13
"2022-03-26 20:17:14";14
"2022-03-26 20:21:17";13
"2022-03-26 20:22:14";12
"2022-03-26 20:24:10";11
"2022-03-26 20:27:15";10
"2022-03-26 20:30:09";9
"2022-03-26 20:32:27";10
"2022-03-26 20:33:02";9
"2022-03-26 20:37:05";8
"2022-03-26 20:41:08";7
"2022-03-26 20:42:05";8
"2022-03-26 20:43:03";7
"2022-03-26 20:48:16";6
"2022-03-26 20:50:00";7
"2022-03-26 20:59:50";8
"2022-03-26 21:01:57";9
"2022-03-26 21:02:55";10
"2022-03-26 21:05:48";11
"2022-03-26 21:07:55";10
"2022-03-26 21:13:19";9
"2022-03-26 21:22:45";8
"2022-03-26 21:27:45";7
"2022-03-26 21:37:34";6
"2022-03-26 22:09:10";5
"2022-03-26 22:11:17";6
"2022-03-26 22:12:15";5
"2022-03-26 22:14:11";6
"2022-03-26 22:17:16";5
"2022-03-26 22:18:14";6
"2022-03-26 22:25:10";5
"2022-03-26 22:31:08";6
"2022-03-26 22:41:55";5
"2022-03-26 22:42:07";6
"2022-03-26 22:45:00";5
"2022-03-26 22:45:58";6
"2022-03-26 22:47:07";5
"2022-03-26 22:48:05";6
"2022-03-26 22:56:56";5
"2022-03-26 23:01:57";6
"2022-03-26 23:05:48";5
"2022-03-26 23:07:56";6
"2022-03-26 23:10:49";7
"2022-03-26 23:13:54";6
"2022-03-26 23:32:46";5
"2022-03-26 23:35:39";6
"2022-03-26 23:39:42";5
"2022-03-26 23:47:36";6
"2022-03-26 23:48:34";5
"2022-03-27 00:01:29";4
"2022-03-27 00:09:22";5
"2022-03-27 00:21:19";4
"2022-03-27 00:51:00";3
"2022-03-27 00:51:58";4
"2022-03-27 01:15:49";3
"2022-03-27 01:17:45";4
"2022-03-27 01:20:15";3
"2022-03-27 01:20:50";4
"2022-03-27 01:22:45";3
"2022-03-27 01:24:41";4
"2022-03-27 01:38:57";3
"2022-03-27 01:47:37";4
"2022-03-27 01:58:24";3
"2022-03-27 03:00:32";4
"2022-03-27 03:05:32";3
"2022-03-27 03:06:30";4
"2022-03-27 03:18:27";5
"2022-03-27 03:20:23";4
"2022-03-27 03:31:10";3
"2022-03-27 03:34:15";4
"2022-03-27 03:48:07";3
"2022-03-27 03:49:05";4
"2022-03-27 03:54:06";3
"2022-03-27 04:01:02";4
"2022-03-27 04:02:00";3
"2022-03-27 04:13:57";4
"2022-03-27 04:18:57";3
"2022-03-27 04:19:55";4
"2022-03-27 04:28:47";3
"2022-03-27 05:38:22";2
"2022-03-27 05:43:11";3
"2022-03-27 05:50:07";2
"2022-03-27 05:51:05";3
"2022-03-27 06:11:52";2
"2022-03-27 06:14:57";3
"2022-03-27 06:17:51";2
"2022-03-27 06:23:49";3
"2022-03-27 06:38:38";2
"2022-03-27 06:43:38";3
"2022-03-27 06:45:34";2
"2022-03-27 06:50:35";3
"2022-03-27 07:03:29";2
"2022-03-27 07:04:27";3
"2022-03-27 08:19:59";4
"2022-03-27 08:29:48";3
"2022-03-27 08:30:46";4
"2022-03-27 08:31:44";3
"2022-03-27 08:39:38";4
"2022-03-27 08:46:45";3
"2022-03-27 09:11:25";4
"2022-03-27 09:12:34";3
"2022-03-27 09:27:26";4
"2022-03-27 09:30:19";3
"2022-03-27 09:53:14";4
"2022-03-27 09:57:05";3
"2022-03-27 10:08:04";4
"2022-03-27 10:09:02";3
"2022-03-27 10:19:14";2
"2022-03-27 10:23:28";3
"2022-03-27 10:51:36";2
"2022-03-27 10:56:36";3
"2022-03-27 11:41:19";2
"2022-03-27 11:46:09";3
"2022-03-27 11:57:08";2
"2022-03-27 11:58:05";3
"2022-03-27 12:05:59";2
"2022-03-27 12:19:52";3
"2022-03-27 12:24:52";2
"2022-03-27 12:33:44";3
"2022-03-27 12:38:46";2
"2022-03-27 12:57:28";1
"2022-03-27 12:58:26";2
"2022-03-27 13:04:24";1
"2022-03-27 13:18:16";2
"2022-03-27 13:19:14";1
"2022-03-27 13:47:56";0
"2022-03-27 13:52:57";1
"2022-03-27 13:53:55";0
"2022-03-27 13:54:53";1
"2022-03-27 13:57:58";0
"2022-03-27 13:58:56";1
"2022-03-27 13:59:53";0
"2022-03-27 14:05:52";1
"2022-03-27 14:23:36";0
"2022-03-27 14:24:33";1
"2022-03-27 14:27:39";0
"2022-03-27 14:32:27";1
"2022-03-27 15:13:05";0
"2022-03-27 15:14:15";1
"2022-03-27 15:50:51";2
"2022-03-27 15:51:49";1
"2022-03-27 17:01:12";2
"2022-03-27 17:04:05";1
"2022-03-27 17:11:58";2
"2022-03-27 17:32:23";1
"2022-03-27 17:39:43";2
"2022-03-27 17:41:50";1
"2022-03-27 18:57:09";2
"2022-03-27 19:00:02";3
"2022-03-27 19:01:58";2
"2022-03-27 20:11:21";1
"2022-03-27 20:18:17";2
"2022-03-27 20:22:08";1
"2022-03-27 20:27:09";2
"2022-03-27 20:41:58";1
"2022-03-27 20:42:57";2
"2022-03-27 20:53:56";1
"2022-03-27 20:54:54";2
"2022-03-27 20:56:50";1
"2022-03-27 21:04:44";2
"2022-03-27 21:10:42";1
"2022-03-27 21:12:38";2
"2022-03-27 21:13:47";1
"2022-03-27 21:14:44";2
"2022-03-27 21:29:34";1
"2022-03-27 21:36:07";2
"2022-03-27 21:58:17";1
"2022-03-27 22:02:08";2
"2022-03-27 22:57:39";3
"2022-03-27 23:01:42";2
"2022-03-27 23:29:26";3
"2022-03-27 23:30:24";2
"2022-03-27 23:35:25";3
"2022-03-27 23:36:23";2
"2022-03-27 23:42:21";3
"2022-03-27 23:43:19";2
"2022-03-27 23:58:09";3
"2022-03-28 00:03:09";2
"2022-03-28 00:33:48";3
"2022-03-28 00:36:41";2
"2022-03-28 01:13:29";3
"2022-03-28 01:15:25";2
"2022-03-28 01:25:15";3
"2022-03-28 01:29:18";2
"2022-03-28 01:36:15";3
"2022-03-28 01:37:12";2
"2022-03-28 01:53:58";3
"2022-03-28 01:57:03";2
"2022-03-28 02:09:00";3
"2022-03-28 02:11:07";2
"2022-03-28 02:25:46";3
"2022-03-28 02:30:46";2
"2022-03-28 02:39:38";3
"2022-03-28 02:40:36";2
"2022-03-28 03:05:26";3
"2022-03-28 03:10:27";2
"2022-03-28 03:16:14";3
"2022-03-28 03:34:10";2
"2022-03-28 03:42:03";3
"2022-03-28 03:43:59";2
"2022-03-28 03:54:00";3
"2022-03-28 03:59:01";2
"2022-03-28 04:03:50";3
"2022-03-28 04:26:34";2
"2022-03-28 04:30:37";3
"2022-03-28 04:33:31";2
"2022-03-28 04:34:40";3
"2022-03-28 04:35:38";2
"2022-03-28 04:38:31";3
"2022-03-28 04:39:29";2
"2022-03-28 04:40:27";3
"2022-03-28 04:46:25";2
"2022-03-28 04:47:23";3
"2022-03-28 04:53:21";2
"2022-03-28 05:01:15";3
"2022-03-28 05:09:10";2
"2022-03-28 05:23:02";3
"2022-03-28 05:25:09";2
"2022-03-28 05:39:59";3
"2022-03-28 05:40:56";2
"2022-03-28 05:45:45";3
"2022-03-28 05:50:23";2
"2022-03-28 05:55:47";3
"2022-03-28 05:57:42";2
"2022-03-28 06:12:33";3
"2022-03-28 06:26:26";2
"2022-03-28 06:27:24";3
"2022-03-28 06:36:39";2
"2022-03-28 06:41:17";3
"2022-03-28 07:11:55";2
"2022-03-28 07:13:51";3
"2022-03-28 07:28:53";6
"2022-03-28 07:31:46";7
"2022-03-28 07:33:54";6
"2022-03-28 07:35:49";3
"2022-03-28 07:40:50";4
"2022-03-28 07:56:38";3
"2022-03-28 07:59:31";4
"2022-03-28 08:04:32";3
"2022-03-28 08:32:18";4
"2022-03-28 08:34:25";3
"2022-03-28 08:35:11";4
"2022-03-28 08:41:09";3
"2022-03-28 08:47:08";4
"2022-03-28 08:48:05";3
"2022-03-28 08:59:05";4
"2022-03-28 09:00:03";3
"2022-03-28 09:07:57";4
"2022-03-28 09:13:55";3
"2022-03-28 09:34:43";4
"2022-03-28 09:38:34";3
"2022-03-28 09:43:35";4
"2022-03-28 09:49:33";3
"2022-03-28 09:51:29";4
"2022-03-28 11:28:10";5
"2022-03-28 11:32:25";4
"2022-03-28 11:43:24";5
"2022-03-28 11:49:22";4
"2022-03-28 12:23:05";5
"2022-03-28 12:25:01";4
"2022-03-28 12:42:45";5
"2022-03-28 12:49:41";4
"2022-03-28 13:52:07";5
"2022-03-28 13:53:17";4
"2022-03-28 14:35:52";3
"2022-03-28 14:37:48";4
"2022-03-28 14:46:39";3
"2022-03-28 14:47:37";4
"2022-03-28 14:48:35";3
"2022-03-28 14:50:30";4
"2022-03-28 14:56:40";3
"2022-03-28 15:01:29";4
"2022-03-28 15:05:31";3
"2022-03-28 15:07:27";4
"2022-03-28 15:13:25";3
"2022-03-28 15:20:21";4
"2022-03-28 15:21:42";3
"2022-03-28 15:36:08";4
"2022-03-28 15:43:05";3
"2022-03-28 15:50:00";4
"2022-03-28 15:50:58";3
"2022-03-28 16:12:55";4
"2022-03-28 16:15:49";3
"2022-03-28 16:20:49";4
"2022-03-28 16:28:43";3
"2022-03-28 16:45:29";4
"2022-03-28 16:46:26";3
"2022-03-28 16:57:13";4
"2022-03-28 16:57:25";3
"2022-03-28 17:35:00";4
"2022-03-28 17:39:02";3
"2022-03-28 17:56:47";4
"2022-03-28 17:57:44";3
"2022-03-28 18:21:36";4
"2022-03-28 18:28:33";3
"2022-03-28 18:29:42";4
"2022-03-28 19:09:24";5
"2022-03-28 19:12:17";4
"2022-03-28 19:30:13";5
"2022-03-28 19:35:13";4
"2022-03-28 19:50:04";5
"2022-03-28 19:51:59";4
"2022-03-28 20:03:55";3
"2022-03-28 20:06:49";4
"2022-03-28 20:11:49";3
"2022-03-28 20:14:54";4
"2022-03-28 20:16:49";3
"2022-03-28 20:25:41";4
"2022-03-28 20:26:51";3
"2022-03-28 20:31:40";4
"2022-03-28 20:36:41";3
"2022-03-28 21:21:11";4
"2022-03-28 21:28:18";3
"2022-03-28 21:30:14";4
"2022-03-28 21:35:14";3
"2022-03-28 21:45:02";4
"2022-03-28 21:55:03";3
"2022-03-28 22:05:49";4
"2022-03-28 22:08:54";3
"2022-03-28 22:22:47";4
"2022-03-28 22:35:41";3
"2022-03-28 22:37:37";4
"2022-03-28 22:44:33";3
"2022-03-28 22:55:10";4
"2022-03-28 22:55:33";3
"2022-03-28 23:00:33";4
"2022-03-28 23:02:52";3
"2022-03-28 23:14:26";4
"2022-03-28 23:18:17";3
"2022-03-28 23:20:24";4
"2022-03-28 23:55:16";5
"2022-03-29 00:02:01";4
"2022-03-29 00:02:59";5
"2022-03-29 00:05:53";4
"2022-03-29 00:07:37";5
"2022-03-29 00:11:51";4
"2022-03-29 00:35:32";3
"2022-03-29 00:37:39";4
"2022-03-29 00:38:38";3
"2022-03-29 00:39:35";4
"2022-03-29 00:45:34";3
"2022-03-29 00:46:32";4
"2022-03-29 00:50:34";3
"2022-03-29 01:08:19";4
"2022-03-29 01:11:23";3
"2022-03-29 01:21:12";4
"2022-03-29 01:28:09";3
"2022-03-29 01:30:16";4
"2022-03-29 01:31:14";3
"2022-03-29 01:49:54";4
"2022-03-29 01:51:04";3
"2022-03-29 02:01:51";4
"2022-03-29 02:02:49";3
"2022-03-29 02:03:58";4
"2022-03-29 02:06:51";3
"2022-03-29 02:23:37";2
"2022-03-29 02:25:44";3
"2022-03-29 03:10:15";4
"2022-03-29 03:15:15";3
"2022-03-29 03:31:03";4
"2022-03-29 03:32:12";3
"2022-03-29 04:12:53";2
"2022-03-29 04:13:51";3
"2022-03-29 04:14:48";2
"2022-03-29 04:16:44";3
"2022-03-29 04:18:51";2
"2022-03-29 04:23:40";3
"2022-03-29 04:37:32";2
"2022-03-29 04:42:33";3
"2022-03-29 04:47:33";2
"2022-03-29 04:58:31";3
"2022-03-29 05:01:24";2
"2022-03-29 06:39:27";3
"2022-03-29 06:44:28";2
"2022-03-29 06:53:31";3
"2022-03-29 06:56:59";2
"2022-03-29 07:02:23";3
"2022-03-29 07:12:13";4
"2022-03-29 07:14:08";3
"2022-03-29 07:14:19";4
"2022-03-29 07:16:15";3
"2022-03-29 07:29:09";2
"2022-03-29 07:33:00";3
"2022-03-29 08:26:45";4
"2022-03-29 08:27:43";3
"2022-03-29 08:54:31";4
"2022-03-29 08:56:27";3
"2022-03-29 09:06:17";4
"2022-03-29 09:07:27";3
"2022-03-29 09:08:25";4
"2022-03-29 09:16:19";3
"2022-03-29 09:19:13";4
"2022-03-29 09:24:13";3
"2022-03-29 09:26:20";4
"2022-03-29 09:32:07";3
"2022-03-29 09:33:05";4
"2022-03-29 09:34:03";3
"2022-03-29 09:47:10";4
"2022-03-29 09:48:19";3
"2022-03-29 09:56:59";4
"2022-03-29 10:25:52";3
"2022-03-29 10:34:43";4
"2022-03-29 10:36:39";3
"2022-03-29 11:28:17";2
"2022-03-29 11:33:06";3
"2022-03-29 11:35:13";2
"2022-03-29 11:40:13";3
"2022-03-29 11:59:54";2
"2022-03-29 12:04:55";3
"2022-03-29 12:47:28";2
"2022-03-29 12:48:26";3
"2022-03-29 12:58:27";2
"2022-03-29 13:00:22";3
"2022-03-29 13:23:17";4
"2022-03-29 13:27:09";3
"2022-03-29 13:36:12";4
"2022-03-29 13:39:06";3
"2022-03-29 13:56:49";4
"2022-03-29 13:57:47";3
"2022-03-29 13:58:56";4
"2022-03-29 14:01:50";3
"2022-03-29 14:02:48";4
"2022-03-29 14:03:57";3
"2022-03-29 14:06:50";4
"2022-03-29 14:07:48";3
"2022-03-29 14:26:41";4
"2022-03-29 14:27:39";3
"2022-03-29 17:12:21";4
"2022-03-29 17:14:17";3
"2022-03-29 17:48:59";2
"2022-03-29 17:51:52";3
"2022-03-29 18:05:44";4
"2022-03-29 18:06:42";3
"2022-03-29 18:12:40";4
"2022-03-29 18:13:38";3
"2022-03-29 18:42:32";4
"2022-03-29 18:47:20";3
"2022-03-29 19:11:14";2
"2022-03-29 19:19:08";3
"2022-03-29 19:38:58";2
"2022-03-29 19:43:47";3
"2022-03-29 19:50:43";2
"2022-03-29 20:00:44";3
"2022-03-29 20:01:42";2
"2022-03-29 20:13:38";3
"2022-03-29 20:18:28";2
"2022-03-29 20:22:31";3
"2022-03-29 20:25:36";2
"2022-03-29 20:37:21";3
"2022-03-29 20:40:26";2
"2022-03-29 20:44:17";3
"2022-03-29 20:49:18";2
"2022-03-29 20:52:11";3
"2022-03-29 20:57:12";2
"2022-03-29 21:32:04";1
"2022-03-29 21:51:55";2
"2022-03-29 21:53:50";1
"2022-03-29 21:55:46";2
"2022-03-29 21:56:55";1
"2022-03-29 21:58:51";2
"2022-03-29 21:59:49";1
"2022-03-29 22:04:49";2
"2022-03-29 22:16:46";1
"2022-03-29 22:20:38";2
"2022-03-29 22:26:36";1
"2022-03-29 22:33:32";2
"2022-03-29 22:40:05";1
"2022-03-29 22:44:31";2
"2022-03-29 22:49:20";1
"2022-03-29 22:53:11";2
"2022-03-29 23:02:14";1
"2022-03-29 23:04:21";2
"2022-03-29 23:40:00";3
"2022-03-29 23:40:58";2
"2022-03-29 23:59:50";3
"2022-03-30 00:00:48";2
"2022-03-30 00:37:23";3
"2022-03-30 00:48:23";2
"2022-03-30 00:58:12";3
"2022-03-30 01:05:08";2
"2022-03-30 02:19:31";1
"2022-03-30 02:22:36";2
"2022-03-30 02:27:37";1
"2022-03-30 02:29:32";2
"2022-03-30 02:39:23";1
"2022-03-30 02:41:30";2
"2022-03-30 02:43:25";1
"2022-03-30 02:44:23";2
"2022-03-30 02:54:25";1
"2022-03-30 02:57:18";2
"2022-03-30 04:46:23";1
"2022-03-30 04:51:23";2
"2022-03-30 05:49:46";1
"2022-03-30 05:53:49";2
"2022-03-30 07:11:18";3
"2022-03-30 07:12:16";2
"2022-03-30 07:13:13";3
"2022-03-30 08:18:43";2
"2022-03-30 08:26:37";3
"2022-03-30 08:29:42";2
"2022-03-30 08:36:38";3
"2022-03-30 08:38:34";2
"2022-03-30 08:43:34";3
"2022-03-30 08:44:32";2
"2022-03-30 08:49:33";3
"2022-03-30 08:50:19";2
"2022-03-30 08:51:28";3
"2022-03-30 09:08:15";2
"2022-03-30 09:11:21";3
"2022-03-30 09:12:19";2
"2022-03-30 09:13:16";3
"2022-03-30 09:18:05";2
"2022-03-30 09:20:13";3
"2022-03-30 09:45:51";2
"2022-03-30 09:50:29";3
"2022-03-30 10:45:22";4
"2022-03-30 10:46:20";3
"2022-03-30 10:53:17";2
"2022-03-30 10:54:14";3
"2022-03-30 11:09:05";2
"2022-03-30 11:10:02";3
"2022-03-30 11:32:59";2
"2022-03-30 11:35:52";3
"2022-03-30 11:40:53";2
"2022-03-30 11:44:44";3
"2022-03-30 11:52:38";2
"2022-03-30 11:58:37";3
"2022-03-30 12:16:32";2
"2022-03-30 12:18:28";3
"2022-03-30 12:28:28";2
"2022-03-30 12:32:20";3
"2022-03-30 12:43:07";2
"2022-03-30 12:46:12";3
"2022-03-30 13:04:07";2
"2022-03-30 13:06:02";3
"2022-03-30 13:15:52";4
"2022-03-30 13:18:56";3
"2022-03-30 13:24:44";4
"2022-03-30 13:40:43";3
"2022-03-30 13:43:37";4
"2022-03-30 13:48:38";3
"2022-03-30 14:06:57";4
"2022-03-30 14:11:23";3
"2022-03-30 14:16:23";4
"2022-03-30 14:17:21";3
"2022-03-30 14:35:05";2
"2022-03-30 14:42:02";3
"2022-03-30 14:51:05";2
"2022-03-30 14:55:54";3
"2022-03-30 15:07:51";4
"2022-03-30 15:19:48";5
"2022-03-30 15:27:43";6
"2022-03-30 15:28:41";5
"2022-03-30 15:54:19";4
"2022-03-30 15:56:26";5
"2022-03-30 15:58:22";4
"2022-03-30 16:13:12";3
"2022-03-30 16:22:15";4
"2022-03-30 16:26:06";3
"2022-03-30 16:33:59";4
"2022-03-30 16:37:05";3
"2022-03-30 17:00:47";2
"2022-03-30 17:14:39";3
"2022-03-30 17:18:31";2
"2022-03-30 17:23:31";3
"2022-03-30 17:24:29";2
"2022-03-30 17:45:17";3
"2022-03-30 17:46:26";2
"2022-03-30 17:47:24";3
"2022-03-30 17:48:22";2
"2022-03-30 18:17:04";3
"2022-03-30 18:48:51";4
"2022-03-30 19:27:23";5
"2022-03-30 19:33:10";4
"2022-03-30 19:37:13";5
"2022-03-30 19:39:20";6
"2022-03-30 19:53:23";7
"2022-03-30 19:55:07";6
"2022-03-30 19:56:05";7
"2022-03-30 20:09:58";8
"2022-03-30 20:15:56";7
"2022-03-30 21:05:27";6
"2022-03-30 21:06:25";7
"2022-03-30 21:07:23";6
"2022-03-30 21:08:21";7
"2022-03-30 21:18:23";6
"2022-03-30 21:26:05";7
"2022-03-30 21:33:13";6
"2022-03-30 21:38:37";7
"2022-03-30 21:43:03";6
"2022-03-30 21:44:12";7
"2022-03-30 21:49:01";6
"2022-03-30 22:39:42";7
"2022-03-30 22:41:38";6
"2022-03-30 22:54:32";5
"2022-03-30 23:00:19";6
"2022-03-30 23:01:29";5
"2022-03-30 23:04:22";6
"2022-03-30 23:05:20";5
"2022-03-30 23:18:25";6
"2022-03-30 23:19:11";5
"2022-03-30 23:22:17";6
"2022-03-30 23:30:46";5
"2022-03-30 23:43:05";4
"2022-03-30 23:49:04";5
"2022-03-30 23:56:58";4
"2022-03-31 00:09:41";5
"2022-03-31 00:13:44";4
"2022-03-31 01:07:28";3
"2022-03-31 01:10:11";4
"2022-03-31 01:15:11";3
"2022-03-31 01:18:04";4
"2022-03-31 01:21:09";3
"2022-03-31 01:22:06";4
"2022-03-31 01:33:52";3
"2022-03-31 01:35:02";4
"2022-03-31 01:35:59";3
"2022-03-31 01:38:53";4
"2022-03-31 01:42:56";3
"2022-03-31 02:37:28";2
"2022-03-31 02:39:24";3
"2022-03-31 03:08:07";2
"2022-03-31 03:11:01";3
"2022-03-31 03:15:03";2
"2022-03-31 03:20:04";3
"2022-03-31 03:31:49";2
"2022-03-31 03:32:58";3
"2022-03-31 03:37:47";2
"2022-03-31 03:39:19";3
"2022-03-31 03:49:43";2
"2022-03-31 04:05:31";3
"2022-03-31 04:06:40";2
"2022-03-31 04:11:40";3
"2022-03-31 04:18:25";2
"2022-03-31 04:23:25";3
"2022-03-31 04:25:21";2
"2022-03-31 04:33:15";3
"2022-03-31 04:41:09";2
"2022-03-31 04:45:12";3
"2022-03-31 04:47:19";2
"2022-03-31 04:49:03";3
"2022-03-31 05:00:02";2
"2022-03-31 05:01:57";3
"2022-03-31 05:06:00";2
"2022-03-31 05:07:09";3
"2022-03-31 05:10:02";2
"2022-03-31 05:13:54";3
"2022-03-31 05:19:52";2
"2022-03-31 05:22:56";3
"2022-03-31 05:27:46";2
"2022-03-31 05:28:55";3
"2022-03-31 05:30:51";2
"2022-03-31 05:34:43";3
"2022-03-31 05:40:41";2
"2022-03-31 05:48:36";3
"2022-03-31 05:55:31";2
"2022-03-31 05:57:27";3
"2022-03-31 06:04:35";2
"2022-03-31 06:06:31";3
"2022-03-31 06:11:20";2
"2022-03-31 06:12:30";3
"2022-03-31 06:31:11";2
"2022-03-31 06:32:09";3
"2022-03-31 06:42:10";4
"2022-03-31 06:48:09";3
"2022-03-31 07:15:53";4
"2022-03-31 07:31:41";3
"2022-03-31 07:37:39";4
"2022-03-31 07:42:39";3
"2022-03-31 07:48:26";4
"2022-03-31 07:49:35";3
"2022-03-31 07:54:24";4
"2022-03-31 08:03:16";3
"2022-03-31 08:05:23";4
"2022-03-31 08:41:02";3
"2022-03-31 08:44:52";4
"2022-03-31 09:11:40";5
"2022-03-31 09:15:43";4
"2022-03-31 09:23:37";5
"2022-03-31 09:45:23";6
"2022-03-31 09:46:21";5
"2022-03-31 10:22:58";4
"2022-03-31 10:38:46";5
"2022-03-31 10:39:55";4
"2022-03-31 11:12:29";3
"2022-03-31 11:16:32";4
"2022-03-31 11:32:20";3
"2022-03-31 11:36:23";4
"2022-03-31 11:40:14";5
"2022-03-31 12:08:56";4
"2022-03-31 12:12:01";5
"2022-03-31 12:16:50";4
"2022-03-31 12:19:54";5
"2022-03-31 12:20:52";4
"2022-03-31 12:48:37";3
"2022-03-31 12:52:40";4
"2022-03-31 13:10:23";3
"2022-03-31 13:16:10";4
"2022-03-31 13:25:15";3
"2022-03-31 13:37:11";2
"2022-03-31 13:38:09";3
"2022-03-31 13:59:55";2
"2022-03-31 14:00:53";3
"2022-03-31 14:06:51";2
"2022-03-31 14:07:49";3
"2022-03-31 14:10:54";2
"2022-03-31 14:11:51";3
"2022-03-31 14:12:49";2
"2022-03-31 14:25:43";3
"2022-03-31 14:30:32";4
"2022-03-31 14:31:42";3
"2022-03-31 14:34:35";4
"2022-03-31 14:35:33";3
"2022-03-31 14:48:27";2
"2022-03-31 14:49:25";3
"2022-03-31 15:26:13";4
"2022-03-31 15:27:11";3
"2022-03-31 15:35:05";2
"2022-03-31 15:37:59";3
"2022-03-31 15:43:57";2
"2022-03-31 16:17:42";1
"2022-03-31 16:22:30";2
"2022-03-31 16:30:36";1
"2022-03-31 16:40:25";2
"2022-03-31 16:43:30";1
"2022-03-31 17:26:51";2
"2022-03-31 17:28:58";1
"2022-03-31 17:46:41";2
"2022-03-31 17:50:44";1
"2022-03-31 18:44:19";2
"2022-03-31 18:54:08";3
"2022-03-31 19:09:55";2
"2022-03-31 19:12:02";3
"2022-03-31 19:13:58";2
"2022-03-31 19:14:56";3
"2022-03-31 19:29:45";2
"2022-03-31 19:30:43";3
"2022-03-31 19:41:42";2
"2022-03-31 19:47:40";3
"2022-03-31 19:53:39";2
"2022-03-31 20:26:14";3
"2022-03-31 20:27:23";2
"2022-03-31 20:32:13";3
"2022-03-31 20:37:14";2
"2022-03-31 20:46:06";3
"2022-03-31 20:47:04";2
"2022-03-31 21:15:46";3
"2022-03-31 21:20:47";2
"2022-03-31 21:26:45";3
"2022-03-31 21:29:38";2
"2022-03-31 22:33:03";1
"2022-03-31 22:37:06";2
"2022-03-31 22:52:55";1
"2022-03-31 22:57:55";2
"2022-03-31 23:11:47";1
"2022-03-31 23:15:38";2
"2022-03-31 23:20:39";1
"2022-03-31 23:26:37";2
"2022-03-31 23:32:23";1
"2022-03-31 23:34:30";2
"2022-03-31 23:45:18";1
"2022-03-31 23:51:27";2
"2022-04-01 00:05:42";1
"2022-04-01 00:07:15";2
"2022-04-01 00:18:01";1
"2022-04-01 00:21:10";2
"2022-04-01 00:42:53";1
"2022-04-01 00:54:50";2
"2022-04-01 00:56:45";1
"2022-04-01 00:59:39";2
"2022-04-01 01:04:51";1
"2022-04-01 01:17:11";0
"2022-04-01 05:01:50";0
"2022-04-01 05:02:02";0
"2022-04-01 05:02:13";0
"2022-04-01 05:02:24";0
"2022-04-01 05:02:36";0
"2022-04-01 05:02:47";0
"2022-04-01 05:02:59";0
"2022-04-01 05:03:11";0
"2022-04-01 05:03:23";0
"2022-04-01 05:03:34";0
"2022-04-01 05:03:45";0
"2022-04-01 05:03:57";0
"2022-04-01 05:04:09";0
"2022-04-01 05:04:20";0
"2022-04-01 05:04:32";0
"2022-04-01 05:04:45";0
"2022-04-01 05:04:55";0
"2022-04-01 05:05:06";0
"2022-04-01 05:05:18";0
"2022-04-01 05:05:29";0
"2022-04-01 05:05:41";0
"2022-04-01 05:05:53";0
"2022-04-01 05:06:04";0
"2022-04-01 05:06:16";0
"2022-04-01 05:06:28";0
"2022-04-01 05:06:39";0
"2022-04-01 05:06:50";0
"2022-04-01 05:07:02";0
"2022-04-01 05:07:13";0
"2022-04-01 05:07:25";0
"2022-04-01 05:07:36";0
"2022-04-01 05:07:48";0
"2022-04-01 05:08:00";0
"2022-04-01 05:08:11";0
"2022-04-01 05:08:23";0
"2022-04-01 05:08:34";0
"2022-04-01 05:08:46";0
"2022-04-01 05:08:58";0
"2022-04-01 05:09:09";0
"2022-04-01 05:09:21";0
"2022-04-01 05:09:32";0
"2022-04-01 05:09:43";0
"2022-04-01 05:09:55";0
"2022-04-01 05:10:07";0
"2022-04-01 05:10:18";0
"2022-04-01 05:10:30";0
"2022-04-01 05:10:42";0
"2022-04-01 05:10:53";0
"2022-04-01 05:11:05";0
"2022-04-01 05:11:16";0
"2022-04-01 05:11:28";0
"2022-04-01 05:11:39";0
"2022-04-01 05:11:51";0
"2022-04-01 05:12:03";0
"2022-04-01 05:12:14";0
"2022-04-01 05:12:26";0
"2022-04-01 05:12:37";0
"2022-04-01 05:12:49";0
"2022-04-01 05:13:47";0
"2022-04-01 05:13:58";0
"2022-04-01 05:14:10";0
"2022-04-01 05:14:21";0
"2022-04-01 05:14:33";0
"2022-04-01 05:14:44";0
"2022-04-01 05:14:56";0
"2022-04-01 05:15:07";0
"2022-04-01 05:15:19";0
"2022-04-01 05:15:31";0
"2022-04-01 05:15:42";0
"2022-04-01 05:15:54";0
"2022-04-01 05:16:05";0
"2022-04-01 05:16:17";0
"2022-04-01 05:16:29";0
"2022-04-01 05:16:40";0
"2022-04-01 05:16:52";0
"2022-04-01 05:17:03";0
"2022-04-01 05:17:15";0
"2022-04-01 05:17:27";0
"2022-04-01 05:17:38";0
"2022-04-01 05:17:49";0
"2022-04-01 05:18:01";0
"2022-04-01 05:18:13";0
"2022-04-01 05:18:24";0
"2022-04-01 05:18:36";0
"2022-04-01 05:18:47";0
"2022-04-01 05:18:59";0
"2022-04-01 05:19:10";0
"2022-04-01 05:19:22";0
"2022-04-01 05:19:33";0
"2022-04-01 05:19:45";0
"2022-04-01 05:19:57";0
"2022-04-01 05:20:08";0
"2022-04-01 05:20:20";0
"2022-04-01 05:20:31";0
"2022-04-01 05:20:43";0
"2022-04-01 05:20:55";0
"2022-04-01 05:21:06";0
"2022-04-01 05:21:18";0
"2022-04-01 05:21:29";0
"2022-04-01 05:21:41";0
"2022-04-01 05:21:52";0
"2022-04-01 05:22:04";0
"2022-04-01 05:22:16";0
"2022-04-01 05:22:27";0
"2022-04-01 05:22:39";0
"2022-04-01 05:22:50";0
"2022-04-01 05:23:02";0
"2022-04-01 05:23:14";0
"2022-04-01 05:23:25";0
"2022-04-01 05:23:37";0
"2022-04-01 05:23:48";0
"2022-04-01 05:24:00";0
"2022-04-01 05:24:12";0
"2022-04-01 05:24:23";0
"2022-04-01 05:24:34";0
"2022-04-01 05:24:46";0
"2022-04-01 05:24:58";0
"2022-04-01 05:25:09";0
"2022-04-01 05:25:21";0
"2022-04-01 05:25:33";0
"2022-04-01 05:25:44";0
"2022-04-01 05:25:56";0
"2022-04-01 05:26:07";0
"2022-04-01 05:26:19";0
"2022-04-01 05:26:30";0
"2022-04-01 05:26:42";0
"2022-04-01 05:26:54";0
"2022-04-01 05:27:05";0
"2022-04-01 05:27:17";0
"2022-04-01 05:27:28";0
"2022-04-01 05:27:40";0
"2022-04-01 05:27:51";0
"2022-04-01 05:28:03";0
"2022-04-01 05:28:14";0
"2022-04-01 05:28:26";0
"2022-04-01 05:28:37";0
"2022-04-01 05:28:49";0
"2022-04-01 05:29:00";0
"2022-04-01 05:29:12";0
"2022-04-01 05:29:24";0
"2022-04-01 05:29:35";0
"2022-04-01 05:29:47";0
"2022-04-01 05:29:59";0
"2022-04-01 05:30:10";0
"2022-04-01 05:30:22";0
"2022-04-01 05:30:33";0
"2022-04-01 05:30:44";0
"2022-04-01 05:30:56";0
"2022-04-01 05:31:08";0
"2022-04-01 05:31:19";0
"2022-04-01 05:31:31";0
"2022-04-01 05:31:43";0
"2022-04-01 05:31:54";0
"2022-04-01 05:32:06";0
"2022-04-01 05:32:17";0
"2022-04-01 05:32:29";0
"2022-04-01 05:32:41";0
"2022-04-01 05:32:52";0
"2022-04-01 05:33:03";0
"2022-04-01 05:33:15";0
"2022-04-01 05:33:27";0
"2022-04-01 05:33:38";0
"2022-04-01 05:33:50";0
"2022-04-01 05:34:02";0
"2022-04-01 05:34:13";0
"2022-04-01 05:34:25";0
"2022-04-01 05:34:36";0
"2022-04-01 05:34:48";0
"2022-04-01 05:34:59";0
"2022-04-01 05:35:57";0
"2022-04-01 05:36:09";0
"2022-04-01 05:36:20";0
"2022-04-01 05:36:32";0
"2022-04-01 05:36:43";0
"2022-04-01 05:36:55";0
"2022-04-01 05:37:06";0
"2022-04-01 05:37:18";0
"2022-04-01 05:37:29";0
"2022-04-01 05:37:41";0
"2022-04-01 05:37:52";0
"2022-04-01 05:38:04";0
"2022-04-01 05:38:15";0
"2022-04-01 05:38:27";0
"2022-04-01 05:38:39";0
"2022-04-01 05:38:50";0
"2022-04-01 05:39:02";0
"2022-04-01 05:39:13";0
"2022-04-01 05:39:25";0
"2022-04-01 05:39:37";0
"2022-04-01 05:39:48";0
"2022-04-01 05:40:00";0
"2022-04-01 05:40:11";0
"2022-04-01 05:40:23";0
"2022-04-01 05:40:34";0
"2022-04-01 05:40:46";0
"2022-04-01 05:40:58";0
"2022-04-01 05:41:09";0
"2022-04-01 05:41:21";0
"2022-04-01 05:41:32";0
"2022-04-01 05:41:44";0
"2022-04-01 05:41:55";0
"2022-04-01 05:42:07";0
"2022-04-01 05:42:18";0
"2022-04-01 05:42:30";0
"2022-04-01 05:42:41";0
"2022-04-01 05:42:53";0
"2022-04-01 05:43:05";0
"2022-04-01 05:43:16";0
"2022-04-01 05:43:27";0
"2022-04-01 05:43:39";0
"2022-04-01 05:43:51";0
"2022-04-01 05:44:02";0
"2022-04-01 05:44:14";0
"2022-04-01 05:44:25";0
"2022-04-01 05:44:37";0
"2022-04-01 05:44:48";0
"2022-04-01 05:45:00";0
"2022-04-01 05:45:11";0
"2022-04-01 05:45:23";0
"2022-04-01 05:45:35";0
"2022-04-01 05:45:46";0
"2022-04-01 05:45:57";0
"2022-04-01 05:46:09";0
"2022-04-01 05:46:21";0
"2022-04-01 05:46:32";0
"2022-04-01 05:46:44";0
"2022-04-01 05:46:55";0
"2022-04-01 05:47:07";0
"2022-04-01 05:47:19";0
"2022-04-01 05:47:30";0
"2022-04-01 05:47:42";0
"2022-04-01 05:47:53";0
"2022-04-01 05:48:05";0
"2022-04-01 05:48:16";0
"2022-04-01 05:48:28";0
"2022-04-01 05:48:39";0
"2022-04-01 05:48:51";0
"2022-04-01 05:49:03";0
"2022-04-01 05:49:14";0
"2022-04-01 05:49:25";0
"2022-04-01 05:49:37";0
"2022-04-01 05:49:49";0
"2022-04-01 05:50:00";0
"2022-04-01 05:50:12";0
"2022-04-01 05:50:23";0
"2022-04-01 05:50:35";0
"2022-04-01 05:50:46";0
"2022-04-01 05:50:58";0
"2022-04-01 05:51:10";0
"2022-04-01 05:51:21";0
"2022-04-01 05:51:33";0
"2022-04-01 05:51:44";0
"2022-04-01 05:51:55";0
"2022-04-01 05:52:07";0
"2022-04-01 05:52:19";0
"2022-04-01 05:52:30";0
"2022-04-01 05:52:42";0
"2022-04-01 05:52:53";0
"2022-04-01 05:53:05";0
"2022-04-01 05:53:16";0
"2022-04-01 05:53:28";0
"2022-04-01 05:53:39";0
"2022-04-01 05:53:51";0
"2022-04-01 05:54:02";0
"2022-04-01 05:54:14";0
"2022-04-01 05:54:26";0
"2022-04-01 05:54:37";0
"2022-04-01 05:54:49";0
"2022-04-01 05:55:00";0
"2022-04-01 05:55:12";0
"2022-04-01 05:55:23";0
"2022-04-01 05:55:35";0
"2022-04-01 05:55:46";0
"2022-04-01 05:55:58";0
"2022-04-01 05:56:09";0
"2022-04-01 05:56:21";0
"2022-04-01 05:56:33";0
"2022-04-01 05:56:44";0
"2022-04-01 05:56:56";0
"2022-04-01 05:57:07";0
"2022-04-01 05:57:19";0
"2022-04-01 05:57:31";0
"2022-04-01 05:57:42";0
"2022-04-01 05:57:54";0
"2022-04-01 05:58:05";0
"2022-04-01 05:58:17";0
"2022-04-01 05:58:28";0
"2022-04-01 05:58:40";0
"2022-04-01 05:58:52";0
"2022-04-01 06:00:01";0
"2022-04-01 06:00:12";0
"2022-04-01 06:00:24";0
"2022-04-01 06:00:35";0
"2022-04-01 06:00:47";0
"2022-04-01 06:00:58";0
"2022-04-01 06:01:10";0
"2022-04-01 06:01:22";0
"2022-04-01 06:01:33";0
"2022-04-01 06:01:44";0
"2022-04-01 06:01:56";0
"2022-04-01 06:02:08";0
"2022-04-01 06:02:19";0
"2022-04-01 06:02:31";0
"2022-04-01 06:02:42";0
"2022-04-01 06:02:54";0
"2022-04-01 06:03:06";0
"2022-04-01 06:03:18";0
"2022-04-01 06:03:29";0
"2022-04-01 06:03:40";0
"2022-04-01 06:03:52";0
"2022-04-01 06:04:04";0
"2022-04-01 06:04:15";0
"2022-04-01 06:04:27";0
"2022-04-01 06:04:38";0
"2022-04-01 06:04:50";0
"2022-04-01 06:05:01";0
"2022-04-01 06:05:13";0
"2022-04-01 06:05:25";0
"2022-04-01 06:05:36";0
"2022-04-01 06:05:47";0
"2022-04-01 06:05:59";0
"2022-04-01 06:06:11";0
"2022-04-01 06:06:22";0
"2022-04-01 06:06:34";0
"2022-04-01 06:06:45";0
"2022-04-01 06:06:57";0
"2022-04-01 06:07:08";0
"2022-04-01 06:07:20";0
"2022-04-01 06:07:32";0
"2022-04-01 06:07:43";0
"2022-04-01 06:07:55";0
"2022-04-01 06:08:06";0
"2022-04-01 06:08:18";0
"2022-04-01 06:08:29";0
"2022-04-01 06:08:41";0
"2022-04-01 06:08:52";0
"2022-04-01 06:09:04";0
"2022-04-01 06:09:15";0
"2022-04-01 06:09:27";0
"2022-04-01 06:09:39";0
"2022-04-01 06:09:50";0
"2022-04-01 06:10:02";0
"2022-04-01 06:10:14";0
"2022-04-01 06:10:25";0
"2022-04-01 06:10:37";0
"2022-04-01 06:10:49";0
"2022-04-01 06:11:00";0
"2022-04-01 06:11:12";0
"2022-04-01 06:11:23";0
"2022-04-01 06:11:35";0
"2022-04-01 06:11:46";0
"2022-04-01 06:11:58";0
"2022-04-01 06:12:10";0
"2022-04-01 06:12:21";0
"2022-04-01 06:12:33";0
"2022-04-01 06:12:44";0
"2022-04-01 06:12:56";0
"2022-04-01 06:13:07";0
"2022-04-01 06:13:19";0
"2022-04-01 06:14:28";0
"2022-04-01 06:14:40";0
"2022-04-01 06:14:51";0
"2022-04-01 06:15:03";0
"2022-04-01 06:15:14";0
"2022-04-01 06:15:26";0
"2022-04-01 06:15:37";0
"2022-04-01 06:15:49";0
"2022-04-01 06:16:01";0
"2022-04-01 06:16:12";0
"2022-04-01 06:16:23";0
"2022-04-01 06:16:35";0
"2022-04-01 06:16:47";0
"2022-04-01 06:16:58";0
"2022-04-01 06:17:10";0
"2022-04-01 06:17:21";0
"2022-04-01 06:17:33";0
"2022-04-01 06:17:44";0
"2022-04-01 06:17:56";0
"2022-04-01 06:18:07";0
"2022-04-01 06:18:19";0
"2022-04-01 06:18:31";0
"2022-04-01 06:18:42";0
"2022-04-01 06:18:54";0
"2022-04-01 06:19:06";0
"2022-04-01 06:19:17";0
"2022-04-01 06:19:28";0
"2022-04-01 06:19:40";0
"2022-04-01 06:19:52";0
"2022-04-01 06:20:03";0
"2022-04-01 06:20:15";0
"2022-04-01 06:20:26";0
"2022-04-01 06:20:38";0
"2022-04-01 06:20:49";0
"2022-04-01 06:21:01";0
"2022-04-01 06:21:13";0
"2022-04-01 06:21:24";0
"2022-04-01 06:21:36";0
"2022-04-01 06:21:47";0
"2022-04-01 06:21:59";0
"2022-04-01 06:22:10";0
"2022-04-01 06:22:22";0
"2022-04-01 06:22:34";0
"2022-04-01 06:22:45";0
"2022-04-01 06:22:56";0
"2022-04-01 06:23:08";0
"2022-04-01 06:23:19";0
"2022-04-01 06:23:31";0
"2022-04-01 06:23:43";0
"2022-04-01 06:23:54";0
"2022-04-01 06:24:06";0
"2022-04-01 06:24:18";0
"2022-04-01 06:24:29";0
"2022-04-01 06:24:41";0
"2022-04-01 06:24:52";0
"2022-04-01 06:25:03";0
"2022-04-01 06:25:15";0
"2022-04-01 06:25:27";0
"2022-04-01 06:25:39";0
"2022-04-01 06:25:50";0
"2022-04-01 06:26:02";0
"2022-04-01 06:26:13";0
"2022-04-01 06:26:24";0
"2022-04-01 06:26:36";0
"2022-04-01 06:26:48";0
"2022-04-01 06:26:59";0
"2022-04-01 06:27:11";0
"2022-04-01 06:27:22";0
"2022-04-01 06:27:34";0
"2022-04-01 06:27:46";0
"2022-04-01 06:27:57";0
"2022-04-01 06:28:09";0
"2022-04-01 06:28:20";0
"2022-04-01 06:28:32";0
"2022-04-01 06:28:43";0
"2022-04-01 06:28:55";0
"2022-04-01 06:29:06";0
"2022-04-01 06:29:18";0
"2022-04-01 06:29:30";0
"2022-04-01 06:29:41";0
"2022-04-01 06:29:53";0
"2022-04-01 06:30:04";0
"2022-04-01 06:30:16";0
"2022-04-01 06:30:27";0
"2022-04-01 06:30:39";0
"2022-04-01 06:30:50";0
"2022-04-01 06:31:02";0
"2022-04-01 06:31:14";0
"2022-04-01 06:31:25";0
"2022-04-01 06:31:36";0
"2022-04-01 06:31:48";0
"2022-04-01 06:32:00";0
"2022-04-01 06:32:11";0
"2022-04-01 06:32:23";0
"2022-04-01 06:32:35";0
"2022-04-01 06:32:46";0
"2022-04-01 06:32:58";0
"2022-04-01 06:33:09";0
"2022-04-01 06:33:21";0
"2022-04-01 06:33:32";0
"2022-04-01 06:33:44";0
"2022-04-01 06:33:56";0
"2022-04-01 06:34:07";0
"2022-04-01 06:34:19";0
"2022-04-01 06:34:30";0
"2022-04-01 06:34:42";0
"2022-04-01 06:34:54";0
"2022-04-01 06:35:05";0
"2022-04-01 06:35:17";0
"2022-04-01 06:35:28";0
"2022-04-01 06:35:40";0
"2022-04-01 06:35:51";0
"2022-04-01 06:37:01";0
"2022-04-01 06:37:12";0
"2022-04-01 06:37:24";0
"2022-04-01 06:37:35";0
"2022-04-01 06:37:47";0
"2022-04-01 06:37:59";0
"2022-04-01 06:38:10";0
"2022-04-01 06:38:22";0
"2022-04-01 06:38:33";0
"2022-04-01 06:38:45";0
"2022-04-01 06:38:56";0
"2022-04-01 06:39:08";0
"2022-04-01 06:39:20";0
"2022-04-01 06:39:31";0
"2022-04-01 06:39:43";0
"2022-04-01 06:39:54";0
"2022-04-01 06:40:06";0
"2022-04-01 06:40:17";0
"2022-04-01 06:40:29";0
"2022-04-01 06:40:41";0
"2022-04-01 06:40:52";0
"2022-04-01 06:41:04";0
"2022-04-01 06:41:15";0
"2022-04-01 06:41:27";0
"2022-04-01 06:41:38";0
"2022-04-01 06:41:50";0
"2022-04-01 06:42:02";0
"2022-04-01 06:42:13";0
"2022-04-01 06:42:24";0
"2022-04-01 06:42:36";0
"2022-04-01 06:42:47";0
"2022-04-01 06:42:59";0
"2022-04-01 06:43:11";0
"2022-04-01 06:43:22";0
"2022-04-01 06:43:34";0
"2022-04-01 06:43:46";0
"2022-04-01 06:43:57";0
"2022-04-01 06:44:09";0
"2022-04-01 06:44:20";0
"2022-04-01 06:44:32";0
"2022-04-01 06:44:43";0
"2022-04-01 06:44:55";0
"2022-04-01 06:45:06";0
"2022-04-01 06:45:18";0
"2022-04-01 06:45:29";0
"2022-04-01 06:45:41";0
"2022-04-01 06:45:52";0
"2022-04-01 06:46:04";0
"2022-04-01 06:46:16";0
"2022-04-01 06:46:27";0
"2022-04-01 06:46:39";0
"2022-04-01 06:46:51";0
"2022-04-01 06:47:02";0
"2022-04-01 06:47:14";0
"2022-04-01 06:48:11";0
"2022-04-01 06:48:23";0
"2022-04-01 06:48:35";0
"2022-04-01 06:48:46";0
"2022-04-01 06:48:58";0
"2022-04-01 06:49:09";0
"2022-04-01 06:49:21";0
"2022-04-01 06:49:32";0
"2022-04-01 06:49:44";0
"2022-04-01 06:49:56";0
"2022-04-01 06:50:07";0
"2022-04-01 06:50:19";0
"2022-04-01 06:50:30";0
"2022-04-01 06:50:42";0
"2022-04-01 06:50:53";0
"2022-04-01 06:51:05";0
"2022-04-01 06:51:17";0
"2022-04-01 06:51:28";0
"2022-04-01 06:51:40";0
"2022-04-01 06:51:51";0
"2022-04-01 06:52:03";0
"2022-04-01 06:52:14";0
"2022-04-01 06:52:26";0
"2022-04-01 06:53:23";0
"2022-04-01 06:53:35";0
"2022-04-01 06:53:47";0
"2022-04-01 06:53:58";0
"2022-04-01 06:54:10";0
"2022-04-01 06:54:21";0
"2022-04-01 06:54:33";0
"2022-04-01 06:54:45";0
"2022-04-01 06:54:56";0
"2022-04-01 06:55:08";0
"2022-04-01 06:55:19";0
"2022-04-01 06:55:31";0
"2022-04-01 06:55:42";0
"2022-04-01 06:55:54";0
"2022-04-01 06:56:06";0
"2022-04-01 06:56:17";0
"2022-04-01 06:56:29";0
"2022-04-01 06:56:41";0
"2022-04-01 06:56:52";0
"2022-04-01 06:57:04";0
"2022-04-01 06:57:15";0
"2022-04-01 06:57:27";0
"2022-04-01 06:57:38";0
"2022-04-01 06:57:50";0
"2022-04-01 06:58:01";0
"2022-04-01 06:58:13";0
"2022-04-01 06:58:24";0
"2022-04-01 06:58:36";0
"2022-04-01 06:58:47";0
"2022-04-01 06:58:59";0
"2022-04-01 06:59:11";0
"2022-04-01 06:59:22";0
"2022-04-01 06:59:34";0
"2022-04-01 06:59:46";0
"2022-04-01 06:59:57";0
"2022-04-01 07:00:09";0
"2022-04-01 07:00:20";0
"2022-04-01 07:00:32";0
"2022-04-01 07:00:43";0
"2022-04-01 07:00:55";0
"2022-04-01 07:01:06";0
"2022-04-01 07:01:18";0
"2022-04-01 07:01:30";0
"2022-04-01 07:01:41";0
"2022-04-01 07:01:53";0
"2022-04-01 07:02:04";0
"2022-04-01 07:02:16";0
"2022-04-01 07:02:27";0
"2022-04-01 07:02:39";0
"2022-04-01 07:02:50";0
"2022-04-01 07:03:02";0
"2022-04-01 07:03:13";0
"2022-04-01 07:03:25";0
"2022-04-01 07:03:36";0
"2022-04-01 07:03:48";0
"2022-04-01 07:04:00";0
"2022-04-01 07:04:11";0
"2022-04-01 07:04:23";0
"2022-04-01 07:04:34";0
"2022-04-01 07:04:46";0
"2022-04-01 07:04:58";0
"2022-04-01 07:05:09";0
"2022-04-01 07:05:21";0
"2022-04-01 07:05:32";0
"2022-04-01 07:05:44";0
"2022-04-01 07:05:55";0
"2022-04-01 07:06:07";0
"2022-04-01 07:06:19";0
"2022-04-01 07:06:30";0
"2022-04-01 07:07:28";0
"2022-04-01 07:07:39";0
"2022-04-01 07:07:51";0
"2022-04-01 07:08:02";0
"2022-04-01 07:08:14";0
"2022-04-01 07:08:26";0
"2022-04-01 07:08:37";0
"2022-04-01 07:08:49";0
"2022-04-01 07:09:00";0
"2022-04-01 07:09:12";0
"2022-04-01 07:09:23";0
"2022-04-01 07:09:35";0
"2022-04-01 07:09:47";0
"2022-04-01 07:09:58";0
"2022-04-01 07:10:10";0
"2022-04-01 07:10:21";0
"2022-04-01 07:10:33";0
"2022-04-01 07:10:44";0
"2022-04-01 07:10:56";0
"2022-04-01 07:11:07";0
"2022-04-01 07:11:19";0
"2022-04-01 07:11:30";0
"2022-04-01 07:12:40";0
"2022-04-01 07:12:51";0
"2022-04-01 07:13:03";0
"2022-04-01 07:13:14";0
"2022-04-01 07:13:26";0
"2022-04-01 07:13:37";0
"2022-04-01 07:14:47";0
"2022-04-01 07:14:59";0
"2022-04-01 07:15:10";0
"2022-04-01 07:15:22";0
"2022-04-01 07:16:31";0
"2022-04-01 07:16:42";0
"2022-04-01 07:16:54";0
"2022-04-01 07:17:06";0
"2022-04-01 07:17:17";0
"2022-04-01 07:17:29";0
"2022-04-01 07:17:41";0
"2022-04-01 07:17:52";0
"2022-04-01 07:18:03";0
"2022-04-01 07:18:15";0
"2022-04-01 07:18:27";0
"2022-04-01 07:18:38";0
"2022-04-01 07:18:50";0
"2022-04-01 07:19:02";0
"2022-04-01 07:19:13";0
"2022-04-01 07:19:26";0
"2022-04-01 07:19:36";0
"2022-04-01 07:19:48";0
"2022-04-01 07:19:59";0
"2022-04-01 07:20:11";0
"2022-04-01 07:20:22";0
"2022-04-01 07:20:34";0
"2022-04-01 07:20:45";0
"2022-04-01 07:20:57";0
"2022-04-01 07:21:08";0
"2022-04-01 07:21:20";0
"2022-04-01 07:21:32";0
"2022-04-01 07:21:43";0
"2022-04-01 07:21:55";0
"2022-04-01 07:22:06";0
"2022-04-01 07:22:18";0
"2022-04-01 07:22:29";0
"2022-04-01 07:22:41";0
"2022-04-01 07:22:53";0
"2022-04-01 07:23:04";0
"2022-04-01 07:23:16";0
"2022-04-01 07:23:27";0
"2022-04-01 07:23:39";0
"2022-04-01 07:23:50";0
"2022-04-01 07:24:14";0
"2022-04-01 07:24:25";0
"2022-04-01 07:24:37";0
"2022-04-01 07:24:48";0
"2022-04-01 07:25:00";0
"2022-04-01 07:25:11";0
"2022-04-01 07:25:23";0
"2022-04-01 07:25:34";0
"2022-04-01 07:25:46";0
"2022-04-01 07:25:58";0
"2022-04-01 07:26:09";0
"2022-04-01 07:26:21";0
"2022-04-01 07:26:32";0
"2022-04-01 07:26:44";0
"2022-04-01 07:26:55";0
"2022-04-01 07:27:07";0
"2022-04-01 07:27:18";0
"2022-04-01 07:27:30";0
"2022-04-01 07:27:41";0
"2022-04-01 07:27:53";0
"2022-04-01 07:28:05";0
"2022-04-01 07:28:16";0
"2022-04-01 07:28:28";0
"2022-04-01 07:28:40";0
"2022-04-01 07:28:51";0
"2022-04-01 07:29:03";0
"2022-04-01 07:29:14";0
"2022-04-01 07:29:25";0
"2022-04-01 07:29:37";0
"2022-04-01 07:29:49";0
"2022-04-01 07:30:00";0
"2022-04-01 07:30:12";0
"2022-04-01 07:30:23";0
"2022-04-01 07:31:32";0
"2022-04-01 07:31:44";0
"2022-04-01 07:31:55";0
"2022-04-01 07:32:07";0
"2022-04-01 07:33:05";0
"2022-04-01 07:33:16";0
"2022-04-01 07:33:28";0
"2022-04-01 07:33:40";0
"2022-04-01 07:33:51";0
"2022-04-01 07:34:03";0
"2022-04-01 07:34:14";0
"2022-04-01 07:34:26";0
"2022-04-01 07:34:37";0
"2022-04-01 07:34:49";0
"2022-04-01 07:35:00";0
"2022-04-01 07:35:12";0
"2022-04-01 07:35:24";0
"2022-04-01 07:35:35";0
"2022-04-01 07:35:47";0
"2022-04-01 07:35:58";0
"2022-04-01 07:36:10";0
"2022-04-01 07:36:21";0
"2022-04-01 07:36:33";0
"2022-04-01 07:36:45";0
"2022-04-01 07:36:56";0
"2022-04-01 07:37:08";0
"2022-04-01 07:37:19";0
"2022-04-01 07:37:31";0
"2022-04-01 07:37:43";0
"2022-04-01 07:37:54";0
"2022-04-01 07:38:06";0
"2022-04-01 07:38:17";0
"2022-04-01 07:38:29";0
"2022-04-01 07:38:40";0
"2022-04-01 07:38:52";0
"2022-04-01 07:39:03";0
"2022-04-01 07:39:15";0
"2022-04-01 07:39:26";0
"2022-04-01 07:39:38";0
"2022-04-01 07:39:49";0
"2022-04-01 07:40:01";0
"2022-04-01 07:40:12";0
"2022-04-01 07:40:24";0
"2022-04-01 07:40:36";0
"2022-04-01 07:40:48";0
"2022-04-01 07:40:59";0
"2022-04-01 07:41:10";0
"2022-04-01 07:41:22";0
"2022-04-01 07:41:34";0
"2022-04-01 07:41:45";0
"2022-04-01 07:41:57";0
"2022-04-01 07:42:08";0
"2022-04-01 07:42:20";0
"2022-04-01 07:42:32";0
"2022-04-01 07:42:43";0
"2022-04-01 07:42:54";0
"2022-04-01 07:43:06";0
"2022-04-01 07:43:18";0
"2022-04-01 07:43:29";0
"2022-04-01 07:43:41";0
"2022-04-01 07:43:52";0
"2022-04-01 07:44:04";0
"2022-04-01 07:44:15";0
"2022-04-01 07:44:27";0
"2022-04-01 07:44:39";0
"2022-04-01 07:44:50";0
"2022-04-01 07:45:02";0
"2022-04-01 07:45:13";0
"2022-04-01 07:45:25";0
"2022-04-01 07:46:34";0
"2022-04-01 07:46:46";0
"2022-04-01 07:46:58";0
"2022-04-01 07:47:09";0
"2022-04-01 07:47:21";0
"2022-04-01 07:47:32";0
"2022-04-01 07:47:44";0
"2022-04-01 07:47:55";0
"2022-04-01 07:48:07";0
"2022-04-01 07:48:18";0
"2022-04-01 07:48:30";0
"2022-04-01 07:48:41";0
"2022-04-01 07:48:53";0
"2022-04-01 07:49:05";0
"2022-04-01 07:49:16";0
"2022-04-01 07:49:28";0
"2022-04-01 07:49:40";0
"2022-04-01 07:49:51";0
"2022-04-01 07:50:03";0
"2022-04-01 07:50:14";0
"2022-04-01 07:50:26";0
"2022-04-01 07:50:37";0
"2022-04-01 07:50:49";0
"2022-04-01 07:51:00";0
"2022-04-01 07:51:12";0
"2022-04-01 07:51:23";0
"2022-04-01 07:51:35";0
"2022-04-01 07:51:47";0
"2022-04-01 07:51:59";0
"2022-04-01 07:52:10";0
"2022-04-01 07:52:21";0
"2022-04-01 07:52:33";0
"2022-04-01 07:52:44";0
"2022-04-01 07:52:56";0
"2022-04-01 07:53:08";0
"2022-04-01 07:53:20";0
"2022-04-01 07:53:31";0
"2022-04-01 07:53:42";0
"2022-04-01 07:53:54";0
"2022-04-01 07:54:05";0
"2022-04-01 07:54:17";0
"2022-04-01 07:54:28";0
"2022-04-01 07:54:40";0
"2022-04-01 07:54:52";0
"2022-04-01 07:55:03";0
"2022-04-01 07:55:15";0
"2022-04-01 07:55:26";0
"2022-04-01 07:55:38";0
"2022-04-01 07:55:49";0
"2022-04-01 07:56:01";0
"2022-04-01 07:56:12";0
"2022-04-01 07:56:24";0
"2022-04-01 07:56:36";0
"2022-04-01 07:56:47";0
"2022-04-01 07:56:59";0
"2022-04-01 07:57:10";0
"2022-04-01 07:57:22";0
"2022-04-01 07:57:33";0
"2022-04-01 07:57:45";0
"2022-04-01 07:57:57";0
"2022-04-01 07:59:06";0
"2022-04-01 07:59:17";0
"2022-04-01 07:59:29";0
"2022-04-01 07:59:40";0
"2022-04-01 07:59:52";0
"2022-04-01 08:00:04";0
"2022-04-01 08:00:15";0
"2022-04-01 08:00:26";0
"2022-04-01 08:00:38";0
"2022-04-01 08:00:50";0
"2022-04-01 08:01:01";0
"2022-04-01 08:01:13";0
"2022-04-01 08:01:25";0
"2022-04-01 08:01:36";0
"2022-04-01 08:01:48";0
"2022-04-01 08:01:59";0
"2022-04-01 08:02:11";0
"2022-04-01 08:02:22";0
"2022-04-01 08:02:34";0
"2022-04-01 08:02:46";0
"2022-04-01 08:02:57";0
"2022-04-01 08:03:09";0
"2022-04-01 08:03:20";0
"2022-04-01 08:03:31";0
"2022-04-01 08:04:29";0
"2022-04-01 08:04:41";0
"2022-04-01 08:04:53";0
"2022-04-01 08:05:04";0
"2022-04-01 08:05:16";0
"2022-04-01 08:05:27";0
"2022-04-01 08:05:39";0
"2022-04-01 08:05:50";0
"2022-04-01 08:06:02";0
"2022-04-01 08:06:14";0
"2022-04-01 08:06:25";0
"2022-04-01 08:06:37";0
"2022-04-01 08:06:48";0
"2022-04-01 08:07:00";0
"2022-04-01 08:07:11";0
"2022-04-01 08:07:23";0
"2022-04-01 08:07:34";0
"2022-04-01 08:07:46";0
"2022-04-01 08:07:58";0
"2022-04-01 08:08:09";0
"2022-04-01 08:08:20";0
"2022-04-01 08:08:32";0
"2022-04-01 08:08:43";0
"2022-04-01 08:08:55";0
"2022-04-01 08:09:07";0
"2022-04-01 08:09:18";0
"2022-04-01 08:09:30";0
"2022-04-01 08:09:41";0
"2022-04-01 08:09:53";0
"2022-04-01 08:10:04";0
"2022-04-01 08:10:16";0
"2022-04-01 08:10:28";0
"2022-04-01 08:10:39";0
"2022-04-01 08:10:51";0
"2022-04-01 08:11:02";0
"2022-04-01 08:11:14";0
"2022-04-01 08:11:25";0
"2022-04-01 08:11:37";0
"2022-04-01 08:11:48";0
"2022-04-01 08:12:00";0
"2022-04-01 08:12:12";0
"2022-04-01 08:12:23";0
"2022-04-01 08:12:35";0
"2022-04-01 08:12:46";0
"2022-04-01 08:12:58";0
"2022-04-01 08:13:09";0
"2022-04-01 08:13:21";0
"2022-04-01 08:13:32";0
"2022-04-01 08:13:44";0
"2022-04-01 08:13:56";0
"2022-04-01 08:14:07";0
"2022-04-01 08:14:19";0
"2022-04-01 08:14:30";0
"2022-04-01 08:14:42";0
"2022-04-01 08:14:53";0
"2022-04-01 08:15:05";0
"2022-04-01 08:15:16";0
"2022-04-01 08:15:28";0
"2022-04-01 08:15:39";0
"2022-04-01 08:15:51";0
"2022-04-01 08:16:03";0
"2022-04-01 08:16:14";0
"2022-04-01 08:16:26";0
"2022-04-01 08:16:37";0
"2022-04-01 08:16:49";0
"2022-04-01 08:17:00";0
"2022-04-01 08:17:12";0
"2022-04-01 08:17:23";0
"2022-04-01 08:17:35";0
"2022-04-01 08:17:47";0
"2022-04-01 08:17:58";0
"2022-04-01 08:18:10";0
"2022-04-01 08:18:21";0
"2022-04-01 08:18:33";0
"2022-04-01 08:18:45";0
"2022-04-01 08:18:56";0
"2022-04-01 08:19:08";0
"2022-04-01 08:19:19";0
"2022-04-01 08:19:31";0
"2022-04-01 08:19:43";0
"2022-04-01 08:19:54";0
"2022-04-01 08:20:05";0
"2022-04-01 08:20:17";0
"2022-04-01 08:20:29";0
"2022-04-01 08:20:40";0
"2022-04-01 08:20:52";0
"2022-04-01 08:21:03";0
"2022-04-01 08:21:15";0
"2022-04-01 08:21:26";0
"2022-04-01 08:21:38";0
"2022-04-01 08:21:50";0
"2022-04-01 08:22:02";0
"2022-04-01 08:22:13";0
"2022-04-01 08:22:24";0
"2022-04-01 08:22:36";0
"2022-04-01 08:22:48";0
"2022-04-01 08:22:59";0
"2022-04-01 08:23:11";0
"2022-04-01 08:23:22";0
"2022-04-01 08:23:34";0
"2022-04-01 08:23:45";0
"2022-04-01 08:23:57";0
"2022-04-01 08:24:09";0
"2022-04-01 08:24:20";0
"2022-04-01 08:24:32";0
"2022-04-01 08:24:43";0
"2022-04-01 08:24:55";0
"2022-04-01 08:25:06";0
"2022-04-01 08:25:18";0
"2022-04-01 08:25:30";0
"2022-04-01 08:25:41";0
"2022-04-01 08:25:53";0
"2022-04-01 08:26:04";0
"2022-04-01 08:26:16";0
"2022-04-01 08:26:27";0
"2022-04-01 08:26:39";0
"2022-04-01 08:26:51";0
"2022-04-01 08:27:02";0
"2022-04-01 08:27:14";0
"2022-04-01 08:27:25";0
"2022-04-01 08:27:37";0
"2022-04-01 08:27:48";0
"2022-04-01 08:28:00";0
"2022-04-01 08:28:11";0
"2022-04-01 08:28:23";0
"2022-04-01 08:28:34";0
"2022-04-01 08:28:46";0
"2022-04-01 08:28:58";0
"2022-04-01 08:29:09";0
"2022-04-01 08:29:21";0
"2022-04-01 08:29:32";0
"2022-04-01 08:29:44";0
"2022-04-01 08:29:56";0
"2022-04-01 08:30:07";0
"2022-04-01 08:30:19";0
"2022-04-01 08:30:30";0
"2022-04-01 08:30:42";0
"2022-04-01 08:30:53";0
"2022-04-01 08:31:05";0
"2022-04-01 08:31:17";0
"2022-04-01 08:31:28";0
"2022-04-01 08:31:40";0
"2022-04-01 08:31:51";0
"2022-04-01 08:32:03";0
"2022-04-01 08:32:15";0
"2022-04-01 08:32:26";0
"2022-04-01 08:32:38";0
"2022-04-01 08:32:49";0
"2022-04-01 08:33:01";0
"2022-04-01 08:33:12";0
"2022-04-01 08:33:24";0
"2022-04-01 08:33:35";0
"2022-04-01 08:33:46";0
"2022-04-01 08:33:58";0
"2022-04-01 08:35:08";0
"2022-04-01 08:35:19";0
"2022-04-01 08:35:31";0
"2022-04-01 08:35:42";0
"2022-04-01 08:35:53";0
"2022-04-01 08:36:05";0
"2022-04-01 08:36:17";0
"2022-04-01 08:36:28";0
"2022-04-01 08:36:40";0
"2022-04-01 08:36:51";0
"2022-04-01 08:37:03";0
"2022-04-01 08:37:15";0
"2022-04-01 08:37:26";0
"2022-04-01 08:37:38";0
"2022-04-01 08:37:49";0
"2022-04-01 08:38:01";0
"2022-04-01 08:38:12";0
"2022-04-01 08:38:24";0
"2022-04-01 08:38:35";0
"2022-04-01 08:38:47";0
"2022-04-01 08:38:58";0
"2022-04-01 08:39:56";0
"2022-04-01 08:40:08";0
"2022-04-01 08:40:19";0
"2022-04-01 08:40:31";0
"2022-04-01 08:40:42";0
"2022-04-01 08:40:54";0
"2022-04-01 08:41:05";0
"2022-04-01 08:41:17";0
"2022-04-01 08:41:28";0
"2022-04-01 08:41:40";0
"2022-04-01 08:41:51";0
"2022-04-01 08:42:03";0
"2022-04-01 08:42:15";0
"2022-04-01 08:42:26";0
"2022-04-01 08:42:38";0
"2022-04-01 08:42:49";0
"2022-04-01 08:43:01";0
"2022-04-01 08:43:12";0
"2022-04-01 08:43:24";0
"2022-04-01 08:43:36";0
"2022-04-01 08:43:47";0
"2022-04-01 08:43:58";0
"2022-04-01 08:44:10";0
"2022-04-01 08:44:22";0
"2022-04-01 08:44:33";0
"2022-04-01 08:44:45";0
"2022-04-01 08:44:57";0
"2022-04-01 08:45:08";0
"2022-04-01 08:45:19";0
"2022-04-01 08:45:31";0
"2022-04-01 08:45:43";0
"2022-04-01 08:45:55";0
"2022-04-01 08:46:06";0
"2022-04-01 08:47:04";0
"2022-04-01 08:47:15";0
"2022-04-01 08:47:27";0
"2022-04-01 08:47:38";0
"2022-04-01 08:47:50";0
"2022-04-01 08:48:02";0
"2022-04-01 08:48:13";0
"2022-04-01 08:48:24";0
"2022-04-01 08:48:36";0
"2022-04-01 08:48:48";0
"2022-04-01 08:48:59";0
"2022-04-01 08:49:11";0
"2022-04-01 08:49:22";0
"2022-04-01 08:49:34";0
"2022-04-01 08:49:45";0
"2022-04-01 08:49:57";0
"2022-04-01 08:50:09";0
"2022-04-01 08:51:06";0
"2022-04-01 08:51:18";0
"2022-04-01 08:51:29";0
"2022-04-01 08:51:41";0
"2022-04-01 08:51:53";0
"2022-04-01 08:52:04";0
"2022-04-01 08:52:16";0
"2022-04-01 08:52:27";0
"2022-04-01 08:52:39";0
"2022-04-01 08:52:50";0
"2022-04-01 08:53:02";0
"2022-04-01 08:53:14";0
"2022-04-01 08:53:25";0
"2022-04-01 08:53:37";0
"2022-04-01 08:53:48";0
"2022-04-01 08:54:00";0
"2022-04-01 08:54:11";0
"2022-04-01 08:54:23";0
"2022-04-01 08:54:35";0
"2022-04-01 08:54:46";0
"2022-04-01 08:54:58";0
"2022-04-01 08:55:09";0
"2022-04-01 08:55:21";0
"2022-04-01 08:55:33";0
"2022-04-01 08:55:44";0
"2022-04-01 08:55:56";0
"2022-04-01 08:56:07";0
"2022-04-01 08:56:19";0
"2022-04-01 08:56:30";0
"2022-04-01 08:56:42";0
"2022-04-01 08:56:54";0
"2022-04-01 08:57:05";0
"2022-04-01 08:57:16";0
"2022-04-01 08:57:28";0
"2022-04-01 08:57:40";0
"2022-04-01 08:57:51";0
"2022-04-01 08:58:03";0
"2022-04-01 08:58:14";0
"2022-04-01 08:58:26";0
"2022-04-01 08:58:37";0
"2022-04-01 08:58:49";0
"2022-04-01 08:59:01";0
"2022-04-01 08:59:12";0
"2022-04-01 08:59:24";0
"2022-04-01 08:59:35";0
"2022-04-01 08:59:47";0
"2022-04-01 08:59:58";0
"2022-04-01 09:00:10";0
"2022-04-01 09:00:21";0
"2022-04-01 09:00:33";0
"2022-04-01 09:00:44";0
"2022-04-01 09:00:56";0
"2022-04-01 09:01:08";0
"2022-04-01 09:01:19";0
"2022-04-01 09:01:31";0
"2022-04-01 09:01:42";0
"2022-04-01 09:01:54";0
"2022-04-01 09:02:06";0
"2022-04-01 09:02:17";0
"2022-04-01 09:02:28";0
"2022-04-01 09:02:40";0
"2022-04-01 09:02:52";0
"2022-04-01 09:03:03";0
"2022-04-01 09:03:15";0
"2022-04-01 09:03:26";0
"2022-04-01 09:03:40";0
"2022-04-01 09:03:50";0
"2022-04-01 09:04:01";0
"2022-04-01 09:04:13";0
"2022-04-01 09:04:24";0
"2022-04-01 09:04:36";0
"2022-04-01 09:04:47";0
"2022-04-01 09:04:59";0
"2022-04-01 09:05:11";0
"2022-04-01 09:05:22";0
"2022-04-01 09:05:34";0
"2022-04-01 09:05:46";0
"2022-04-01 09:05:57";0
"2022-04-01 09:06:09";0
"2022-04-01 09:06:20";0
"2022-04-01 09:06:32";0
"2022-04-01 09:06:43";0
"2022-04-01 09:06:55";0
"2022-04-01 09:07:06";0
"2022-04-01 09:07:18";0
"2022-04-01 09:07:29";0
"2022-04-01 09:07:41";0
"2022-04-01 09:07:52";0
"2022-04-01 09:08:04";0
"2022-04-01 09:08:15";0
"2022-04-01 09:08:27";0
"2022-04-01 09:08:39";0
"2022-04-01 09:08:50";0
"2022-04-01 09:09:13";0
"2022-04-01 09:09:25";0
"2022-04-01 09:09:36";0
"2022-04-01 09:09:48";0
"2022-04-01 09:10:00";0
"2022-04-01 09:10:11";0
"2022-04-01 09:10:23";0
"2022-04-01 09:10:34";0
"2022-04-01 09:10:46";0
"2022-04-01 09:10:57";0
"2022-04-01 09:11:09";0
"2022-04-01 09:11:21";0
"2022-04-01 09:11:32";0
"2022-04-01 09:11:43";0
"2022-04-01 09:11:55";0
"2022-04-01 09:12:07";0
"2022-04-01 09:12:18";0
"2022-04-01 09:12:30";0
"2022-04-01 09:12:41";0
"2022-04-01 09:12:53";0
"2022-04-01 09:14:02";0
"2022-04-01 09:14:14";0
"2022-04-01 09:14:25";0
"2022-04-01 09:14:37";0
"2022-04-01 09:14:48";0
"2022-04-01 09:15:00";0
"2022-04-01 09:15:11";0
"2022-04-01 09:15:23";0
"2022-04-01 09:15:34";0
"2022-04-01 09:15:46";0
"2022-04-01 09:15:58";0
"2022-04-01 09:16:09";0
"2022-04-01 09:17:07";0
"2022-04-01 09:17:19";0
"2022-04-01 09:17:30";0
"2022-04-01 09:17:42";0
"2022-04-01 09:17:53";0
"2022-04-01 09:18:05";0
"2022-04-01 09:18:16";0
"2022-04-01 09:18:28";0
"2022-04-01 09:18:39";0
"2022-04-01 09:18:51";0
"2022-04-01 09:19:02";0
"2022-04-01 09:19:14";0
"2022-04-01 09:19:25";0
"2022-04-01 09:19:37";0
"2022-04-01 09:19:49";0
"2022-04-01 09:20:00";0
"2022-04-01 09:20:12";0
"2022-04-01 09:20:23";0
"2022-04-01 09:20:35";0
"2022-04-01 09:20:46";0
"2022-04-01 09:20:58";0
"2022-04-01 09:21:10";0
"2022-04-01 09:21:21";0
"2022-04-01 09:21:33";0
"2022-04-01 09:21:44";0
"2022-04-01 09:21:56";0
"2022-04-01 09:22:07";0
"2022-04-01 09:22:19";0
"2022-04-01 09:22:30";0
"2022-04-01 09:22:42";0
"2022-04-01 09:22:54";0
"2022-04-01 09:23:05";0
"2022-04-01 09:23:17";0
"2022-04-01 09:23:28";0
"2022-04-01 09:23:40";0
"2022-04-01 09:23:51";0
"2022-04-01 09:24:03";0
"2022-04-01 09:24:15";0
"2022-04-01 09:24:26";0
"2022-04-01 09:24:38";0
"2022-04-01 09:24:49";0
"2022-04-01 09:25:01";0
"2022-04-01 09:25:12";0
"2022-04-01 09:25:24";0
"2022-04-01 09:25:35";0
"2022-04-01 09:25:47";0
"2022-04-01 09:25:59";0
"2022-04-01 09:26:10";0
"2022-04-01 09:26:22";0
"2022-04-01 09:26:33";0
"2022-04-01 09:26:44";0
"2022-04-01 09:26:56";0
"2022-04-01 09:27:08";0
"2022-04-01 09:27:19";0
"2022-04-01 09:27:31";0
"2022-04-01 09:27:43";0
"2022-04-01 09:27:54";0
"2022-04-01 09:28:06";0
"2022-04-01 09:28:17";0
"2022-04-01 09:28:29";0
"2022-04-01 09:28:40";0
"2022-04-01 09:28:52";0
"2022-04-01 09:29:03";0
"2022-04-01 09:29:15";0
"2022-04-01 09:29:26";0
"2022-04-01 09:29:38";0
"2022-04-01 09:29:49";0
"2022-04-01 09:30:01";0
"2022-04-01 09:30:13";0
"2022-04-01 09:30:24";0
"2022-04-01 09:30:36";0
"2022-04-01 09:30:47";0
"2022-04-01 09:30:59";0
"2022-04-01 09:31:11";0
"2022-04-01 09:31:22";0
"2022-04-01 09:31:34";0
"2022-04-01 09:31:45";0
"2022-04-01 09:31:57";0
"2022-04-01 09:32:08";0
"2022-04-01 09:32:20";0
"2022-04-01 09:32:31";0
"2022-04-01 09:32:43";0
"2022-04-01 09:32:55";0
"2022-04-01 09:33:06";0
"2022-04-01 09:33:17";0
"2022-04-01 09:33:29";0
"2022-04-01 09:33:41";0
"2022-04-01 09:33:52";0
"2022-04-01 09:34:04";0
"2022-04-01 09:34:15";0
"2022-04-01 09:34:27";0
"2022-04-01 09:34:38";0
"2022-04-01 09:34:50";0
"2022-04-01 09:35:02";0
"2022-04-01 09:35:13";0
"2022-04-01 09:35:25";0
"2022-04-01 09:35:36";0
"2022-04-01 09:35:48";0
"2022-04-01 09:35:59";0
"2022-04-01 09:36:11";0
"2022-04-01 09:36:22";0
"2022-04-01 09:36:34";0
"2022-04-01 09:36:46";0
"2022-04-01 09:36:57";0
"2022-04-01 09:37:09";0
"2022-04-01 09:38:18";0
"2022-04-01 09:38:30";0
"2022-04-01 09:38:41";0
"2022-04-01 09:38:53";0
"2022-04-01 09:39:04";0
"2022-04-01 09:39:16";0
"2022-04-01 09:39:27";0
"2022-04-01 09:39:39";0
"2022-04-01 09:39:50";0
"2022-04-01 09:40:02";0
"2022-04-01 09:40:14";0
"2022-04-01 09:40:25";0
"2022-04-01 09:40:37";0
"2022-04-01 09:40:48";0
"2022-04-01 09:41:00";0
"2022-04-01 09:41:12";0
"2022-04-01 09:41:23";0
"2022-04-01 09:41:34";0
"2022-04-01 09:41:46";0
"2022-04-01 09:41:58";0
"2022-04-01 09:42:09";0
"2022-04-01 09:42:21";0
"2022-04-01 09:42:32";0
"2022-04-01 09:42:44";0
"2022-04-01 09:42:55";0
"2022-04-01 09:43:07";0
"2022-04-01 09:43:19";0
"2022-04-01 09:43:30";0
"2022-04-01 09:43:42";0
"2022-04-01 09:43:53";0
"2022-04-01 09:44:05";0
"2022-04-01 09:44:16";0
"2022-04-01 09:44:28";0
"2022-04-01 09:45:25";0
"2022-04-01 09:45:37";0
"2022-04-01 09:45:49";0
"2022-04-01 09:46:00";0
"2022-04-01 09:46:12";0
"2022-04-01 09:46:24";0
"2022-04-01 09:46:35";0
"2022-04-01 09:46:46";0
"2022-04-01 09:46:58";0
"2022-04-01 09:47:10";0
"2022-04-01 09:47:21";0
"2022-04-01 09:47:33";0
"2022-04-01 09:47:44";0
"2022-04-01 09:47:56";0
"2022-04-01 09:48:07";0
"2022-04-01 09:48:19";0
"2022-04-01 09:48:31";0
"2022-04-01 09:48:42";0
"2022-04-01 09:48:54";0
"2022-04-01 09:49:05";0
"2022-04-01 09:49:17";0
"2022-04-01 09:49:28";0
"2022-04-01 09:49:40";0
"2022-04-01 09:49:52";0
"2022-04-01 09:50:49";0
"2022-04-01 09:51:01";0
"2022-04-01 09:51:12";0
"2022-04-01 09:51:24";0
"2022-04-01 09:51:36";0
"2022-04-01 09:51:47";0
"2022-04-01 09:51:59";0
"2022-04-01 09:52:10";0
"2022-04-01 09:52:22";0
"2022-04-01 09:52:33";0
"2022-04-01 09:52:45";0
"2022-04-01 09:52:57";0
"2022-04-01 09:53:08";0
"2022-04-01 09:54:18";0
"2022-04-01 09:54:29";0
"2022-04-01 09:54:41";0
"2022-04-01 09:54:52";0
"2022-04-01 09:55:04";0
"2022-04-01 09:55:15";0
"2022-04-01 09:55:27";0
"2022-04-01 09:55:38";0
"2022-04-01 09:55:50";0
"2022-04-01 09:56:01";0
"2022-04-01 09:56:13";0
"2022-04-01 09:56:24";0
"2022-04-01 09:56:36";0
"2022-04-01 09:56:48";0
"2022-04-01 09:56:59";0
"2022-04-01 09:57:11";0
"2022-04-01 09:57:22";0
"2022-04-01 09:57:34";0
"2022-04-01 09:57:45";0
"2022-04-01 09:57:57";0
"2022-04-01 09:58:08";0
"2022-04-01 09:58:20";0
"2022-04-01 09:58:32";0
"2022-04-01 09:58:43";0
"2022-04-01 09:58:55";0
"2022-04-01 09:59:06";0
"2022-04-01 09:59:18";0
"2022-04-01 09:59:30";0
"2022-04-01 09:59:41";0
"2022-04-01 10:00:39";0
"2022-04-01 10:00:50";0
"2022-04-01 10:01:02";0
"2022-04-01 10:01:14";0
"2022-04-01 10:01:25";0
"2022-04-01 10:01:37";0
"2022-04-01 10:01:48";0
"2022-04-01 10:02:00";0
"2022-04-01 10:02:11";0
"2022-04-01 10:02:23";0
"2022-04-01 10:02:35";0
"2022-04-01 10:02:46";0
"2022-04-01 10:02:58";0
"2022-04-01 10:03:09";0
"2022-04-01 10:03:21";0
"2022-04-01 10:03:33";0
"2022-04-01 10:03:44";0
"2022-04-01 10:03:56";0
"2022-04-01 10:04:07";0
"2022-04-01 10:04:19";0
"2022-04-01 10:04:30";0
"2022-04-01 10:04:42";0
"2022-04-01 10:04:53";0
"2022-04-01 10:05:05";0
"2022-04-01 10:05:17";0
"2022-04-01 10:05:28";0
"2022-04-01 10:05:40";0
"2022-04-01 10:05:51";0
"2022-04-01 10:06:03";0
"2022-04-01 10:06:15";0
"2022-04-01 10:06:26";0
"2022-04-01 10:06:38";0
"2022-04-01 10:06:49";0
"2022-04-01 10:07:01";0
"2022-04-01 10:07:12";0
"2022-04-01 10:07:24";0
"2022-04-01 10:07:35";0
"2022-04-01 10:07:47";0
"2022-04-01 10:07:59";0
"2022-04-01 10:08:10";0
"2022-04-01 10:08:22";0
"2022-04-01 10:08:33";0
"2022-04-01 10:08:45";0
"2022-04-01 10:08:56";0
"2022-04-01 10:09:08";0
"2022-04-01 10:09:20";0
"2022-04-01 10:09:31";0
"2022-04-01 10:09:43";0
"2022-04-01 10:09:54";0
"2022-04-01 10:10:05";0
"2022-04-01 10:10:17";0
"2022-04-01 10:10:29";0
"2022-04-01 10:10:40";0
"2022-04-01 10:11:38";0
"2022-04-01 10:11:50";0
"2022-04-01 10:12:01";0
"2022-04-01 10:12:13";0
"2022-04-01 10:12:24";0
"2022-04-01 10:12:36";0
"2022-04-01 10:12:47";0
"2022-04-01 10:12:59";0
"2022-04-01 10:13:11";0
"2022-04-01 10:13:22";0
"2022-04-01 10:13:34";0
"2022-04-01 10:13:45";0
"2022-04-01 10:13:57";0
"2022-04-01 10:14:09";0
"2022-04-01 10:14:20";0
"2022-04-01 10:14:32";0
"2022-04-01 10:14:43";0
"2022-04-01 10:14:55";0
"2022-04-01 10:15:06";0
"2022-04-01 10:15:18";0
"2022-04-01 10:15:29";0
"2022-04-01 10:15:41";0
"2022-04-01 10:15:52";0
"2022-04-01 10:16:04";0
"2022-04-01 10:16:16";0
"2022-04-01 10:16:27";0
"2022-04-01 10:16:39";0
"2022-04-01 10:16:50";0
"2022-04-01 10:17:02";0
"2022-04-01 10:17:13";0
"2022-04-01 10:17:25";0
"2022-04-01 10:17:36";0
"2022-04-01 10:17:48";0
"2022-04-01 10:18:00";0
"2022-04-01 10:18:11";0
"2022-04-01 10:18:23";0
"2022-04-01 10:18:34";0
"2022-04-01 10:18:46";0
"2022-04-01 10:18:58";0
"2022-04-01 10:20:07";0
"2022-04-01 10:20:19";0
"2022-04-01 10:20:30";0
"2022-04-01 10:20:42";0
"2022-04-01 10:20:53";0
"2022-04-01 10:21:05";0
"2022-04-01 10:21:16";0
"2022-04-01 10:21:28";0
"2022-04-01 10:21:39";0
"2022-04-01 10:21:51";0
"2022-04-01 10:22:02";0
"2022-04-01 10:22:14";0
"2022-04-01 10:22:26";0
"2022-04-01 10:22:37";0
"2022-04-01 10:22:49";0
"2022-04-01 10:23:46";0
"2022-04-01 10:23:58";0
"2022-04-01 10:24:10";0
"2022-04-01 10:24:21";0
"2022-04-01 10:24:33";0
"2022-04-01 10:24:44";0
"2022-04-01 10:24:55";0
"2022-04-01 10:25:07";0
"2022-04-01 10:25:19";0
"2022-04-01 10:25:30";0
"2022-04-01 10:25:42";0
"2022-04-01 10:25:54";0
"2022-04-01 10:26:05";0
"2022-04-01 10:26:17";0
"2022-04-01 10:26:28";0
"2022-04-01 10:26:40";0
"2022-04-01 10:26:51";0
"2022-04-01 10:27:03";0
"2022-04-01 10:27:15";0
"2022-04-01 10:27:26";0
"2022-04-01 10:27:38";0
"2022-04-01 10:27:49";0
"2022-04-01 10:28:01";0
"2022-04-01 10:28:13";0
"2022-04-01 10:28:24";0
"2022-04-01 10:28:36";0
"2022-04-01 10:28:47";0
"2022-04-01 10:28:59";0
"2022-04-01 10:29:10";0
"2022-04-01 10:29:22";0
"2022-04-01 10:29:34";0
"2022-04-01 10:29:45";0
"2022-04-01 10:29:57";0
"2022-04-01 10:30:08";0
"2022-04-01 10:30:20";0
"2022-04-01 10:30:32";0
"2022-04-01 10:30:43";0
"2022-04-01 10:30:55";0
"2022-04-01 10:31:06";0
"2022-04-01 10:31:18";0
"2022-04-01 10:31:29";0
"2022-04-01 10:31:41";0
"2022-04-01 10:31:53";0
"2022-04-01 10:32:04";0
"2022-04-01 10:32:16";0
"2022-04-01 10:32:28";0
"2022-04-01 10:32:39";0
"2022-04-01 10:32:50";0
"2022-04-01 10:33:02";0
"2022-04-01 10:33:14";0
"2022-04-01 10:33:25";0
"2022-04-01 10:33:37";0
"2022-04-01 10:33:48";0
"2022-04-01 10:34:00";0
"2022-04-01 10:34:12";0
"2022-04-01 10:34:23";0
"2022-04-01 10:34:35";0
"2022-04-01 10:34:46";0
"2022-04-01 10:34:58";0
"2022-04-01 10:35:09";0
"2022-04-01 10:35:21";0
"2022-04-01 10:35:32";0
"2022-04-01 10:35:44";0
"2022-04-01 10:35:56";0
"2022-04-01 10:36:07";0
"2022-04-01 10:36:19";0
"2022-04-01 10:36:30";0
"2022-04-01 10:36:42";0
"2022-04-01 10:36:53";0
"2022-04-01 10:37:05";0
"2022-04-01 10:37:17";0
"2022-04-01 10:37:28";0
"2022-04-01 10:37:40";0
"2022-04-01 10:37:51";0
"2022-04-01 10:38:03";1
"2022-04-01 10:38:14";1
"2022-04-01 10:38:26";1
"2022-04-01 10:38:37";1
"2022-04-01 10:38:49";1
"2022-04-01 10:39:00";1
"2022-04-01 10:39:12";1
"2022-04-01 10:39:24";1
"2022-04-01 10:39:35";1
"2022-04-01 10:39:47";1
"2022-04-01 10:39:58";1
"2022-04-01 10:40:10";1
"2022-04-01 10:40:21";1
"2022-04-01 10:40:33";1
"2022-04-01 10:40:45";1
"2022-04-01 10:40:56";1
"2022-04-01 10:41:08";1
"2022-04-01 10:41:19";1
"2022-04-01 10:41:31";1
"2022-04-01 10:41:43";1
"2022-04-01 10:41:54";1
"2022-04-01 10:42:06";1
"2022-04-01 10:42:17";1
"2022-04-01 10:42:29";1
"2022-04-01 10:42:40";1
"2022-04-01 10:42:52";1
"2022-04-01 10:43:03";1
"2022-04-01 10:43:15";1
"2022-04-01 10:43:27";1
"2022-04-01 10:43:38";1
"2022-04-01 10:43:50";1
"2022-04-01 10:44:02";1
"2022-04-01 10:44:13";1
"2022-04-01 10:44:25";1
"2022-04-01 10:44:36";1
"2022-04-01 10:44:48";1
"2022-04-01 10:44:59";1
"2022-04-01 10:45:11";1
"2022-04-01 10:45:22";1
"2022-04-01 10:45:34";1
"2022-04-01 10:45:46";1
"2022-04-01 10:45:57";1
"2022-04-01 10:46:09";1
"2022-04-01 10:46:20";1
"2022-04-01 10:46:32";1
"2022-04-01 10:46:43";1
"2022-04-01 10:46:55";1
"2022-04-01 10:47:06";1
"2022-04-01 10:47:18";1
"2022-04-01 10:47:23";1